res i,res j,rot A_i,rot B_j,E_ij
1,2,1,1,-0.07354004681110382
1,2,1,2,0.12551334500312805
1,2,1,3,-0.3142282962799072
1,2,1,4,-0.4125767946243286
1,2,1,5,-0.2903476059436798
1,2,1,6,0.007298320531845093
1,2,1,7,-0.3450368046760559
1,2,1,8,-0.38304272294044495
1,2,1,9,-0.31057989597320557
1,2,1,10,-0.5967925786972046
1,2,2,1,-0.021646734327077866
1,2,2,2,0.17703402042388916
1,2,2,3,-0.26270610094070435
1,2,2,4,-0.36105459928512573
1,2,2,5,-0.23882541060447693
1,2,2,6,0.05882127583026886
1,2,2,7,-0.293514609336853
1,2,2,8,-0.3314319849014282
1,2,2,9,-0.2589690685272217
1,2,2,10,-0.5451865196228027
1,2,3,1,-0.024370301514863968
1,2,3,2,0.17431046068668365
1,2,3,3,-0.26542967557907104
1,2,3,4,-0.36377817392349243
1,2,3,5,-0.24154898524284363
1,2,3,6,0.05609770119190216
1,2,3,7,-0.2962381839752197
1,2,3,8,-0.3341555595397949
1,2,3,9,-0.2616926431655884
1,2,3,10,-0.5479101538658142
1,2,4,1,-0.018929526209831238
1,2,4,2,0.1797512322664261
1,2,4,3,-0.2599889039993286
1,2,4,4,-0.35833740234375
1,2,4,5,-0.2361082136631012
1,2,4,6,0.06153847277164459
1,2,4,7,-0.2907974123954773
1,2,4,8,-0.3287147581577301
1,2,4,9,-0.25625187158584595
1,2,4,10,-0.542469322681427
1,2,5,1,-0.038578398525714874
1,2,5,2,0.1606217920780182
1,2,5,3,-0.2791197896003723
1,2,5,4,-0.3774682283401489
1,2,5,5,-0.2552444636821747
1,2,5,6,0.04240228235721588
1,2,5,7,-0.3099336624145508
1,2,5,8,-0.34996655583381653
1,2,5,9,-0.27550041675567627
1,2,5,10,-0.566949725151062
1,2,6,1,-0.05316708981990814
1,2,6,2,0.1467108130455017
1,2,6,3,-0.2930307686328888
1,2,6,4,-0.3913792371749878
1,2,6,5,-0.2691500782966614
1,2,6,6,0.028496652841567993
1,2,6,7,-0.3238392770290375
1,2,6,8,-0.36209774017333984
1,2,6,9,-0.289619505405426
1,2,6,10,-0.5757900476455688
1,2,7,1,0.01970955729484558
1,2,7,2,0.21985068917274475
1,2,7,3,-0.21989095211029053
1,2,7,4,-0.3182394206523895
1,2,7,5,-0.1960102617740631
1,2,7,6,0.10163648426532745
1,2,7,7,-0.2506994605064392
1,2,7,8,-0.28898826241493225
1,2,7,9,-0.2165253907442093
1,2,7,10,-0.5026559829711914
1,2,8,1,-0.06990069150924683
1,2,8,2,0.12922415137290955
1,2,8,3,-0.310515820980072
1,2,8,4,-0.4088643193244934
1,2,8,5,-0.2866351306438446
1,2,8,6,0.01101161539554596
1,2,8,7,-0.3413243293762207
1,2,8,8,-0.37937095761299133
1,2,8,9,-0.3069079518318176
1,2,8,10,-0.5931363105773926
1,2,9,1,-0.015611529350280762
1,2,9,2,0.18291348218917847
1,2,9,3,-0.2568264603614807
1,2,9,4,-0.3551749587059021
1,2,9,5,-0.2329452484846115
1,2,9,6,0.06470146775245667
1,2,9,7,-0.2876344323158264
1,2,9,8,-0.3254818320274353
1,2,9,9,-0.2530187964439392
1,2,9,10,-0.5392471551895142
1,2,10,1,-0.002566292881965637
1,2,10,2,0.19655853509902954
1,2,10,3,-0.24318143725395203
1,2,10,4,-0.341529905796051
1,2,10,5,-0.2193007469177246
1,2,10,6,0.07834599912166595
1,2,10,7,-0.2739899456501007
1,2,10,8,-0.31203657388687134
1,2,10,9,-0.23957355320453644
1,2,10,10,-0.5258018970489502
1,3,1,1,0.4938226342201233
1,3,1,2,0.5948476195335388
1,3,1,3,0.544996440410614
1,3,1,4,0.544996440410614
1,3,1,5,-0.10217466950416565
1,3,1,6,0.05104056000709534
1,3,1,7,0.008226990699768066
1,3,1,8,0.6159729361534119
1,3,1,9,0.6153088212013245
1,3,1,10,0.6201184391975403
1,3,2,1,0.5544271469116211
1,3,2,2,0.6555997729301453
1,3,2,3,0.6057484745979309
1,3,2,4,0.6057484745979309
1,3,2,5,0.03483791649341583
1,3,2,6,0.21839141845703125
1,3,2,7,0.14294908940792084
1,3,2,8,0.6768132448196411
1,3,2,9,0.6761490702629089
1,3,2,10,0.6809587478637695
1,3,3,1,0.5544266104698181
1,3,3,2,0.6555986404418945
1,3,3,3,0.6057473421096802
1,3,3,4,0.6057473421096802
1,3,3,5,0.033995673060417175
1,3,3,6,0.24430294334888458
1,3,3,7,0.14210684597492218
1,3,3,8,0.676811695098877
1,3,3,9,0.6761475205421448
1,3,3,10,0.6809571981430054
1,3,4,1,0.5544271469116211
1,3,4,2,0.6555997729301453
1,3,4,3,0.6057484745979309
1,3,4,4,0.6057484745979309
1,3,4,5,0.03483791649341583
1,3,4,6,0.21839135885238647
1,3,4,7,0.14294908940792084
1,3,4,8,0.6768132448196411
1,3,4,9,0.6761490702629089
1,3,4,10,0.6809587478637695
1,3,5,1,0.5379941463470459
1,3,5,2,0.6391812562942505
1,3,5,3,0.5893300175666809
1,3,5,4,0.5893300175666809
1,3,5,5,0.016637519001960754
1,3,5,6,0.22449550032615662
1,3,5,7,0.12570610642433167
1,3,5,8,0.6603924632072449
1,3,5,9,0.6597282886505127
1,3,5,10,0.6645379066467285
1,3,6,1,0.555221676826477
1,3,6,2,0.6564106941223145
1,3,6,3,0.6065594553947449
1,3,6,4,0.6065594553947449
1,3,6,5,0.03375822305679321
1,3,6,6,0.2237320840358734
1,3,6,7,0.14332205057144165
1,3,6,8,0.6776213049888611
1,3,6,9,0.6769571304321289
1,3,6,10,0.6817667484283447
1,3,7,1,0.555221676826477
1,3,7,2,0.6564106941223145
1,3,7,3,0.6065594553947449
1,3,7,4,0.6065594553947449
1,3,7,5,0.03375822305679321
1,3,7,6,0.22373205423355103
1,3,7,7,0.14332205057144165
1,3,7,8,0.6776213049888611
1,3,7,9,0.6769571304321289
1,3,7,10,0.6817667484283447
1,3,8,1,0.19020119309425354
1,3,8,2,0.3569914400577545
1,3,8,3,0.3054340183734894
1,3,8,4,0.3054339587688446
1,3,8,5,-0.8893988132476807
1,3,8,6,-0.7076919078826904
1,3,8,7,-0.6923713684082031
1,3,8,8,0.37196436524391174
1,3,8,9,0.37126290798187256
1,3,8,10,0.3761177062988281
1,3,9,1,0.2707490921020508
1,3,9,2,0.45789390802383423
1,3,9,3,0.40567290782928467
1,3,9,4,0.40567290782928467
1,3,9,5,-0.7432074546813965
1,3,9,6,-0.6280232667922974
1,3,9,7,-0.631177544593811
1,3,9,8,0.4536097049713135
1,3,9,9,0.45294177532196045
1,3,9,10,0.4577551782131195
1,3,10,1,0.1302461475133896
1,3,10,2,0.2849159240722656
1,3,10,3,0.23514151573181152
1,3,10,4,0.23514151573181152
1,3,10,5,-0.8169177770614624
1,3,10,6,-0.767687201499939
1,3,10,7,-0.627586841583252
1,3,10,8,0.30618906021118164
1,3,10,9,0.3055248558521271
1,3,10,10,0.3103345036506653
1,4,1,1,-1.180773138999939
1,4,1,2,-1.1775745153427124
1,4,1,3,-1.177614688873291
1,4,1,4,-1.1776034832000732
1,4,1,5,-1.2669620513916016
1,4,1,6,-1.1730983257293701
1,4,1,7,-1.1663844585418701
1,4,1,8,-0.9770244359970093
1,4,1,9,-1.0838441848754883
1,4,1,10,-1.0837444067001343
1,4,2,1,-1.0433939695358276
1,4,2,2,-1.0586271286010742
1,4,2,3,-1.0586732625961304
1,4,2,4,-1.058611512184143
1,4,2,5,-1.1484228372573853
1,4,2,6,-1.0551416873931885
1,4,2,7,-1.0481435060501099
1,4,2,8,-0.8524953126907349
1,4,2,9,-0.9641561508178711
1,4,2,10,-0.9640630483627319
1,4,3,1,-1.0434048175811768
1,4,3,2,-1.0586391687393188
1,4,3,3,-1.0586851835250854
1,4,3,4,-1.0586234331130981
1,4,3,5,-1.1484348773956299
1,4,3,6,-1.0551538467407227
1,4,3,7,-1.0481555461883545
1,4,3,8,-0.852510392665863
1,4,3,9,-0.9641648530960083
1,4,3,10,-0.9640717506408691
1,4,4,1,-1.0378153324127197
1,4,4,2,-1.0526585578918457
1,4,4,3,-1.0527045726776123
1,4,4,4,-1.052642822265625
1,4,4,5,-1.1424381732940674
1,4,4,6,-1.0491571426391602
1,4,4,7,-1.042158842086792
1,4,4,8,-0.8455899953842163
1,4,4,9,-0.9576143026351929
1,4,4,10,-0.9575212001800537
1,4,5,1,-1.4310359954833984
1,4,5,2,-1.376511812210083
1,4,5,3,-1.3685580492019653
1,4,5,4,-1.3765380382537842
1,4,5,5,-1.463789463043213
1,4,5,6,-1.3697819709777832
1,4,5,7,-1.3631958961486816
1,4,5,8,-1.1890909671783447
1,4,5,9,-1.302462100982666
1,4,5,10,-1.3040893077850342
1,4,6,1,-1.1021841764450073
1,4,6,2,-1.0724660158157349
1,4,6,3,-1.0728707313537598
1,4,6,4,-1.0724921226501465
1,4,6,5,-1.1623530387878418
1,4,6,6,-1.068171501159668
1,4,6,7,-1.0615854263305664
1,4,6,8,-0.8681633472442627
1,4,6,9,-0.9795448780059814
1,4,6,10,-0.9794500470161438
1,4,7,1,-1.181460976600647
1,4,7,2,-1.1442532539367676
1,4,7,3,-1.1390076875686646
1,4,7,4,-1.14385187625885
1,4,7,5,-1.2328619956970215
1,4,7,6,-1.1386804580688477
1,4,7,7,-1.132094383239746
1,4,7,8,-0.9423267245292664
1,4,7,9,-1.0538809299468994
1,4,7,10,-1.0550622940063477
1,4,8,1,-1.8772928714752197
1,4,8,2,-1.791622281074524
1,4,8,3,-1.7962045669555664
1,4,8,4,-1.8151001930236816
1,4,8,5,-2.199148654937744
1,4,8,6,-2.0263144969940186
1,4,8,7,-2.0710647106170654
1,4,8,8,-1.2123223543167114
1,4,8,9,-1.6151232719421387
1,4,8,10,-1.6361720561981201
1,4,9,1,-1.808775782585144
1,4,9,2,-1.6739745140075684
1,4,9,3,-1.6576404571533203
1,4,9,4,-1.678943157196045
1,4,9,5,-2.063789129257202
1,4,9,6,-1.9415888786315918
1,4,9,7,-1.9768379926681519
1,4,9,8,-1.1364178657531738
1,4,9,9,-1.4858444929122925
1,4,9,10,-1.5175511837005615
1,4,10,1,-1.9448262453079224
1,4,10,2,-1.86508309841156
1,4,10,3,-1.853902816772461
1,4,10,4,-1.849440336227417
1,4,10,5,-2.2721095085144043
1,4,10,6,-2.076091766357422
1,4,10,7,-2.0953445434570312
1,4,10,8,-1.1862261295318604
1,4,10,9,-1.7130794525146484
1,4,10,10,-1.6800079345703125
1,5,1,1,0.0176972895860672
1,5,1,2,0.0176972895860672
1,5,1,3,0.0176972895860672
1,5,1,4,0.0176972895860672
1,5,1,5,0.0176972895860672
1,5,1,6,0.0176972895860672
1,5,1,7,0.0176972895860672
1,5,1,8,0.0176972895860672
1,5,1,9,0.0176972895860672
1,5,1,10,0.0176972895860672
1,5,2,1,0.0176972895860672
1,5,2,2,0.0176972895860672
1,5,2,3,0.0176972895860672
1,5,2,4,0.0176972895860672
1,5,2,5,0.0176972895860672
1,5,2,6,0.0176972895860672
1,5,2,7,0.0176972895860672
1,5,2,8,0.0176972895860672
1,5,2,9,0.0176972895860672
1,5,2,10,0.0176972895860672
1,5,3,1,0.0176972895860672
1,5,3,2,0.0176972895860672
1,5,3,3,0.0176972895860672
1,5,3,4,0.0176972895860672
1,5,3,5,0.0176972895860672
1,5,3,6,0.0176972895860672
1,5,3,7,0.0176972895860672
1,5,3,8,0.0176972895860672
1,5,3,9,0.0176972895860672
1,5,3,10,0.0176972895860672
1,5,4,1,0.0176972895860672
1,5,4,2,0.0176972895860672
1,5,4,3,0.0176972895860672
1,5,4,4,0.0176972895860672
1,5,4,5,0.0176972895860672
1,5,4,6,0.0176972895860672
1,5,4,7,0.0176972895860672
1,5,4,8,0.0176972895860672
1,5,4,9,0.0176972895860672
1,5,4,10,0.0176972895860672
1,5,5,1,0.0133177749812603
1,5,5,2,0.0133177749812603
1,5,5,3,0.0133177749812603
1,5,5,4,0.0133177749812603
1,5,5,5,0.0133177749812603
1,5,5,6,0.0133177749812603
1,5,5,7,0.0133177749812603
1,5,5,8,0.0133177749812603
1,5,5,9,0.0133177749812603
1,5,5,10,0.0133177749812603
1,5,6,1,0.0176972895860672
1,5,6,2,0.0176972895860672
1,5,6,3,0.0176972895860672
1,5,6,4,0.0176972895860672
1,5,6,5,0.0176972895860672
1,5,6,6,0.0176972895860672
1,5,6,7,0.0176972895860672
1,5,6,8,0.0176972895860672
1,5,6,9,0.0176972895860672
1,5,6,10,0.0176972895860672
1,5,7,1,0.0176972895860672
1,5,7,2,0.0176972895860672
1,5,7,3,0.0176972895860672
1,5,7,4,0.0176972895860672
1,5,7,5,0.0176972895860672
1,5,7,6,0.0176972895860672
1,5,7,7,0.0176972895860672
1,5,7,8,0.0176972895860672
1,5,7,9,0.0176972895860672
1,5,7,10,0.0176972895860672
1,5,8,1,0.0176972895860672
1,5,8,2,0.0176972895860672
1,5,8,3,0.0176972895860672
1,5,8,4,0.0176972895860672
1,5,8,5,0.0176972895860672
1,5,8,6,0.0176972895860672
1,5,8,7,0.0176972895860672
1,5,8,8,0.0176972895860672
1,5,8,9,0.0176972895860672
1,5,8,10,0.0176972895860672
1,5,9,1,0.013165973126888275
1,5,9,2,0.013165973126888275
1,5,9,3,0.013165973126888275
1,5,9,4,0.013165973126888275
1,5,9,5,0.013165973126888275
1,5,9,6,0.013165973126888275
1,5,9,7,0.013165973126888275
1,5,9,8,0.013165973126888275
1,5,9,9,0.013165973126888275
1,5,9,10,0.013165973126888275
1,5,10,1,0.0176972895860672
1,5,10,2,0.0176972895860672
1,5,10,3,0.0176972895860672
1,5,10,4,0.0176972895860672
1,5,10,5,0.0176972895860672
1,5,10,6,0.0176972895860672
1,5,10,7,0.0176972895860672
1,5,10,8,0.0176972895860672
1,5,10,9,0.0176972895860672
1,5,10,10,0.0176972895860672
1,6,1,1,-0.20202235877513885
1,6,1,2,-0.4562293589115143
1,6,1,3,-0.37611615657806396
1,6,1,4,-0.36113303899765015
1,6,1,5,-0.6105077266693115
1,6,1,6,-0.7218835353851318
1,6,1,7,-0.6028223037719727
1,6,1,8,-0.32535213232040405
1,6,1,9,0.1883096843957901
1,6,1,10,-0.16487546265125275
1,6,2,1,-0.1837601214647293
1,6,2,2,-0.3836672306060791
1,6,2,3,-0.31715652346611023
1,6,2,4,-0.3144167363643646
1,6,2,5,-0.5659065246582031
1,6,2,6,-0.6425074338912964
1,6,2,7,-0.5523797869682312
1,6,2,8,-0.2433638870716095
1,6,2,9,0.23188701272010803
1,6,2,10,-0.083226278424263
1,6,3,1,-0.18375980854034424
1,6,3,2,-0.3836666941642761
1,6,3,3,-0.31715598702430725
1,6,3,4,-0.3145582675933838
1,6,3,5,-0.5648974180221558
1,6,3,6,-0.6414982080459595
1,6,3,7,-0.5823876857757568
1,6,3,8,-0.10152734816074371
1,6,3,9,0.2318948209285736
1,6,3,10,-0.08321202546358109
1,6,4,1,-0.1745292991399765
1,6,4,2,-0.40006595849990845
1,6,4,3,-0.3410692811012268
1,6,4,4,-0.2542484998703003
1,6,4,5,-0.5911020636558533
1,6,4,6,-0.6593443751335144
1,6,4,7,-0.5217255353927612
1,6,4,8,-0.38587719202041626
1,6,4,9,-0.030841529369354248
1,6,4,10,-0.36585545539855957
1,6,5,1,-0.9102755784988403
1,6,5,2,-1.3587589263916016
1,6,5,3,-1.2567381858825684
1,6,5,4,-1.344975233078003
1,6,5,5,7.900909900665283
1,6,5,6,7.704956531524658
1,6,5,7,7.51749849319458
1,6,5,8,20.366361618041992
1,6,5,9,0.07596302032470703
1,6,5,10,-0.34042486548423767
1,6,6,1,-0.9988872408866882
1,6,6,2,-1.4745151996612549
1,6,6,3,-1.2864004373550415
1,6,6,4,-1.4016919136047363
1,6,6,5,7.857118606567383
1,6,6,6,7.440747261047363
1,6,6,7,7.5152907371521
1,6,6,8,20.113483428955078
1,6,6,9,0.15891724824905396
1,6,6,10,-0.33407801389694214
1,6,7,1,-0.9472445845603943
1,6,7,2,-1.5147063732147217
1,6,7,3,-1.4039455652236938
1,6,7,4,-1.2715716361999512
1,6,7,5,7.718390941619873
1,6,7,6,7.357814788818359
1,6,7,7,7.754302978515625
1,6,7,8,18.82996368408203
1,6,7,9,-0.8629521131515503
1,6,7,10,-1.2808046340942383
1,6,8,1,-0.25738170742988586
1,6,8,2,-0.7967165112495422
1,6,8,3,-0.6363452672958374
1,6,8,4,-0.6943833827972412
1,6,8,5,-0.6832329630851746
1,6,8,6,-0.809941291809082
1,6,8,7,-0.6897401809692383
1,6,8,8,-0.26129427552223206
1,6,8,9,0.5231321454048157
1,6,8,10,0.017431750893592834
1,6,9,1,-0.20683063566684723
1,6,9,2,-0.7261658906936646
1,6,9,3,-0.6360045671463013
1,6,9,4,-0.6629066467285156
1,6,9,5,-0.6565064191818237
1,6,9,6,-0.7372884750366211
1,6,9,7,-0.640372633934021
1,6,9,8,-0.3016868233680725
1,6,9,9,0.362667053937912
1,6,9,10,-0.07276591658592224
1,6,10,1,-0.2403256595134735
1,6,10,2,-0.8341275453567505
1,6,10,3,-0.7458584904670715
1,6,10,4,-0.6547008156776428
1,6,10,5,-0.711439311504364
1,6,10,6,-0.8020864725112915
1,6,10,7,-0.6403651237487793
1,6,10,8,-0.4802950620651245
1,6,10,9,-0.3198206126689911
1,6,10,10,-0.7444356679916382
1,7,1,1,0.0
1,7,1,2,0.0
1,7,1,3,0.0
1,7,1,4,0.0
1,7,1,5,0.0
1,7,1,6,0.0
1,7,1,7,0.0
1,7,1,8,0.0
1,7,1,9,0.0
1,7,1,10,0.0
1,7,2,1,0.0
1,7,2,2,0.0
1,7,2,3,0.0
1,7,2,4,0.0
1,7,2,5,0.0
1,7,2,6,0.0
1,7,2,7,0.0
1,7,2,8,0.0
1,7,2,9,0.0
1,7,2,10,0.0
1,7,3,1,0.0
1,7,3,2,0.0
1,7,3,3,0.0
1,7,3,4,0.0
1,7,3,5,0.0
1,7,3,6,0.0
1,7,3,7,0.0
1,7,3,8,0.0
1,7,3,9,0.0
1,7,3,10,0.0
1,7,4,1,0.0
1,7,4,2,0.0
1,7,4,3,0.0
1,7,4,4,0.0
1,7,4,5,0.0
1,7,4,6,0.0
1,7,4,7,0.0
1,7,4,8,0.0
1,7,4,9,0.0
1,7,4,10,0.0
1,7,5,1,0.0008486557635478675
1,7,5,2,0.0008486557635478675
1,7,5,3,0.0008486557635478675
1,7,5,4,0.0008486557635478675
1,7,5,5,0.0008486557635478675
1,7,5,6,0.0008486557635478675
1,7,5,7,0.0008486557635478675
1,7,5,8,0.0008486557635478675
1,7,5,9,0.0008486557635478675
1,7,5,10,0.0008486557635478675
1,7,6,1,-1.8172378986491822e-05
1,7,6,2,-1.8172378986491822e-05
1,7,6,3,-1.8172378986491822e-05
1,7,6,4,-1.8172378986491822e-05
1,7,6,5,-1.8172378986491822e-05
1,7,6,6,-1.8172378986491822e-05
1,7,6,7,-1.8172378986491822e-05
1,7,6,8,-1.8172378986491822e-05
1,7,6,9,-1.8172378986491822e-05
1,7,6,10,-1.8172378986491822e-05
1,7,7,1,-8.318071195390075e-06
1,7,7,2,-8.318071195390075e-06
1,7,7,3,-8.318071195390075e-06
1,7,7,4,-8.318071195390075e-06
1,7,7,5,-8.318071195390075e-06
1,7,7,6,-8.318071195390075e-06
1,7,7,7,-8.318071195390075e-06
1,7,7,8,-8.318071195390075e-06
1,7,7,9,-8.318071195390075e-06
1,7,7,10,-8.318071195390075e-06
1,7,8,1,0.0
1,7,8,2,0.0
1,7,8,3,0.0
1,7,8,4,0.0
1,7,8,5,0.0
1,7,8,6,0.0
1,7,8,7,0.0
1,7,8,8,0.0
1,7,8,9,0.0
1,7,8,10,0.0
1,7,9,1,0.0
1,7,9,2,0.0
1,7,9,3,0.0
1,7,9,4,0.0
1,7,9,5,0.0
1,7,9,6,0.0
1,7,9,7,0.0
1,7,9,8,0.0
1,7,9,9,0.0
1,7,9,10,0.0
1,7,10,1,0.0
1,7,10,2,0.0
1,7,10,3,0.0
1,7,10,4,0.0
1,7,10,5,0.0
1,7,10,6,0.0
1,7,10,7,0.0
1,7,10,8,0.0
1,7,10,9,0.0
1,7,10,10,0.0
1,8,1,1,0.0
1,8,1,2,0.0
1,8,1,3,0.0
1,8,1,4,0.0
1,8,1,5,0.0
1,8,1,6,0.0
1,8,1,7,0.0
1,8,1,8,0.0
1,8,1,9,0.0
1,8,1,10,0.0
1,8,2,1,0.0
1,8,2,2,0.0
1,8,2,3,0.0
1,8,2,4,0.0
1,8,2,5,0.0
1,8,2,6,0.0
1,8,2,7,0.0
1,8,2,8,0.0
1,8,2,9,0.0
1,8,2,10,0.0
1,8,3,1,0.0
1,8,3,2,0.0
1,8,3,3,0.0
1,8,3,4,0.0
1,8,3,5,0.0
1,8,3,6,0.0
1,8,3,7,0.0
1,8,3,8,0.0
1,8,3,9,0.0
1,8,3,10,0.0
1,8,4,1,0.0
1,8,4,2,0.0
1,8,4,3,0.0
1,8,4,4,0.0
1,8,4,5,0.0
1,8,4,6,0.0
1,8,4,7,0.0
1,8,4,8,0.0
1,8,4,9,0.0
1,8,4,10,0.0
1,8,5,1,0.0
1,8,5,2,0.0
1,8,5,3,0.0
1,8,5,4,0.0
1,8,5,5,0.0
1,8,5,6,0.0
1,8,5,7,0.0
1,8,5,8,0.0
1,8,5,9,0.0
1,8,5,10,0.0
1,8,6,1,-8.648154471302405e-05
1,8,6,2,-8.648154471302405e-05
1,8,6,3,-8.648154471302405e-05
1,8,6,4,-8.648154471302405e-05
1,8,6,5,-8.648154471302405e-05
1,8,6,6,-8.648154471302405e-05
1,8,6,7,-8.648154471302405e-05
1,8,6,8,-8.648154471302405e-05
1,8,6,9,-8.648154471302405e-05
1,8,6,10,-8.648154471302405e-05
1,8,7,1,0.0
1,8,7,2,0.0
1,8,7,3,0.0
1,8,7,4,0.0
1,8,7,5,0.0
1,8,7,6,0.0
1,8,7,7,0.0
1,8,7,8,0.0
1,8,7,9,0.0
1,8,7,10,0.0
1,8,8,1,0.0
1,8,8,2,0.0
1,8,8,3,0.0
1,8,8,4,0.0
1,8,8,5,0.0
1,8,8,6,0.0
1,8,8,7,0.0
1,8,8,8,0.0
1,8,8,9,0.0
1,8,8,10,0.0
1,8,9,1,0.0
1,8,9,2,0.0
1,8,9,3,0.0
1,8,9,4,0.0
1,8,9,5,0.0
1,8,9,6,0.0
1,8,9,7,0.0
1,8,9,8,0.0
1,8,9,9,0.0
1,8,9,10,0.0
1,8,10,1,0.0
1,8,10,2,0.0
1,8,10,3,0.0
1,8,10,4,0.0
1,8,10,5,0.0
1,8,10,6,0.0
1,8,10,7,0.0
1,8,10,8,0.0
1,8,10,9,0.0
1,8,10,10,0.0
1,9,1,1,-0.03748152405023575
1,9,1,2,-0.03748152405023575
1,9,1,3,-0.03748152405023575
1,9,1,4,-0.03748152405023575
1,9,1,5,-0.03748152405023575
1,9,1,6,-0.03748152405023575
1,9,1,7,-0.03748152405023575
1,9,1,8,-0.03748152405023575
1,9,1,9,-0.03748152405023575
1,9,1,10,-0.03748152405023575
1,9,2,1,-0.03700856864452362
1,9,2,2,-0.03700856864452362
1,9,2,3,-0.03700856864452362
1,9,2,4,-0.03700856864452362
1,9,2,5,-0.03700856864452362
1,9,2,6,-0.03700856864452362
1,9,2,7,-0.03700856864452362
1,9,2,8,-0.03700856864452362
1,9,2,9,-0.03700856864452362
1,9,2,10,-0.03700856864452362
1,9,3,1,-0.03691306337714195
1,9,3,2,-0.03691306337714195
1,9,3,3,-0.03691306337714195
1,9,3,4,-0.03691306337714195
1,9,3,5,-0.03691306337714195
1,9,3,6,-0.03691306337714195
1,9,3,7,-0.03691306337714195
1,9,3,8,-0.03691306337714195
1,9,3,9,-0.03691306337714195
1,9,3,10,-0.03691306337714195
1,9,4,1,-0.07657447457313538
1,9,4,2,-0.07657447457313538
1,9,4,3,-0.07657447457313538
1,9,4,4,-0.07657447457313538
1,9,4,5,-0.07657447457313538
1,9,4,6,-0.07657447457313538
1,9,4,7,-0.07657447457313538
1,9,4,8,-0.07657447457313538
1,9,4,9,-0.07657447457313538
1,9,4,10,-0.07657447457313538
1,9,5,1,-0.09145863354206085
1,9,5,2,-0.09145863354206085
1,9,5,3,-0.09145863354206085
1,9,5,4,-0.09145863354206085
1,9,5,5,-0.09145863354206085
1,9,5,6,-0.09145863354206085
1,9,5,7,-0.09145863354206085
1,9,5,8,-0.09145863354206085
1,9,5,9,-0.09145863354206085
1,9,5,10,-0.09145863354206085
1,9,6,1,-0.09113477915525436
1,9,6,2,-0.09113477915525436
1,9,6,3,-0.09113477915525436
1,9,6,4,-0.09113477915525436
1,9,6,5,-0.09113477915525436
1,9,6,6,-0.09113477915525436
1,9,6,7,-0.09113477915525436
1,9,6,8,-0.09113477915525436
1,9,6,9,-0.09113477915525436
1,9,6,10,-0.09113477915525436
1,9,7,1,-0.2529664635658264
1,9,7,2,-0.2529664635658264
1,9,7,3,-0.2529664635658264
1,9,7,4,-0.2529664635658264
1,9,7,5,-0.2529664635658264
1,9,7,6,-0.25291767716407776
1,9,7,7,-0.2529664635658264
1,9,7,8,-0.25296685099601746
1,9,7,9,-0.25296685099601746
1,9,7,10,-0.2529664635658264
1,9,8,1,-0.03513093292713165
1,9,8,2,-0.03513093292713165
1,9,8,3,-0.03513093292713165
1,9,8,4,-0.03513093292713165
1,9,8,5,-0.03513093292713165
1,9,8,6,-0.03513093292713165
1,9,8,7,-0.03513093292713165
1,9,8,8,-0.03513093292713165
1,9,8,9,-0.03513093292713165
1,9,8,10,-0.03513093292713165
1,9,9,1,-0.03513093292713165
1,9,9,2,-0.03513093292713165
1,9,9,3,-0.03513093292713165
1,9,9,4,-0.03513093292713165
1,9,9,5,-0.03513093292713165
1,9,9,6,-0.03513093292713165
1,9,9,7,-0.03513093292713165
1,9,9,8,-0.03513093292713165
1,9,9,9,-0.03513093292713165
1,9,9,10,-0.03513093292713165
1,9,10,1,-0.03517252951860428
1,9,10,2,-0.03517252951860428
1,9,10,3,-0.03517252951860428
1,9,10,4,-0.03517252951860428
1,9,10,5,-0.03517252951860428
1,9,10,6,-0.03517252951860428
1,9,10,7,-0.03517252951860428
1,9,10,8,-0.03517252951860428
1,9,10,9,-0.03517252951860428
1,9,10,10,-0.03517252951860428
1,10,1,1,-4.594884872436523
1,10,1,2,235.66171264648438
1,10,1,3,58.197364807128906
1,10,1,4,119.88556671142578
1,10,1,5,-3.2558207511901855
1,10,1,6,-4.611783027648926
1,10,1,7,453.5417175292969
1,10,1,8,452.0677185058594
1,10,1,9,104.53904724121094
1,10,1,10,150.2369842529297
1,10,2,1,-3.391566514968872
1,10,2,2,628.3963623046875
1,10,2,3,465.79742431640625
1,10,2,4,708.1452026367188
1,10,2,5,-2.4814705848693848
1,10,2,6,-5.29917049407959
1,10,2,7,2017.265380859375
1,10,2,8,1963.40478515625
1,10,2,9,459.16302490234375
1,10,2,10,438.16998291015625
1,10,3,1,-2.5552620887756348
1,10,3,2,629.0715942382812
1,10,3,3,464.7413635253906
1,10,3,4,702.582763671875
1,10,3,5,-1.6632652282714844
1,10,3,6,-4.474842548370361
1,10,3,7,1948.4132080078125
1,10,3,8,1857.185302734375
1,10,3,9,460.0275573730469
1,10,3,10,439.0424499511719
1,10,4,1,-2.5095553398132324
1,10,4,2,686.6951904296875
1,10,4,3,477.8575744628906
1,10,4,4,709.7021484375
1,10,4,5,-1.729738712310791
1,10,4,6,-4.425262451171875
1,10,4,7,2014.75341796875
1,10,4,8,2003.9124755859375
1,10,4,9,585.2837524414062
1,10,4,10,513.2330322265625
1,10,5,1,91.07000732421875
1,10,5,2,625.060302734375
1,10,5,3,343.6375732421875
1,10,5,4,414.13909912109375
1,10,5,5,111.13505554199219
1,10,5,6,1.0781354904174805
1,10,5,7,739.5244750976562
1,10,5,8,737.6549072265625
1,10,5,9,606.0538940429688
1,10,5,10,582.5877685546875
1,10,6,1,90.08341217041016
1,10,6,2,624.1328735351562
1,10,6,3,342.2440185546875
1,10,6,4,412.98883056640625
1,10,6,5,110.25150299072266
1,10,6,6,0.2808351516723633
1,10,6,7,738.776123046875
1,10,6,8,736.6405029296875
1,10,6,9,604.9591064453125
1,10,6,10,581.6133422851562
1,10,7,1,91.15518188476562
1,10,7,2,633.079345703125
1,10,7,3,349.3780822753906
1,10,7,4,431.88812255859375
1,10,7,5,111.33042907714844
1,10,7,6,1.1821656227111816
1,10,7,7,745.5115966796875
1,10,7,8,772.4510498046875
1,10,7,9,610.0963134765625
1,10,7,10,636.0715942382812
1,10,8,1,-4.710748195648193
1,10,8,2,235.47056579589844
1,10,8,3,70.0628890991211
1,10,8,4,124.93537902832031
1,10,8,5,-3.5585978031158447
1,10,8,6,-4.562526702880859
1,10,8,7,665.9046630859375
1,10,8,8,668.4022216796875
1,10,8,9,113.38343048095703
1,10,8,10,288.8040771484375
1,10,9,1,-4.710885524749756
1,10,9,2,235.50775146484375
1,10,9,3,70.17732238769531
1,10,9,4,125.01192474365234
1,10,9,5,-3.550961494445801
1,10,9,6,-4.563328266143799
1,10,9,7,665.483642578125
1,10,9,8,668.4108276367188
1,10,9,9,113.3647689819336
1,10,9,10,289.1069030761719
1,10,10,1,-4.715117931365967
1,10,10,2,235.21859741210938
1,10,10,3,67.93093872070312
1,10,10,4,124.67906188964844
1,10,10,5,-3.5443663597106934
1,10,10,6,-4.551312446594238
1,10,10,7,668.441162109375
1,10,10,8,675.5575561523438
1,10,10,9,113.84297180175781
1,10,10,10,312.40338134765625
2,3,1,1,0.13277307152748108
2,3,1,2,-0.013898827135562897
2,3,1,3,-0.09136521071195602
2,3,1,4,-0.1294429898262024
2,3,1,5,0.020501352846622467
2,3,1,6,0.01370159536600113
2,3,1,7,-0.05890383571386337
2,3,1,8,0.32154765725135803
2,3,1,9,0.2101145088672638
2,3,1,10,0.429221510887146
2,3,2,1,0.3356667160987854
2,3,2,2,0.22304345667362213
2,3,2,3,0.11581914126873016
2,3,2,4,0.07867154479026794
2,3,2,5,0.21200326085090637
2,3,2,6,0.20580460131168365
2,3,2,7,0.13259802758693695
2,3,2,8,0.5004010200500488
2,3,2,9,0.42091965675354004
2,3,2,10,0.5494216084480286
2,3,3,1,0.3107563853263855
2,3,3,2,0.19813309609889984
2,3,3,3,0.09090879559516907
2,3,3,4,0.05376119911670685
2,3,3,5,0.18709290027618408
2,3,3,6,0.18089424073696136
2,3,3,7,0.10768768191337585
2,3,3,8,0.4754906892776489
2,3,3,9,0.39600932598114014
2,3,3,10,0.5245112180709839
2,3,4,1,0.31831544637680054
2,3,4,2,0.20569218695163727
2,3,4,3,0.0984678864479065
2,3,4,4,0.061320289969444275
2,3,4,5,0.1946519911289215
2,3,4,6,0.1884533315896988
2,3,4,7,0.11524677276611328
2,3,4,8,0.48304975032806396
2,3,4,9,0.4035683870315552
2,3,4,10,0.5320703387260437
2,3,5,1,-0.22712256014347076
2,3,5,2,-0.6957133412361145
2,3,5,3,-0.7440030574798584
2,3,5,4,-0.8192701935768127
2,3,5,5,-0.23250873386859894
2,3,5,6,-0.2281995266675949
2,3,5,7,-0.31191396713256836
2,3,5,8,-0.4899126887321472
2,3,5,9,-0.46493345499038696
2,3,5,10,-0.2856649160385132
2,3,6,1,0.046677425503730774
2,3,6,2,-0.423653781414032
2,3,6,3,-0.45339828729629517
2,3,6,4,-0.45873093605041504
2,3,6,5,0.012474343180656433
2,3,6,6,0.01464863121509552
2,3,6,7,-0.0669308751821518
2,3,6,8,0.4433556795120239
2,3,6,9,0.2410540133714676
2,3,6,10,0.8039507269859314
2,3,7,1,-0.04588495194911957
2,3,7,2,-0.5538820028305054
2,3,7,3,-0.5022246837615967
2,3,7,4,-0.5029388070106506
2,3,7,5,-0.08431299030780792
2,3,7,6,-0.11027993261814117
2,3,7,7,-0.16371820867061615
2,3,7,8,0.3908294439315796
2,3,7,9,0.22734667360782623
2,3,7,10,0.784423828125
2,3,8,1,0.360165536403656
2,3,8,2,0.22888094186782837
2,3,8,3,0.14130109548568726
2,3,8,4,0.1049615666270256
2,3,8,5,0.23513366281986237
2,3,8,6,0.22844760119915009
2,3,8,7,0.15572844445705414
2,3,8,8,0.5424594879150391
2,3,8,9,0.445150762796402
2,3,8,10,0.6302080154418945
2,3,9,1,0.35523131489753723
2,3,9,2,0.2239467352628708
2,3,9,3,0.13636688888072968
2,3,9,4,0.10002736747264862
2,3,9,5,0.23019945621490479
2,3,9,6,0.2235133945941925
2,3,9,7,0.15079423785209656
2,3,9,8,0.5375252962112427
2,3,9,9,0.4402165710926056
2,3,9,10,0.6252738237380981
2,3,10,1,0.33811452984809875
2,3,10,2,0.2068299502134323
2,3,10,3,0.1192501038312912
2,3,10,4,0.08291058242321014
2,3,10,5,0.2130826860666275
2,3,10,6,0.20639662444591522
2,3,10,7,0.13367746770381927
2,3,10,8,0.5204085111618042
2,3,10,9,0.4230997860431671
2,3,10,10,0.6081570386886597
2,4,1,1,0.17125363647937775
2,4,1,2,0.18509113788604736
2,4,1,3,0.18509113788604736
2,4,1,4,0.18509113788604736
2,4,1,5,0.1940443217754364
2,4,1,6,0.18539242446422577
2,4,1,7,0.18539242446422577
2,4,1,8,0.18624746799468994
2,4,1,9,0.18479572236537933
2,4,1,10,0.18479572236537933
2,4,2,1,0.19640707969665527
2,4,2,2,0.2102445662021637
2,4,2,3,0.2102445662021637
2,4,2,4,0.2102445662021637
2,4,2,5,0.21919777989387512
2,4,2,6,0.2105458676815033
2,4,2,7,0.2105458676815033
2,4,2,8,0.21140089631080627
2,4,2,9,0.20994916558265686
2,4,2,10,0.20994916558265686
2,4,3,1,0.19640707969665527
2,4,3,2,0.2102445662021637
2,4,3,3,0.2102445662021637
2,4,3,4,0.2102445662021637
2,4,3,5,0.21919777989387512
2,4,3,6,0.2105458676815033
2,4,3,7,0.2105458676815033
2,4,3,8,0.21140089631080627
2,4,3,9,0.20994916558265686
2,4,3,10,0.20994916558265686
2,4,4,1,0.19640707969665527
2,4,4,2,0.2102445662021637
2,4,4,3,0.2102445662021637
2,4,4,4,0.2102445662021637
2,4,4,5,0.21919777989387512
2,4,4,6,0.2105458676815033
2,4,4,7,0.2105458676815033
2,4,4,8,0.21140089631080627
2,4,4,9,0.20994916558265686
2,4,4,10,0.20994916558265686
2,4,5,1,0.21697185933589935
2,4,5,2,0.23080936074256897
2,4,5,3,0.23080936074256897
2,4,5,4,0.23080936074256897
2,4,5,5,0.2397625595331192
2,4,5,6,0.23111064732074738
2,4,5,7,0.23111064732074738
2,4,5,8,0.23196569085121155
2,4,5,9,0.23051394522190094
2,4,5,10,0.23051394522190094
2,4,6,1,0.19224464893341064
2,4,6,2,0.20608216524124146
2,4,6,3,0.20608216524124146
2,4,6,4,0.20608216524124146
2,4,6,5,0.2150353491306305
2,4,6,6,0.20638343691825867
2,4,6,7,0.20638343691825867
2,4,6,8,0.20723849534988403
2,4,6,9,0.20578673481941223
2,4,6,10,0.20578673481941223
2,4,7,1,0.1922459602355957
2,4,7,2,0.2060834765434265
2,4,7,3,0.2060834765434265
2,4,7,4,0.2060834765434265
2,4,7,5,0.21503666043281555
2,4,7,6,0.20638474822044373
2,4,7,7,0.20638474822044373
2,4,7,8,0.2072398066520691
2,4,7,9,0.2057880461215973
2,4,7,10,0.2057880461215973
2,4,8,1,0.177303284406662
2,4,8,2,0.1911407858133316
2,4,8,3,0.1911407858133316
2,4,8,4,0.1911407858133316
2,4,8,5,0.20009398460388184
2,4,8,6,0.19144207239151
2,4,8,7,0.19144207239151
2,4,8,8,0.1922970861196518
2,4,8,9,0.19084537029266357
2,4,8,10,0.19084537029266357
2,4,9,1,0.177303284406662
2,4,9,2,0.1911407858133316
2,4,9,3,0.1911407858133316
2,4,9,4,0.1911407858133316
2,4,9,5,0.20009398460388184
2,4,9,6,0.19144207239151
2,4,9,7,0.19144207239151
2,4,9,8,0.1922970861196518
2,4,9,9,0.19084537029266357
2,4,9,10,0.19084537029266357
2,4,10,1,0.177303284406662
2,4,10,2,0.1911407858133316
2,4,10,3,0.1911407858133316
2,4,10,4,0.1911407858133316
2,4,10,5,0.20009398460388184
2,4,10,6,0.19144207239151
2,4,10,7,0.19144207239151
2,4,10,8,0.1922970861196518
2,4,10,9,0.19084537029266357
2,4,10,10,0.19084537029266357
2,5,1,1,0.01376385148614645
2,5,1,2,0.013756823725998402
2,5,1,3,0.01375602837651968
2,5,1,4,0.01376385148614645
2,5,1,5,0.01376385148614645
2,5,1,6,0.01376385148614645
2,5,1,7,0.01376385148614645
2,5,1,8,0.01376385148614645
2,5,1,9,0.01376385148614645
2,5,1,10,0.01376385148614645
2,5,2,1,0.013779553584754467
2,5,2,2,0.013772525824606419
2,5,2,3,0.013771730475127697
2,5,2,4,0.013779553584754467
2,5,2,5,0.013779553584754467
2,5,2,6,0.013779553584754467
2,5,2,7,0.013779553584754467
2,5,2,8,0.013779553584754467
2,5,2,9,0.013779553584754467
2,5,2,10,0.013779553584754467
2,5,3,1,0.013779553584754467
2,5,3,2,0.013772525824606419
2,5,3,3,0.013771730475127697
2,5,3,4,0.013779553584754467
2,5,3,5,0.013779553584754467
2,5,3,6,0.013779553584754467
2,5,3,7,0.013779553584754467
2,5,3,8,0.013779553584754467
2,5,3,9,0.013779553584754467
2,5,3,10,0.013779553584754467
2,5,4,1,0.013779553584754467
2,5,4,2,0.013772525824606419
2,5,4,3,0.013771730475127697
2,5,4,4,0.013779553584754467
2,5,4,5,0.013779553584754467
2,5,4,6,0.013779553584754467
2,5,4,7,0.013779553584754467
2,5,4,8,0.013779553584754467
2,5,4,9,0.013779553584754467
2,5,4,10,0.013779553584754467
2,5,5,1,0.013779553584754467
2,5,5,2,0.013772525824606419
2,5,5,3,0.013771730475127697
2,5,5,4,0.013779553584754467
2,5,5,5,0.013779553584754467
2,5,5,6,0.013779553584754467
2,5,5,7,0.013779553584754467
2,5,5,8,0.013779553584754467
2,5,5,9,0.013779553584754467
2,5,5,10,0.013779553584754467
2,5,6,1,0.013779553584754467
2,5,6,2,0.013772525824606419
2,5,6,3,0.013771730475127697
2,5,6,4,0.013779553584754467
2,5,6,5,0.013779553584754467
2,5,6,6,0.013779553584754467
2,5,6,7,0.013779553584754467
2,5,6,8,0.013779553584754467
2,5,6,9,0.013779553584754467
2,5,6,10,0.013779553584754467
2,5,7,1,0.013779553584754467
2,5,7,2,0.013772525824606419
2,5,7,3,0.013771730475127697
2,5,7,4,0.013779553584754467
2,5,7,5,0.013779553584754467
2,5,7,6,0.013779553584754467
2,5,7,7,0.013779553584754467
2,5,7,8,0.013779553584754467
2,5,7,9,0.013779553584754467
2,5,7,10,0.013779553584754467
2,5,8,1,0.013772414065897465
2,5,8,2,0.013765386305749416
2,5,8,3,0.013764590956270695
2,5,8,4,0.013772414065897465
2,5,8,5,0.013772414065897465
2,5,8,6,0.013772414065897465
2,5,8,7,0.013772414065897465
2,5,8,8,0.013772414065897465
2,5,8,9,0.013772414065897465
2,5,8,10,0.013772414065897465
2,5,9,1,0.013772414065897465
2,5,9,2,0.013765386305749416
2,5,9,3,0.013764590956270695
2,5,9,4,0.013772414065897465
2,5,9,5,0.013772414065897465
2,5,9,6,0.013772414065897465
2,5,9,7,0.013772414065897465
2,5,9,8,0.013772414065897465
2,5,9,9,0.013772414065897465
2,5,9,10,0.013772414065897465
2,5,10,1,0.013772414065897465
2,5,10,2,0.013765386305749416
2,5,10,3,0.013764590956270695
2,5,10,4,0.013772414065897465
2,5,10,5,0.013772414065897465
2,5,10,6,0.013772414065897465
2,5,10,7,0.013772414065897465
2,5,10,8,0.013772414065897465
2,5,10,9,0.013772414065897465
2,5,10,10,0.013772414065897465
2,6,1,1,-2.509211299184244e-05
2,6,1,2,-2.509211299184244e-05
2,6,1,3,-2.509211299184244e-05
2,6,1,4,-2.509211299184244e-05
2,6,1,5,-2.509211299184244e-05
2,6,1,6,0.003023846773430705
2,6,1,7,-2.509211299184244e-05
2,6,1,8,-0.00012671263539232314
2,6,1,9,-2.509211299184244e-05
2,6,1,10,-2.509211299184244e-05
2,6,2,1,-2.2767417249269783e-05
2,6,2,2,-2.2767417249269783e-05
2,6,2,3,-2.2767417249269783e-05
2,6,2,4,-2.2767417249269783e-05
2,6,2,5,-2.2767417249269783e-05
2,6,2,6,0.0027266168035566807
2,6,2,7,-2.2767417249269783e-05
2,6,2,8,-0.00010865904914680868
2,6,2,9,-2.2767417249269783e-05
2,6,2,10,-2.2767417249269783e-05
2,6,3,1,-2.2767417249269783e-05
2,6,3,2,-2.2767417249269783e-05
2,6,3,3,-2.2767417249269783e-05
2,6,3,4,-2.2767417249269783e-05
2,6,3,5,-2.2767417249269783e-05
2,6,3,6,0.0027266168035566807
2,6,3,7,-2.2767417249269783e-05
2,6,3,8,-0.00010865904914680868
2,6,3,9,-2.2767417249269783e-05
2,6,3,10,-2.2767417249269783e-05
2,6,4,1,-2.2767417249269783e-05
2,6,4,2,-2.2767417249269783e-05
2,6,4,3,-2.2767417249269783e-05
2,6,4,4,-2.2767417249269783e-05
2,6,4,5,-2.2767417249269783e-05
2,6,4,6,0.0027266168035566807
2,6,4,7,-2.2767417249269783e-05
2,6,4,8,-0.00010865904914680868
2,6,4,9,-2.2767417249269783e-05
2,6,4,10,-2.2767417249269783e-05
2,6,5,1,-2.2767417249269783e-05
2,6,5,2,-2.2767417249269783e-05
2,6,5,3,-2.2767417249269783e-05
2,6,5,4,-2.2767417249269783e-05
2,6,5,5,-2.2767417249269783e-05
2,6,5,6,0.0027266168035566807
2,6,5,7,-2.2767417249269783e-05
2,6,5,8,-0.00010865904914680868
2,6,5,9,-2.2767417249269783e-05
2,6,5,10,-2.2767417249269783e-05
2,6,6,1,-2.2767417249269783e-05
2,6,6,2,-2.2767417249269783e-05
2,6,6,3,-2.2767417249269783e-05
2,6,6,4,-2.2767417249269783e-05
2,6,6,5,-2.2767417249269783e-05
2,6,6,6,0.0027266168035566807
2,6,6,7,-2.2767417249269783e-05
2,6,6,8,-0.00010865904914680868
2,6,6,9,-2.2767417249269783e-05
2,6,6,10,-2.2767417249269783e-05
2,6,7,1,-2.2767417249269783e-05
2,6,7,2,-2.2767417249269783e-05
2,6,7,3,-2.2767417249269783e-05
2,6,7,4,-2.2767417249269783e-05
2,6,7,5,-2.2767417249269783e-05
2,6,7,6,0.0027266168035566807
2,6,7,7,-2.2767417249269783e-05
2,6,7,8,-0.00010865904914680868
2,6,7,9,-2.2767417249269783e-05
2,6,7,10,-2.2767417249269783e-05
2,6,8,1,-2.364351530559361e-05
2,6,8,2,-2.364351530559361e-05
2,6,8,3,-2.364351530559361e-05
2,6,8,4,-2.364351530559361e-05
2,6,8,5,-2.364351530559361e-05
2,6,8,6,0.00282094138674438
2,6,8,7,-2.364351530559361e-05
2,6,8,8,-0.00011425753473304212
2,6,8,9,-2.364351530559361e-05
2,6,8,10,-2.364351530559361e-05
2,6,9,1,-2.364351530559361e-05
2,6,9,2,-2.364351530559361e-05
2,6,9,3,-2.364351530559361e-05
2,6,9,4,-2.364351530559361e-05
2,6,9,5,-2.364351530559361e-05
2,6,9,6,0.00282094138674438
2,6,9,7,-2.364351530559361e-05
2,6,9,8,-0.00011425753473304212
2,6,9,9,-2.364351530559361e-05
2,6,9,10,-2.364351530559361e-05
2,6,10,1,-2.364351530559361e-05
2,6,10,2,-2.364351530559361e-05
2,6,10,3,-2.364351530559361e-05
2,6,10,4,-2.364351530559361e-05
2,6,10,5,-2.364351530559361e-05
2,6,10,6,0.00282094138674438
2,6,10,7,-2.364351530559361e-05
2,6,10,8,-0.00011425753473304212
2,6,10,9,-2.364351530559361e-05
2,6,10,10,-2.364351530559361e-05
2,7,1,1,0.0
2,7,1,2,0.0
2,7,1,3,0.0
2,7,1,4,0.0
2,7,1,5,0.0
2,7,1,6,0.0
2,7,1,7,0.0
2,7,1,8,0.0
2,7,1,9,0.0
2,7,1,10,0.0
2,7,2,1,0.0
2,7,2,2,0.0
2,7,2,3,0.0
2,7,2,4,0.0
2,7,2,5,0.0
2,7,2,6,0.0
2,7,2,7,0.0
2,7,2,8,0.0
2,7,2,9,0.0
2,7,2,10,0.0
2,7,3,1,0.0
2,7,3,2,0.0
2,7,3,3,0.0
2,7,3,4,0.0
2,7,3,5,0.0
2,7,3,6,0.0
2,7,3,7,0.0
2,7,3,8,0.0
2,7,3,9,0.0
2,7,3,10,0.0
2,7,4,1,0.0
2,7,4,2,0.0
2,7,4,3,0.0
2,7,4,4,0.0
2,7,4,5,0.0
2,7,4,6,0.0
2,7,4,7,0.0
2,7,4,8,0.0
2,7,4,9,0.0
2,7,4,10,0.0
2,7,5,1,0.0
2,7,5,2,0.0
2,7,5,3,0.0
2,7,5,4,0.0
2,7,5,5,0.0
2,7,5,6,0.0
2,7,5,7,0.0
2,7,5,8,0.0
2,7,5,9,0.0
2,7,5,10,0.0
2,7,6,1,0.0
2,7,6,2,0.0
2,7,6,3,0.0
2,7,6,4,0.0
2,7,6,5,0.0
2,7,6,6,0.0
2,7,6,7,0.0
2,7,6,8,0.0
2,7,6,9,0.0
2,7,6,10,0.0
2,7,7,1,0.0
2,7,7,2,0.0
2,7,7,3,0.0
2,7,7,4,0.0
2,7,7,5,0.0
2,7,7,6,0.0
2,7,7,7,0.0
2,7,7,8,0.0
2,7,7,9,0.0
2,7,7,10,0.0
2,7,8,1,0.0
2,7,8,2,0.0
2,7,8,3,0.0
2,7,8,4,0.0
2,7,8,5,0.0
2,7,8,6,0.0
2,7,8,7,0.0
2,7,8,8,0.0
2,7,8,9,0.0
2,7,8,10,0.0
2,7,9,1,0.0
2,7,9,2,0.0
2,7,9,3,0.0
2,7,9,4,0.0
2,7,9,5,0.0
2,7,9,6,0.0
2,7,9,7,0.0
2,7,9,8,0.0
2,7,9,9,0.0
2,7,9,10,0.0
2,7,10,1,0.0
2,7,10,2,0.0
2,7,10,3,0.0
2,7,10,4,0.0
2,7,10,5,0.0
2,7,10,6,0.0
2,7,10,7,0.0
2,7,10,8,0.0
2,7,10,9,0.0
2,7,10,10,0.0
2,8,1,1,0.0
2,8,1,2,0.0
2,8,1,3,0.0
2,8,1,4,0.0
2,8,1,5,0.0
2,8,1,6,0.0
2,8,1,7,0.0
2,8,1,8,0.0
2,8,1,9,0.0
2,8,1,10,0.0
2,8,2,1,0.0
2,8,2,2,0.0
2,8,2,3,0.0
2,8,2,4,0.0
2,8,2,5,0.0
2,8,2,6,0.0
2,8,2,7,0.0
2,8,2,8,0.0
2,8,2,9,0.0
2,8,2,10,0.0
2,8,3,1,0.0
2,8,3,2,0.0
2,8,3,3,0.0
2,8,3,4,0.0
2,8,3,5,0.0
2,8,3,6,0.0
2,8,3,7,0.0
2,8,3,8,0.0
2,8,3,9,0.0
2,8,3,10,0.0
2,8,4,1,0.0
2,8,4,2,0.0
2,8,4,3,0.0
2,8,4,4,0.0
2,8,4,5,0.0
2,8,4,6,0.0
2,8,4,7,0.0
2,8,4,8,0.0
2,8,4,9,0.0
2,8,4,10,0.0
2,8,5,1,0.0
2,8,5,2,0.0
2,8,5,3,0.0
2,8,5,4,0.0
2,8,5,5,0.0
2,8,5,6,0.0
2,8,5,7,0.0
2,8,5,8,0.0
2,8,5,9,0.0
2,8,5,10,0.0
2,8,6,1,0.0
2,8,6,2,0.0
2,8,6,3,0.0
2,8,6,4,0.0
2,8,6,5,0.0
2,8,6,6,0.0
2,8,6,7,0.0
2,8,6,8,0.0
2,8,6,9,0.0
2,8,6,10,0.0
2,8,7,1,0.0
2,8,7,2,0.0
2,8,7,3,0.0
2,8,7,4,0.0
2,8,7,5,0.0
2,8,7,6,0.0
2,8,7,7,0.0
2,8,7,8,0.0
2,8,7,9,0.0
2,8,7,10,0.0
2,8,8,1,0.0
2,8,8,2,0.0
2,8,8,3,0.0
2,8,8,4,0.0
2,8,8,5,0.0
2,8,8,6,0.0
2,8,8,7,0.0
2,8,8,8,0.0
2,8,8,9,0.0
2,8,8,10,0.0
2,8,9,1,0.0
2,8,9,2,0.0
2,8,9,3,0.0
2,8,9,4,0.0
2,8,9,5,0.0
2,8,9,6,0.0
2,8,9,7,0.0
2,8,9,8,0.0
2,8,9,9,0.0
2,8,9,10,0.0
2,8,10,1,0.0
2,8,10,2,0.0
2,8,10,3,0.0
2,8,10,4,0.0
2,8,10,5,0.0
2,8,10,6,0.0
2,8,10,7,0.0
2,8,10,8,0.0
2,8,10,9,0.0
2,8,10,10,0.0
2,10,1,1,0.15048748254776
2,10,1,2,0.07381144165992737
2,10,1,3,0.1610070765018463
2,10,1,4,0.13127753138542175
2,10,1,5,0.15003527700901031
2,10,1,6,0.150567427277565
2,10,1,7,0.18210384249687195
2,10,1,8,0.1918003261089325
2,10,1,9,0.08559668809175491
2,10,1,10,0.07797104120254517
2,10,2,1,0.15047581493854523
2,10,2,2,0.07375740259885788
2,10,2,3,0.16099540889263153
2,10,2,4,0.1312747597694397
2,10,2,5,0.15002360939979553
2,10,2,6,0.15055575966835022
2,10,2,7,0.18209215998649597
2,10,2,8,0.1917886734008789
2,10,2,9,0.08543951064348221
2,10,2,10,0.07794477790594101
2,10,3,1,0.15050829946994781
2,10,3,2,0.07378988713026047
2,10,3,3,0.16102789342403412
2,10,3,4,0.13130724430084229
2,10,3,5,0.15005609393119812
2,10,3,6,0.1505882441997528
2,10,3,7,0.18212464451789856
2,10,3,8,0.1918211579322815
2,10,3,9,0.0854719951748848
2,10,3,10,0.0779772624373436
2,10,4,1,0.15050829946994781
2,10,4,2,0.07378988713026047
2,10,4,3,0.16102789342403412
2,10,4,4,0.13130724430084229
2,10,4,5,0.15005609393119812
2,10,4,6,0.1505882441997528
2,10,4,7,0.18212464451789856
2,10,4,8,0.1918211579322815
2,10,4,9,0.0854719951748848
2,10,4,10,0.0779772624373436
2,10,5,1,0.15050829946994781
2,10,5,2,0.07378988713026047
2,10,5,3,0.16102789342403412
2,10,5,4,0.13130724430084229
2,10,5,5,0.15005609393119812
2,10,5,6,0.1505882441997528
2,10,5,7,0.18212464451789856
2,10,5,8,0.1918211579322815
2,10,5,9,0.0854719951748848
2,10,5,10,0.0779772624373436
2,10,6,1,0.15050829946994781
2,10,6,2,0.07378988713026047
2,10,6,3,0.16102789342403412
2,10,6,4,0.13130724430084229
2,10,6,5,0.15005609393119812
2,10,6,6,0.1505882441997528
2,10,6,7,0.18212464451789856
2,10,6,8,0.1918211579322815
2,10,6,9,0.0854719951748848
2,10,6,10,0.0779772624373436
2,10,7,1,0.15050829946994781
2,10,7,2,0.07378988713026047
2,10,7,3,0.16102789342403412
2,10,7,4,0.13130724430084229
2,10,7,5,0.15005609393119812
2,10,7,6,0.1505882441997528
2,10,7,7,0.18212464451789856
2,10,7,8,0.1918211579322815
2,10,7,9,0.0854719951748848
2,10,7,10,0.0779772624373436
2,10,8,1,0.1606842577457428
2,10,8,2,0.0839734748005867
2,10,8,3,0.1712038666009903
2,10,8,4,0.141481414437294
2,10,8,5,0.1602320671081543
2,10,8,6,0.16076421737670898
2,10,8,7,0.19230061769485474
2,10,8,8,0.20199713110923767
2,10,8,9,0.09568511694669724
2,10,8,10,0.08815829455852509
2,10,9,1,0.1518186330795288
2,10,9,2,0.07510785013437271
2,10,9,3,0.1623382568359375
2,10,9,4,0.13261578977108002
2,10,9,5,0.1513664424419403
2,10,9,6,0.151898592710495
2,10,9,7,0.18343499302864075
2,10,9,8,0.19313150644302368
2,10,9,9,0.08681949973106384
2,10,9,10,0.0792926698923111
2,10,10,1,0.1735246777534485
2,10,10,2,0.0968138724565506
2,10,10,3,0.18404428660869598
2,10,10,4,0.1543218195438385
2,10,10,5,0.17307248711585999
2,10,10,6,0.17360463738441467
2,10,10,7,0.20514103770256042
2,10,10,8,0.21483755111694336
2,10,10,9,0.10852552950382233
2,10,10,10,0.10099871456623077
3,4,1,1,-1.1236019134521484
3,4,1,2,-1.0109093189239502
3,4,1,3,-0.9686282277107239
3,4,1,4,-0.9699269533157349
3,4,1,5,-1.6077864170074463
3,4,1,6,-1.8854930400848389
3,4,1,7,-1.7288758754730225
3,4,1,8,-0.8129860758781433
3,4,1,9,-0.7935558557510376
3,4,1,10,-0.7798418998718262
3,4,2,1,-0.4710928797721863
3,4,2,2,-0.4047013521194458
3,4,2,3,-0.3624202013015747
3,4,2,4,-0.36371898651123047
3,4,2,5,-0.8020831346511841
3,4,2,6,-1.1487358808517456
3,4,2,7,-1.0079634189605713
3,4,2,8,-0.21943002939224243
3,4,2,9,-0.1948276311159134
3,4,2,10,-0.181113600730896
3,4,3,1,-0.49726223945617676
3,4,3,2,-0.4308706820011139
3,4,3,3,-0.3885895311832428
3,4,3,4,-0.38988828659057617
3,4,3,5,-0.832814633846283
3,4,3,6,-1.1749051809310913
3,4,3,7,-1.034132719039917
3,4,3,8,-0.24559932947158813
3,4,3,9,-0.22099696099758148
3,4,3,10,-0.20728296041488647
3,4,4,1,-0.49023187160491943
3,4,4,2,-0.42384031414985657
3,4,4,3,-0.38155919313430786
3,4,4,4,-0.38285791873931885
3,4,4,5,-0.8072038292884827
3,4,4,6,-1.167874813079834
3,4,4,7,-1.0271025896072388
3,4,4,8,-0.23939010500907898
3,4,4,9,-0.21396660804748535
3,4,4,10,-0.20025259256362915
3,4,5,1,-1.4603437185287476
3,4,5,2,-1.1223230361938477
3,4,5,3,-1.097622036933899
3,4,5,4,-1.0797936916351318
3,4,5,5,-2.2187998294830322
3,4,5,6,-2.387559413909912
3,4,5,7,-2.2669384479522705
3,4,5,8,-1.0074785947799683
3,4,5,9,-0.9152715802192688
3,4,5,10,-0.9208901524543762
3,4,6,1,-1.0760973691940308
3,4,6,2,-0.823729395866394
3,4,6,3,-0.7814481854438782
3,4,6,4,-0.7827833294868469
3,4,6,5,-1.7405407428741455
3,4,6,6,-1.560638189315796
3,4,6,7,-1.409632682800293
3,4,6,8,1.4527745246887207
3,4,6,9,-0.5820291638374329
3,4,6,10,-0.5683103799819946
3,4,7,1,-1.1423381567001343
3,4,7,2,-0.9137145280838013
3,4,7,3,-0.8714333772659302
3,4,7,4,-0.8727684617042542
3,4,7,5,-1.82753324508667
3,4,7,6,-1.6501975059509277
3,4,7,7,-1.5035951137542725
3,4,7,8,1.2207591533660889
3,4,7,9,-0.6526935696601868
3,4,7,10,-0.6389747858047485
3,4,8,1,-0.6574532985687256
3,4,8,2,-0.5998765230178833
3,4,8,3,-0.5575953722000122
3,4,8,4,-0.5588940978050232
3,4,8,5,-0.9778876304626465
3,4,8,6,-1.3036489486694336
3,4,8,7,-1.1524354219436646
3,4,8,8,-0.27441924810409546
3,4,8,9,-0.385813444852829
3,4,8,10,-0.37209945917129517
3,4,9,1,-0.6633391380310059
3,4,9,2,-0.6057623624801636
3,4,9,3,-0.5634812116622925
3,4,9,4,-0.5647799968719482
3,4,9,5,-0.9805222749710083
3,4,9,6,-1.3095347881317139
3,4,9,7,-1.1583212614059448
3,4,9,8,-0.2809907793998718
3,4,9,9,-0.39169931411743164
3,4,9,10,-0.3779853284358978
3,4,10,1,-0.6819225549697876
3,4,10,2,-0.6243457794189453
3,4,10,3,-0.5820646286010742
3,4,10,4,-0.58336341381073
3,4,10,5,-0.9967336058616638
3,4,10,6,-1.3281182050704956
3,4,10,7,-1.1769046783447266
3,4,10,8,-0.29995080828666687
3,4,10,9,-0.410282701253891
3,4,10,10,-0.3965687155723572
3,5,1,1,-0.08127474039793015
3,5,1,2,-0.11270732432603836
3,5,1,3,-0.08127474039793015
3,5,1,4,-0.08127474039793015
3,5,1,5,-0.08127474039793015
3,5,1,6,-0.08127474039793015
3,5,1,7,-0.08127474039793015
3,5,1,8,-0.08127474039793015
3,5,1,9,-0.08127474039793015
3,5,1,10,-0.08127474039793015
3,5,2,1,-0.08127474039793015
3,5,2,2,-0.11270732432603836
3,5,2,3,-0.08127474039793015
3,5,2,4,-0.08127474039793015
3,5,2,5,-0.08127474039793015
3,5,2,6,-0.08127474039793015
3,5,2,7,-0.08127474039793015
3,5,2,8,-0.08127474039793015
3,5,2,9,-0.08127474039793015
3,5,2,10,-0.08127474039793015
3,5,3,1,-0.08127474039793015
3,5,3,2,-0.11270732432603836
3,5,3,3,-0.08127474039793015
3,5,3,4,-0.08127474039793015
3,5,3,5,-0.08127474039793015
3,5,3,6,-0.08127474039793015
3,5,3,7,-0.08127474039793015
3,5,3,8,-0.08127474039793015
3,5,3,9,-0.08127474039793015
3,5,3,10,-0.08127474039793015
3,5,4,1,-0.08127474039793015
3,5,4,2,-0.11270732432603836
3,5,4,3,-0.08127474039793015
3,5,4,4,-0.08127474039793015
3,5,4,5,-0.08127474039793015
3,5,4,6,-0.08127474039793015
3,5,4,7,-0.08127474039793015
3,5,4,8,-0.08127474039793015
3,5,4,9,-0.08127474039793015
3,5,4,10,-0.08127474039793015
3,5,5,1,-0.08130446821451187
3,5,5,2,-0.11273705214262009
3,5,5,3,-0.08130446821451187
3,5,5,4,-0.08130446821451187
3,5,5,5,-0.08130446821451187
3,5,5,6,-0.08130446821451187
3,5,5,7,-0.08130446821451187
3,5,5,8,-0.08130446821451187
3,5,5,9,-0.08130446821451187
3,5,5,10,-0.08130446821451187
3,5,6,1,-0.08127474039793015
3,5,6,2,-0.11270732432603836
3,5,6,3,-0.08127474039793015
3,5,6,4,-0.08127474039793015
3,5,6,5,-0.08127474039793015
3,5,6,6,-0.08127474039793015
3,5,6,7,-0.08127474039793015
3,5,6,8,-0.08127474039793015
3,5,6,9,-0.08127474039793015
3,5,6,10,-0.08127474039793015
3,5,7,1,-0.08127474039793015
3,5,7,2,-0.11270732432603836
3,5,7,3,-0.08127474039793015
3,5,7,4,-0.08127474039793015
3,5,7,5,-0.08127474039793015
3,5,7,6,-0.08127474039793015
3,5,7,7,-0.08127474039793015
3,5,7,8,-0.08127474039793015
3,5,7,9,-0.08127474039793015
3,5,7,10,-0.08127474039793015
3,5,8,1,-0.08127474039793015
3,5,8,2,-0.11270732432603836
3,5,8,3,-0.08127474039793015
3,5,8,4,-0.08127474039793015
3,5,8,5,-0.08127474039793015
3,5,8,6,-0.08127474039793015
3,5,8,7,-0.08127474039793015
3,5,8,8,-0.08127474039793015
3,5,8,9,-0.08127474039793015
3,5,8,10,-0.08127474039793015
3,5,9,1,-0.08127474039793015
3,5,9,2,-0.11270732432603836
3,5,9,3,-0.08127474039793015
3,5,9,4,-0.08127474039793015
3,5,9,5,-0.08127474039793015
3,5,9,6,-0.08127474039793015
3,5,9,7,-0.08127474039793015
3,5,9,8,-0.08127474039793015
3,5,9,9,-0.08127474039793015
3,5,9,10,-0.08127474039793015
3,5,10,1,-0.08127474039793015
3,5,10,2,-0.11270732432603836
3,5,10,3,-0.08127474039793015
3,5,10,4,-0.08127474039793015
3,5,10,5,-0.08127474039793015
3,5,10,6,-0.08127474039793015
3,5,10,7,-0.08127474039793015
3,5,10,8,-0.08127474039793015
3,5,10,9,-0.08127474039793015
3,5,10,10,-0.08127474039793015
3,6,1,1,0.0
3,6,1,2,-4.0189912397181615e-05
3,6,1,3,0.0
3,6,1,4,0.0
3,6,1,5,0.0
3,6,1,6,0.0
3,6,1,7,0.0
3,6,1,8,0.0
3,6,1,9,0.0
3,6,1,10,0.0
3,6,2,1,0.0
3,6,2,2,-4.0189912397181615e-05
3,6,2,3,0.0
3,6,2,4,0.0
3,6,2,5,0.0
3,6,2,6,0.0
3,6,2,7,0.0
3,6,2,8,0.0
3,6,2,9,0.0
3,6,2,10,0.0
3,6,3,1,0.0
3,6,3,2,-4.0189912397181615e-05
3,6,3,3,0.0
3,6,3,4,0.0
3,6,3,5,0.0
3,6,3,6,0.0
3,6,3,7,0.0
3,6,3,8,0.0
3,6,3,9,0.0
3,6,3,10,0.0
3,6,4,1,0.0
3,6,4,2,-4.0189912397181615e-05
3,6,4,3,0.0
3,6,4,4,0.0
3,6,4,5,0.0
3,6,4,6,0.0
3,6,4,7,0.0
3,6,4,8,0.0
3,6,4,9,0.0
3,6,4,10,0.0
3,6,5,1,0.0
3,6,5,2,-4.033814911963418e-05
3,6,5,3,0.0
3,6,5,4,0.0
3,6,5,5,0.0
3,6,5,6,0.0
3,6,5,7,0.0
3,6,5,8,0.0
3,6,5,9,-1.824655896598415e-06
3,6,5,10,0.0
3,6,6,1,0.0
3,6,6,2,-4.0189912397181615e-05
3,6,6,3,0.0
3,6,6,4,0.0
3,6,6,5,0.0
3,6,6,6,0.0
3,6,6,7,0.0
3,6,6,8,0.0
3,6,6,9,0.0
3,6,6,10,0.0
3,6,7,1,0.0
3,6,7,2,-4.0189912397181615e-05
3,6,7,3,0.0
3,6,7,4,0.0
3,6,7,5,0.0
3,6,7,6,0.0
3,6,7,7,0.0
3,6,7,8,0.0
3,6,7,9,0.0
3,6,7,10,0.0
3,6,8,1,0.0
3,6,8,2,-4.0189912397181615e-05
3,6,8,3,0.0
3,6,8,4,0.0
3,6,8,5,0.0
3,6,8,6,0.0
3,6,8,7,0.0
3,6,8,8,0.0
3,6,8,9,0.0
3,6,8,10,0.0
3,6,9,1,0.0
3,6,9,2,-4.0189912397181615e-05
3,6,9,3,0.0
3,6,9,4,0.0
3,6,9,5,0.0
3,6,9,6,0.0
3,6,9,7,0.0
3,6,9,8,0.0
3,6,9,9,0.0
3,6,9,10,0.0
3,6,10,1,0.0
3,6,10,2,-4.0189912397181615e-05
3,6,10,3,0.0
3,6,10,4,0.0
3,6,10,5,0.0
3,6,10,6,0.0
3,6,10,7,0.0
3,6,10,8,0.0
3,6,10,9,0.0
3,6,10,10,0.0
3,10,1,1,0.0
3,10,1,2,-1.8896818687608175e-07
3,10,1,3,0.0
3,10,1,4,0.0
3,10,1,5,0.0
3,10,1,6,0.0
3,10,1,7,-0.0003049057850148529
3,10,1,8,-0.00030645186780020595
3,10,1,9,0.0
3,10,1,10,5.485443398356438e-05
3,10,2,1,0.0
3,10,2,2,-1.8896818687608175e-07
3,10,2,3,0.0
3,10,2,4,0.0
3,10,2,5,0.0
3,10,2,6,0.0
3,10,2,7,-0.00024309905711561441
3,10,2,8,-0.000248393916990608
3,10,2,9,0.0
3,10,2,10,6.041768938302994e-05
3,10,3,1,0.0
3,10,3,2,-1.8896818687608175e-07
3,10,3,3,0.0
3,10,3,4,0.0
3,10,3,5,0.0
3,10,3,6,0.0
3,10,3,7,-0.00024309905711561441
3,10,3,8,-0.000248393916990608
3,10,3,9,0.0
3,10,3,10,6.041768938302994e-05
3,10,4,1,0.0
3,10,4,2,-1.8896818687608175e-07
3,10,4,3,0.0
3,10,4,4,0.0
3,10,4,5,0.0
3,10,4,6,0.0
3,10,4,7,-0.00024309905711561441
3,10,4,8,-0.000248393916990608
3,10,4,9,0.0
3,10,4,10,6.041768938302994e-05
3,10,5,1,0.0
3,10,5,2,-1.8896818687608175e-07
3,10,5,3,0.0
3,10,5,4,0.0
3,10,5,5,0.0
3,10,5,6,0.0
3,10,5,7,-0.062294311821460724
3,10,5,8,-0.06158677116036415
3,10,5,9,-5.0885710152215324e-06
3,10,5,10,0.04239563271403313
3,10,6,1,0.0
3,10,6,2,9.437283551960718e-06
3,10,6,3,-4.247303877491504e-05
3,10,6,4,-1.630861879675649e-05
3,10,6,5,0.0
3,10,6,6,0.0
3,10,6,7,-0.029186587780714035
3,10,6,8,-0.03500580042600632
3,10,6,9,-5.9626974689308554e-05
3,10,6,10,-0.02606264129281044
3,10,7,1,0.0
3,10,7,2,-1.8896818687608175e-07
3,10,7,3,0.0
3,10,7,4,0.0
3,10,7,5,0.0
3,10,7,6,0.0
3,10,7,7,-0.07061292231082916
3,10,7,8,-0.07062625885009766
3,10,7,9,0.0
3,10,7,10,-0.07684677094221115
3,10,8,1,0.0
3,10,8,2,-1.8896818687608175e-07
3,10,8,3,0.0
3,10,8,4,0.0
3,10,8,5,0.0
3,10,8,6,0.0
3,10,8,7,-0.00024667801335453987
3,10,8,8,-0.0002562304143793881
3,10,8,9,0.0
3,10,8,10,-0.00039108656346797943
3,10,9,1,0.0
3,10,9,2,-1.8896818687608175e-07
3,10,9,3,0.0
3,10,9,4,0.0
3,10,9,5,0.0
3,10,9,6,0.0
3,10,9,7,-0.00024667801335453987
3,10,9,8,-0.0002562304143793881
3,10,9,9,0.0
3,10,9,10,-0.00039108656346797943
3,10,10,1,0.0
3,10,10,2,-1.8896818687608175e-07
3,10,10,3,0.0
3,10,10,4,0.0
3,10,10,5,0.0
3,10,10,6,0.0
3,10,10,7,-0.00024667801335453987
3,10,10,8,-0.0002562304143793881
3,10,10,9,0.0
3,10,10,10,-0.00039108656346797943
4,5,1,1,0.6971449851989746
4,5,1,2,0.6098812818527222
4,5,1,3,0.4200889468193054
4,5,1,4,0.36695414781570435
4,5,1,5,0.7098302841186523
4,5,1,6,0.7119905948638916
4,5,1,7,0.7090674042701721
4,5,1,8,0.5016899108886719
4,5,1,9,0.6827762126922607
4,5,1,10,0.4373754560947418
4,5,2,1,-0.06066173315048218
4,5,2,2,-0.12036129832267761
4,5,2,3,-0.3148847818374634
4,5,2,4,-0.36801958084106445
4,5,2,5,-0.02496546506881714
4,5,2,6,-0.02280515432357788
4,5,2,7,-0.025728344917297363
4,5,2,8,-0.3701918125152588
4,5,2,9,-0.19000321626663208
4,5,2,10,-0.43221569061279297
4,5,3,1,-0.20417433977127075
4,5,3,2,-0.24187594652175903
4,5,3,3,-0.4358828663825989
4,5,3,4,-0.48901766538619995
4,5,3,5,-0.14369523525238037
4,5,3,6,-0.14153504371643066
4,5,3,7,-0.1444581151008606
4,5,3,8,-0.49515068531036377
4,5,3,9,-0.3533725142478943
4,5,3,10,-0.5926572680473328
4,5,4,1,-0.1328391432762146
4,5,4,2,-0.1984119415283203
4,5,4,3,-0.38781893253326416
4,5,4,4,-0.44095373153686523
4,5,4,5,-0.09744369983673096
4,5,4,6,-0.0952833890914917
4,5,4,7,-0.09820657968521118
4,5,4,8,-0.4222925305366516
4,5,4,9,-0.30682533979415894
4,5,4,10,-0.48073267936706543
4,5,5,1,0.39186322689056396
4,5,5,2,0.30391553044319153
4,5,5,3,0.11412686109542847
4,5,5,4,0.06099206209182739
4,5,5,5,0.4038560390472412
4,5,5,6,0.40601637959480286
4,5,5,7,0.403093159198761
4,5,5,8,0.19533297419548035
4,5,5,9,0.38196057081222534
4,5,5,10,0.1310223639011383
4,5,6,1,0.41405564546585083
4,5,6,2,0.3261079490184784
4,5,6,3,0.13631927967071533
4,5,6,4,0.08318448066711426
4,5,6,5,0.4260484576225281
4,5,6,6,0.4282087981700897
4,5,6,7,0.42528557777404785
4,5,6,8,0.2175253927707672
4,5,6,9,0.40415289998054504
4,5,6,10,0.15321478247642517
4,5,7,1,0.39205285906791687
4,5,7,2,0.30410516262054443
4,5,7,3,0.11431649327278137
4,5,7,4,0.0611816942691803
4,5,7,5,0.4040456712245941
4,5,7,6,0.40620601177215576
4,5,7,7,0.4032828211784363
4,5,7,8,0.19552260637283325
4,5,7,9,0.38215020298957825
4,5,7,10,0.1312119960784912
4,5,8,1,0.5174444913864136
4,5,8,2,0.4293927550315857
4,5,8,3,0.2396191656589508
4,5,8,4,0.18648436665534973
4,5,8,5,0.5293317437171936
4,5,8,6,0.5314921140670776
4,5,8,7,0.5285689234733582
4,5,8,8,0.3207250237464905
4,5,8,9,0.504037618637085
4,5,8,10,0.25641578435897827
4,5,9,1,1.3895081281661987
4,5,9,2,1.1130620241165161
4,5,9,3,1.03568434715271
4,5,9,4,0.9825494885444641
4,5,9,5,1.2883282899856567
4,5,9,6,1.2904866933822632
4,5,9,7,1.2875654697418213
4,5,9,8,1.272918701171875
4,5,9,9,1.1430857181549072
4,5,9,10,1.3978562355041504
4,5,10,1,1.4674644470214844
4,5,10,2,1.3398493528366089
4,5,10,3,1.1576154232025146
4,5,10,4,1.1044807434082031
4,5,10,5,1.4458000659942627
4,5,10,6,1.447956919670105
4,5,10,7,1.4450371265411377
4,5,10,8,1.2870826721191406
4,5,10,9,1.3589396476745605
4,5,10,10,1.3800272941589355
4,6,1,1,-2.1273672580718994
4,6,1,2,-3.284393310546875
4,6,1,3,-2.9954376220703125
4,6,1,4,-3.052590847015381
4,6,1,5,-1.876603126525879
4,6,1,6,-2.3122127056121826
4,6,1,7,-1.9183474779129028
4,6,1,8,-0.7863098978996277
4,6,1,9,-1.8975944519042969
4,6,1,10,-2.065890312194824
4,6,2,1,-2.34981107711792
4,6,2,2,-3.5799331665039062
4,6,2,3,-3.1713171005249023
4,6,2,4,-3.1422111988067627
4,6,2,5,-2.0272769927978516
4,6,2,6,-2.4587974548339844
4,6,2,7,-2.068481683731079
4,6,2,8,-0.9247694611549377
4,6,2,9,-0.8286488652229309
4,6,2,10,-0.5492371320724487
4,6,3,1,-2.4652318954467773
4,6,3,2,-3.640533924102783
4,6,3,3,-3.504173755645752
4,6,3,4,-3.5724282264709473
4,6,3,5,-2.1110334396362305
4,6,3,6,-2.5099871158599854
4,6,3,7,-2.1505157947540283
4,6,3,8,-0.9909636378288269
4,6,3,9,-2.0911669731140137
4,6,3,10,-2.26594877243042
4,6,4,1,-2.3321590423583984
4,6,4,2,-3.6461801528930664
4,6,4,3,-3.2427566051483154
4,6,4,4,-3.238987445831299
4,6,4,5,-2.0039243698120117
4,6,4,6,-2.4354448318481445
4,6,4,7,-2.0451290607452393
4,6,4,8,-0.9024176001548767
4,6,4,9,-1.4627776145935059
4,6,4,10,-1.1868115663528442
4,6,5,1,-1.9988397359848022
4,6,5,2,-2.991447925567627
4,6,5,3,-2.7762904167175293
4,6,5,4,-2.832914113998413
4,6,5,5,-1.7720952033996582
4,6,5,6,-2.2004802227020264
4,6,5,7,-1.813338041305542
4,6,5,8,-0.67635178565979
4,6,5,9,-1.8582051992416382
4,6,5,10,-2.0438783168792725
4,6,6,1,-1.9988397359848022
4,6,6,2,-2.995424270629883
4,6,6,3,-2.776287078857422
4,6,6,4,-2.8329105377197266
4,6,6,5,-1.7720952033996582
4,6,6,6,-2.2004802227020264
4,6,6,7,-1.813338041305542
4,6,6,8,-0.67635178565979
4,6,6,9,-1.8565969467163086
4,6,6,10,-2.043874740600586
4,6,7,1,-1.998862624168396
4,6,7,2,-2.9861574172973633
4,6,7,3,-2.79508638381958
4,6,7,4,-2.847541332244873
4,6,7,5,-1.7721174955368042
4,6,7,6,-2.200502395629883
4,6,7,7,-1.8133602142333984
4,6,7,8,-0.6763741970062256
4,6,7,9,-2.009061574935913
4,6,7,10,-2.1858301162719727
4,6,8,1,-2.0288443565368652
4,6,8,2,-2.9628348350524902
4,6,8,3,-2.7305455207824707
4,6,8,4,-2.789001703262329
4,6,8,5,-1.7997735738754272
4,6,8,6,-2.2317006587982178
4,6,8,7,-1.84160315990448
4,6,8,8,-0.7087100744247437
4,6,8,9,-1.730343222618103
4,6,8,10,-1.950307846069336
4,6,9,1,-1.819277048110962
4,6,9,2,-2.8276736736297607
4,6,9,3,-2.37095046043396
4,6,9,4,-2.1070642471313477
4,6,9,5,-1.5347439050674438
4,6,9,6,-1.9677101373672485
4,6,9,7,-1.5742830038070679
4,6,9,8,-0.4495576322078705
4,6,9,9,2.522923231124878
4,6,9,10,2.9865167140960693
4,6,10,1,-1.3045063018798828
4,6,10,2,-2.027207851409912
4,6,10,3,-1.128722906112671
4,6,10,4,-0.6621276140213013
4,6,10,5,-1.1637909412384033
4,6,10,6,-1.6631813049316406
4,6,10,7,-1.2033578157424927
4,6,10,8,0.004617437720298767
4,6,10,9,5.015139579772949
4,6,10,10,7.673171043395996
4,7,1,1,-0.07491962611675262
4,7,1,2,-0.07491962611675262
4,7,1,3,-0.07491962611675262
4,7,1,4,-0.07491962611675262
4,7,1,5,-0.07491962611675262
4,7,1,6,-0.07491962611675262
4,7,1,7,-0.07491962611675262
4,7,1,8,-0.07491962611675262
4,7,1,9,-0.07491962611675262
4,7,1,10,-0.07491962611675262
4,7,2,1,-0.07491962611675262
4,7,2,2,-0.07491962611675262
4,7,2,3,-0.07491962611675262
4,7,2,4,-0.07491962611675262
4,7,2,5,-0.07491962611675262
4,7,2,6,-0.07491962611675262
4,7,2,7,-0.07491962611675262
4,7,2,8,-0.07491962611675262
4,7,2,9,-0.07491962611675262
4,7,2,10,-0.07491962611675262
4,7,3,1,-0.06861980259418488
4,7,3,2,-0.06861980259418488
4,7,3,3,-0.06861980259418488
4,7,3,4,-0.06861980259418488
4,7,3,5,-0.06861980259418488
4,7,3,6,-0.06861980259418488
4,7,3,7,-0.06861980259418488
4,7,3,8,-0.06861980259418488
4,7,3,9,-0.06861980259418488
4,7,3,10,-0.06861980259418488
4,7,4,1,-0.07491962611675262
4,7,4,2,-0.07491962611675262
4,7,4,3,-0.07491962611675262
4,7,4,4,-0.07491962611675262
4,7,4,5,-0.07491962611675262
4,7,4,6,-0.07491962611675262
4,7,4,7,-0.07491962611675262
4,7,4,8,-0.07491962611675262
4,7,4,9,-0.07491962611675262
4,7,4,10,-0.07491962611675262
4,7,5,1,-0.07491962611675262
4,7,5,2,-0.07491962611675262
4,7,5,3,-0.07491962611675262
4,7,5,4,-0.07491962611675262
4,7,5,5,-0.07491962611675262
4,7,5,6,-0.07491962611675262
4,7,5,7,-0.07491962611675262
4,7,5,8,-0.07491962611675262
4,7,5,9,-0.07491962611675262
4,7,5,10,-0.07491962611675262
4,7,6,1,-0.07491962611675262
4,7,6,2,-0.07491962611675262
4,7,6,3,-0.07491962611675262
4,7,6,4,-0.07491962611675262
4,7,6,5,-0.07491962611675262
4,7,6,6,-0.07491962611675262
4,7,6,7,-0.07491962611675262
4,7,6,8,-0.07491962611675262
4,7,6,9,-0.07491962611675262
4,7,6,10,-0.07491962611675262
4,7,7,1,-0.07491962611675262
4,7,7,2,-0.07491962611675262
4,7,7,3,-0.07491962611675262
4,7,7,4,-0.07491962611675262
4,7,7,5,-0.07491962611675262
4,7,7,6,-0.07491962611675262
4,7,7,7,-0.07491962611675262
4,7,7,8,-0.07491962611675262
4,7,7,9,-0.07491962611675262
4,7,7,10,-0.07491962611675262
4,7,8,1,-0.07491962611675262
4,7,8,2,-0.07491962611675262
4,7,8,3,-0.07491962611675262
4,7,8,4,-0.07491962611675262
4,7,8,5,-0.07491962611675262
4,7,8,6,-0.07491962611675262
4,7,8,7,-0.07491962611675262
4,7,8,8,-0.07491962611675262
4,7,8,9,-0.07491962611675262
4,7,8,10,-0.07491962611675262
4,7,9,1,-0.07491962611675262
4,7,9,2,-0.07491962611675262
4,7,9,3,-0.07491962611675262
4,7,9,4,-0.07491962611675262
4,7,9,5,-0.07491962611675262
4,7,9,6,-0.07491962611675262
4,7,9,7,-0.07491962611675262
4,7,9,8,-0.07491962611675262
4,7,9,9,-0.07491962611675262
4,7,9,10,-0.07491962611675262
4,7,10,1,-0.07492707669734955
4,7,10,2,-0.07492707669734955
4,7,10,3,-0.07492707669734955
4,7,10,4,-0.07492707669734955
4,7,10,5,-0.07492707669734955
4,7,10,6,-0.07492707669734955
4,7,10,7,-0.07492707669734955
4,7,10,8,-0.07492707669734955
4,7,10,9,-0.07492707669734955
4,7,10,10,-0.07492707669734955
4,9,1,1,0.0
4,9,1,2,0.0
4,9,1,3,0.0
4,9,1,4,0.0
4,9,1,5,0.0
4,9,1,6,0.0
4,9,1,7,0.0
4,9,1,8,0.0
4,9,1,9,0.0
4,9,1,10,0.0
4,9,2,1,0.0
4,9,2,2,0.0
4,9,2,3,0.0
4,9,2,4,0.0
4,9,2,5,0.0
4,9,2,6,0.0
4,9,2,7,0.0
4,9,2,8,0.0
4,9,2,9,0.0
4,9,2,10,0.0
4,9,3,1,0.0
4,9,3,2,0.0
4,9,3,3,0.0
4,9,3,4,0.0
4,9,3,5,0.0
4,9,3,6,0.0
4,9,3,7,0.0
4,9,3,8,0.0
4,9,3,9,0.0
4,9,3,10,0.0
4,9,4,1,0.0
4,9,4,2,0.0
4,9,4,3,0.0
4,9,4,4,0.0
4,9,4,5,0.0
4,9,4,6,0.0
4,9,4,7,0.0
4,9,4,8,0.0
4,9,4,9,0.0
4,9,4,10,0.0
4,9,5,1,0.0
4,9,5,2,0.0
4,9,5,3,0.0
4,9,5,4,0.0
4,9,5,5,0.0
4,9,5,6,0.0
4,9,5,7,0.0
4,9,5,8,0.0
4,9,5,9,0.0
4,9,5,10,0.0
4,9,6,1,0.0
4,9,6,2,0.0
4,9,6,3,0.0
4,9,6,4,0.0
4,9,6,5,0.0
4,9,6,6,0.0
4,9,6,7,0.0
4,9,6,8,0.0
4,9,6,9,0.0
4,9,6,10,0.0
4,9,7,1,0.0
4,9,7,2,0.0
4,9,7,3,0.0
4,9,7,4,0.0
4,9,7,5,0.0
4,9,7,6,0.0
4,9,7,7,0.0
4,9,7,8,0.0
4,9,7,9,0.0
4,9,7,10,0.0
4,9,8,1,0.0
4,9,8,2,0.0
4,9,8,3,0.0
4,9,8,4,0.0
4,9,8,5,0.0
4,9,8,6,0.0
4,9,8,7,0.0
4,9,8,8,0.0
4,9,8,9,0.0
4,9,8,10,0.0
4,9,9,1,0.0
4,9,9,2,0.0
4,9,9,3,0.0
4,9,9,4,0.0
4,9,9,5,0.0
4,9,9,6,0.0
4,9,9,7,0.0
4,9,9,8,0.0
4,9,9,9,0.0
4,9,9,10,0.0
4,9,10,1,0.0
4,9,10,2,0.0
4,9,10,3,0.0
4,9,10,4,0.0
4,9,10,5,0.0
4,9,10,6,0.0
4,9,10,7,0.0
4,9,10,8,0.0
4,9,10,9,0.0
4,9,10,10,0.0
4,10,1,1,-0.03416641429066658
4,10,1,2,-0.04678504914045334
4,10,1,3,-0.09698576480150223
4,10,1,4,-0.026020802557468414
4,10,1,5,-0.02839639224112034
4,10,1,6,0.0
4,10,1,7,-0.09201791137456894
4,10,1,8,-0.14979076385498047
4,10,1,9,-0.252034991979599
4,10,1,10,3.873945713043213
4,10,2,1,-0.03411903232336044
4,10,2,2,-0.04742276668548584
4,10,2,3,-0.09059648960828781
4,10,2,4,-0.026733625680208206
4,10,2,5,-0.031393151730298996
4,10,2,6,0.0
4,10,2,7,-0.0663759857416153
4,10,2,8,-0.1104046180844307
4,10,2,9,-0.2541086673736572
4,10,2,10,4.499514579772949
4,10,3,1,-0.034122344106435776
4,10,3,2,-0.04742640629410744
4,10,3,3,-0.09061120450496674
4,10,3,4,-0.02674747258424759
4,10,3,5,-0.021176405251026154
4,10,3,6,0.0
4,10,3,7,-0.06640806794166565
4,10,3,8,-0.08107084780931473
4,10,3,9,-0.23115374147891998
4,10,3,10,4.961803913116455
4,10,4,1,-0.03411903232336044
4,10,4,2,-0.04742276668548584
4,10,4,3,-0.09063026309013367
4,10,4,4,-0.026754293590784073
4,10,4,5,-0.026320258155465126
4,10,4,6,0.0
4,10,4,7,-0.06632004678249359
4,10,4,8,-0.06802105903625488
4,10,4,9,-0.239772230386734
4,10,4,10,5.370190143585205
4,10,5,1,-0.03412342816591263
4,10,5,2,-0.04742792993783951
4,10,5,3,-0.09074445068836212
4,10,5,4,-0.0268142931163311
4,10,5,5,-0.028281979262828827
4,10,5,6,0.0
4,10,5,7,-0.07547083497047424
4,10,5,8,-0.09238164126873016
4,10,5,9,-0.23002727329730988
4,10,5,10,4.747248649597168
4,10,6,1,-0.03412342816591263
4,10,6,2,-0.04742792993783951
4,10,6,3,-0.09074415266513824
4,10,6,4,-0.0268142931163311
4,10,6,5,-0.028281979262828827
4,10,6,6,0.0
4,10,6,7,-0.08676230907440186
4,10,6,8,-0.10520031303167343
4,10,6,9,-0.22999823093414307
4,10,6,10,4.610193729400635
4,10,7,1,-0.03412342816591263
4,10,7,2,-0.04742792993783951
4,10,7,3,-0.09076468646526337
4,10,7,4,-0.026819942519068718
4,10,7,5,-0.028281979262828827
4,10,7,6,0.0
4,10,7,7,-0.07131056487560272
4,10,7,8,-0.06706590950489044
4,10,7,9,-0.22361774742603302
4,10,7,10,5.168913841247559
4,10,8,1,-0.034185826778411865
4,10,8,2,-0.046899791806936264
4,10,8,3,-0.10011210292577744
4,10,8,4,-0.02572290599346161
4,10,8,5,-0.02816968783736229
4,10,8,6,0.0
4,10,8,7,-0.1440078616142273
4,10,8,8,-0.22033314406871796
4,10,8,9,-0.2492283135652542
4,10,8,10,3.425926685333252
4,10,9,1,-0.033915985375642776
4,10,9,2,-0.04722040146589279
4,10,9,3,-0.10342906415462494
4,10,9,4,-0.026096921414136887
4,10,9,5,-0.02829214185476303
4,10,9,6,0.0
4,10,9,7,-0.06885461509227753
4,10,9,8,-0.14130032062530518
4,10,9,9,-0.26127129793167114
4,10,9,10,4.702880859375
4,10,10,1,-0.033915985375642776
4,10,10,2,-0.04722040146589279
4,10,10,3,-0.10342906415462494
4,10,10,4,-0.026108570396900177
4,10,10,5,-0.05122550204396248
4,10,10,6,0.0
4,10,10,7,-0.06913657486438751
4,10,10,8,-0.14316892623901367
4,10,10,9,-0.30007368326187134
4,10,10,10,4.834442138671875
5,6,1,1,0.8167412281036377
5,6,1,2,0.6315736174583435
5,6,1,3,0.5757591128349304
5,6,1,4,0.5584151744842529
5,6,1,5,0.6044923067092896
5,6,1,6,0.7044618129730225
5,6,1,7,0.5439168214797974
5,6,1,8,0.603821873664856
5,6,1,9,0.97621750831604
5,6,1,10,1.1119272708892822
5,6,2,1,1.535843014717102
5,6,2,2,1.350988745689392
5,6,2,3,1.29486083984375
5,6,2,4,1.2775169610977173
5,6,2,5,1.3235939741134644
5,6,2,6,1.4235645532608032
5,6,2,7,1.2630184888839722
5,6,2,8,1.3229236602783203
5,6,2,9,1.6953141689300537
5,6,2,10,1.8330857753753662
5,6,3,1,1.534360647201538
5,6,3,2,1.3495063781738281
5,6,3,3,1.2933785915374756
5,6,3,4,1.2760345935821533
5,6,3,5,1.3221116065979004
5,6,3,6,1.4220821857452393
5,6,3,7,1.2615361213684082
5,6,3,8,1.3214412927627563
5,6,3,9,1.6938318014144897
5,6,3,10,1.8316035270690918
5,6,4,1,1.5377154350280762
5,6,4,2,1.3528611660003662
5,6,4,3,1.2967332601547241
5,6,4,4,1.2793893814086914
5,6,4,5,1.3254663944244385
5,6,4,6,1.4254369735717773
5,6,4,7,1.2648909091949463
5,6,4,8,1.3247959613800049
5,6,4,9,1.6971864700317383
5,6,4,10,1.8349581956863403
5,6,5,1,1.4482557773590088
5,6,5,2,1.263403058052063
5,6,5,3,1.2072736024856567
5,6,5,4,1.1899296045303345
5,6,5,5,1.236006736755371
5,6,5,6,1.3359771966934204
5,6,5,7,1.175431251525879
5,6,5,8,1.2353363037109375
5,6,5,9,1.607719898223877
5,6,5,10,1.7454679012298584
5,6,6,1,1.496056318283081
5,6,6,2,1.3112095594406128
5,6,6,3,1.255079984664917
5,6,6,4,1.2377361059188843
5,6,6,5,1.2838131189346313
5,6,6,6,1.3837836980819702
5,6,6,7,1.2232376337051392
5,6,6,8,1.2831404209136963
5,6,6,9,1.6555269956588745
5,6,6,10,1.7932729721069336
5,6,7,1,1.51552152633667
5,6,7,2,1.3306686878204346
5,6,7,3,1.2745392322540283
5,6,7,4,1.257195234298706
5,6,7,5,1.3032722473144531
5,6,7,6,1.403242826461792
5,6,7,7,1.242696762084961
5,6,7,8,1.302601933479309
5,6,7,9,1.674985647201538
5,6,7,10,1.81273353099823
5,6,8,1,1.5058786869049072
5,6,8,2,1.3223164081573486
5,6,8,3,1.26521635055542
5,6,8,4,1.2475206851959229
5,6,8,5,1.2936476469039917
5,6,8,6,1.3936183452606201
5,6,8,7,1.2330721616744995
5,6,8,8,1.292973279953003
5,6,8,9,1.6480035781860352
5,6,8,10,1.7462621927261353
5,6,9,1,1.5475207567214966
5,6,9,2,1.3631625175476074
5,6,9,3,1.306538701057434
5,6,9,4,1.2891947031021118
5,6,9,5,1.3352717161178589
5,6,9,6,1.4352422952651978
5,6,9,7,1.2746962308883667
5,6,9,8,1.3346014022827148
5,6,9,9,1.7069969177246094
5,6,9,10,1.8423254489898682
5,6,10,1,1.615764856338501
5,6,10,2,1.4308162927627563
5,6,10,3,1.374782681465149
5,6,10,4,1.3574388027191162
5,6,10,5,1.4035158157348633
5,6,10,6,1.5034863948822021
5,6,10,7,1.342940330505371
5,6,10,8,1.4028453826904297
5,6,10,9,1.775254726409912
5,6,10,10,1.9135148525238037
5,7,1,1,0.6021735668182373
5,7,1,2,0.632655918598175
5,7,1,3,0.632655918598175
5,7,1,4,0.632655918598175
5,7,1,5,0.45017850399017334
5,7,1,6,0.6238277554512024
5,7,1,7,0.702350378036499
5,7,1,8,1.0927929878234863
5,7,1,9,1.1842576265335083
5,7,1,10,0.6564451456069946
5,7,2,1,0.6976478099822998
5,7,2,2,0.7280976176261902
5,7,2,3,0.7280976176261902
5,7,2,4,0.7280976176261902
5,7,2,5,0.5459983944892883
5,7,2,6,0.7186925411224365
5,7,2,7,0.7964209318161011
5,7,2,8,1.1879477500915527
5,7,2,9,1.277950406074524
5,7,2,10,0.7518837451934814
5,7,3,1,0.7164886593818665
5,7,3,2,0.7469384074211121
5,7,3,3,0.7469384074211121
5,7,3,4,0.7469384074211121
5,7,3,5,0.5648391842842102
5,7,3,6,0.7375333905220032
5,7,3,7,0.8152617812156677
5,7,3,8,1.2067885398864746
5,7,3,9,1.2967911958694458
5,7,3,10,0.7707245349884033
5,7,4,1,0.6976478099822998
5,7,4,2,0.7280976176261902
5,7,4,3,0.7280976176261902
5,7,4,4,0.7280976176261902
5,7,4,5,0.5459983944892883
5,7,4,6,0.7186925411224365
5,7,4,7,0.7964209318161011
5,7,4,8,1.1879477500915527
5,7,4,9,1.277950406074524
5,7,4,10,0.7518837451934814
5,7,5,1,0.44597578048706055
5,7,5,2,0.4943794012069702
5,7,5,3,0.4944015145301819
5,7,5,4,0.4944015145301819
5,7,5,5,0.07894527912139893
5,7,5,6,0.26176097989082336
5,7,5,7,0.3732289969921112
5,7,5,8,1.2564502954483032
5,7,5,9,1.124345064163208
5,7,5,10,0.5176044702529907
5,7,6,1,0.39858871698379517
5,7,6,2,0.4646226763725281
5,7,6,3,0.4644901156425476
5,7,6,4,0.4644901156425476
5,7,6,5,0.03813633322715759
5,7,6,6,0.1717284917831421
5,7,6,7,0.23596638441085815
5,7,6,8,0.8016442656517029
5,7,6,9,0.8013805150985718
5,7,6,10,0.4750722050666809
5,7,7,1,0.3299177885055542
5,7,7,2,0.37906843423843384
5,7,7,3,0.37909042835235596
5,7,7,4,0.37909042835235596
5,7,7,5,-0.04018402099609375
5,7,7,6,0.1275484263896942
5,7,7,7,0.2631535828113556
5,7,7,8,1.2586658000946045
5,7,7,9,1.1172614097595215
5,7,7,10,0.40236449241638184
5,7,8,1,0.7234340906143188
5,7,8,2,0.7539154291152954
5,7,8,3,0.7539154291152954
5,7,8,4,0.7539154291152954
5,7,8,5,0.5935390591621399
5,7,8,6,0.7449837923049927
5,7,8,7,0.8238165378570557
5,7,8,8,1.169142246246338
5,7,8,9,1.3085428476333618
5,7,8,10,0.7777041792869568
5,7,9,1,0.6792196035385132
5,7,9,2,0.7097004652023315
5,7,9,3,0.7097004652023315
5,7,9,4,0.7097004652023315
5,7,9,5,0.5268239974975586
5,7,9,6,0.701046347618103
5,7,9,7,0.7798790335655212
5,7,9,8,1.1795580387115479
5,7,9,9,1.2668458223342896
5,7,9,10,0.7334904670715332
5,7,10,1,0.6792198419570923
5,7,10,2,0.7097007036209106
5,7,10,3,0.7097007036209106
5,7,10,4,0.7097007036209106
5,7,10,5,0.5268241763114929
5,7,10,6,0.7010465860366821
5,7,10,7,0.7798792719841003
5,7,10,8,1.179558277130127
5,7,10,9,1.2668460607528687
5,7,10,10,0.7334907054901123
5,8,1,1,0.0
5,8,1,2,0.0
5,8,1,3,0.0
5,8,1,4,0.0
5,8,1,5,0.0
5,8,1,6,0.0
5,8,1,7,0.0
5,8,1,8,0.0
5,8,1,9,0.0
5,8,1,10,0.0
5,8,2,1,0.0
5,8,2,2,0.0
5,8,2,3,0.0
5,8,2,4,0.0
5,8,2,5,0.0
5,8,2,6,0.0
5,8,2,7,0.0
5,8,2,8,0.0
5,8,2,9,0.0
5,8,2,10,0.0
5,8,3,1,0.0
5,8,3,2,0.0
5,8,3,3,0.0
5,8,3,4,0.0
5,8,3,5,0.0
5,8,3,6,0.0
5,8,3,7,0.0
5,8,3,8,0.0
5,8,3,9,0.0
5,8,3,10,0.0
5,8,4,1,0.0
5,8,4,2,0.0
5,8,4,3,0.0
5,8,4,4,0.0
5,8,4,5,0.0
5,8,4,6,0.0
5,8,4,7,0.0
5,8,4,8,0.0
5,8,4,9,0.0
5,8,4,10,0.0
5,8,5,1,0.0
5,8,5,2,0.0
5,8,5,3,0.0
5,8,5,4,0.0
5,8,5,5,0.0
5,8,5,6,0.0
5,8,5,7,0.0
5,8,5,8,0.0
5,8,5,9,0.0
5,8,5,10,0.0
5,8,6,1,0.0
5,8,6,2,0.0
5,8,6,3,0.0
5,8,6,4,0.0
5,8,6,5,0.0
5,8,6,6,0.0
5,8,6,7,0.0
5,8,6,8,0.0
5,8,6,9,0.0
5,8,6,10,0.0
5,8,7,1,0.0
5,8,7,2,0.0
5,8,7,3,0.0
5,8,7,4,0.0
5,8,7,5,0.0
5,8,7,6,0.0
5,8,7,7,0.0
5,8,7,8,0.0
5,8,7,9,0.0
5,8,7,10,0.0
5,8,8,1,0.0
5,8,8,2,0.0
5,8,8,3,0.0
5,8,8,4,0.0
5,8,8,5,0.0
5,8,8,6,0.0
5,8,8,7,0.0
5,8,8,8,0.0
5,8,8,9,0.0
5,8,8,10,0.0
5,8,9,1,0.0
5,8,9,2,0.0
5,8,9,3,0.0
5,8,9,4,0.0
5,8,9,5,0.0
5,8,9,6,0.0
5,8,9,7,0.0
5,8,9,8,0.0
5,8,9,9,0.0
5,8,9,10,0.0
5,8,10,1,0.0
5,8,10,2,0.0
5,8,10,3,0.0
5,8,10,4,0.0
5,8,10,5,0.0
5,8,10,6,0.0
5,8,10,7,0.0
5,8,10,8,0.0
5,8,10,9,0.0
5,8,10,10,0.0
5,9,1,1,0.0
5,9,1,2,0.0
5,9,1,3,0.0
5,9,1,4,0.0
5,9,1,5,0.0
5,9,1,6,0.0
5,9,1,7,0.0
5,9,1,8,0.0
5,9,1,9,0.0
5,9,1,10,0.0
5,9,2,1,0.0
5,9,2,2,0.0
5,9,2,3,0.0
5,9,2,4,0.0
5,9,2,5,0.0
5,9,2,6,0.0
5,9,2,7,0.0
5,9,2,8,0.0
5,9,2,9,0.0
5,9,2,10,0.0
5,9,3,1,0.0
5,9,3,2,0.0
5,9,3,3,0.0
5,9,3,4,0.0
5,9,3,5,0.0
5,9,3,6,0.0
5,9,3,7,0.0
5,9,3,8,0.0
5,9,3,9,0.0
5,9,3,10,0.0
5,9,4,1,0.0
5,9,4,2,0.0
5,9,4,3,0.0
5,9,4,4,0.0
5,9,4,5,0.0
5,9,4,6,0.0
5,9,4,7,0.0
5,9,4,8,0.0
5,9,4,9,0.0
5,9,4,10,0.0
5,9,5,1,0.0
5,9,5,2,0.0
5,9,5,3,0.0
5,9,5,4,0.0
5,9,5,5,0.0
5,9,5,6,0.0
5,9,5,7,0.0
5,9,5,8,0.0
5,9,5,9,0.0
5,9,5,10,0.0
5,9,6,1,0.0
5,9,6,2,0.0
5,9,6,3,0.0
5,9,6,4,0.0
5,9,6,5,0.0
5,9,6,6,0.0
5,9,6,7,0.0
5,9,6,8,0.0
5,9,6,9,0.0
5,9,6,10,0.0
5,9,7,1,0.0
5,9,7,2,0.0
5,9,7,3,0.0
5,9,7,4,0.0
5,9,7,5,0.0
5,9,7,6,0.0
5,9,7,7,0.0
5,9,7,8,0.0
5,9,7,9,0.0
5,9,7,10,0.0
5,9,8,1,0.0
5,9,8,2,0.0
5,9,8,3,0.0
5,9,8,4,0.0
5,9,8,5,0.0
5,9,8,6,0.0
5,9,8,7,0.0
5,9,8,8,0.0
5,9,8,9,0.0
5,9,8,10,0.0
5,9,9,1,0.0
5,9,9,2,0.0
5,9,9,3,0.0
5,9,9,4,0.0
5,9,9,5,0.0
5,9,9,6,0.0
5,9,9,7,0.0
5,9,9,8,0.0
5,9,9,9,0.0
5,9,9,10,0.0
5,9,10,1,0.0
5,9,10,2,0.0
5,9,10,3,0.0
5,9,10,4,0.0
5,9,10,5,0.0
5,9,10,6,0.0
5,9,10,7,0.0
5,9,10,8,0.0
5,9,10,9,0.0
5,9,10,10,0.0
5,10,1,1,-3.103815970462165e-06
5,10,1,2,-1.1785237802541815e-05
5,10,1,3,-2.8148663204774493e-06
5,10,1,4,-9.633750778448302e-06
5,10,1,5,-0.00013314219540916383
5,10,1,6,0.0
5,10,1,7,-6.120612397353398e-06
5,10,1,8,-6.123816547187744e-06
5,10,1,9,-0.016323339194059372
5,10,1,10,-0.05890512466430664
5,10,2,1,-3.103815970462165e-06
5,10,2,2,-1.1785237802541815e-05
5,10,2,3,-2.8148663204774493e-06
5,10,2,4,-9.633750778448302e-06
5,10,2,5,-0.00013314219540916383
5,10,2,6,0.0
5,10,2,7,-6.120612397353398e-06
5,10,2,8,-6.123816547187744e-06
5,10,2,9,-0.016323339194059372
5,10,2,10,-0.05890512466430664
5,10,3,1,-3.103815970462165e-06
5,10,3,2,-1.1785237802541815e-05
5,10,3,3,-2.8148663204774493e-06
5,10,3,4,-9.633750778448302e-06
5,10,3,5,-0.00013314219540916383
5,10,3,6,0.0
5,10,3,7,-6.120612397353398e-06
5,10,3,8,-6.123816547187744e-06
5,10,3,9,-0.016323339194059372
5,10,3,10,-0.05890512466430664
5,10,4,1,-3.103815970462165e-06
5,10,4,2,-1.1785237802541815e-05
5,10,4,3,-2.8148663204774493e-06
5,10,4,4,-9.633750778448302e-06
5,10,4,5,-0.00013314219540916383
5,10,4,6,0.0
5,10,4,7,-6.120612397353398e-06
5,10,4,8,-6.123816547187744e-06
5,10,4,9,-0.016323339194059372
5,10,4,10,-0.05890512466430664
5,10,5,1,-3.103815970462165e-06
5,10,5,2,-1.1785237802541815e-05
5,10,5,3,-2.8148663204774493e-06
5,10,5,4,-9.633750778448302e-06
5,10,5,5,-0.00013314219540916383
5,10,5,6,0.0
5,10,5,7,-6.120612397353398e-06
5,10,5,8,-6.123816547187744e-06
5,10,5,9,-0.016323339194059372
5,10,5,10,-0.05890512466430664
5,10,6,1,-3.103815970462165e-06
5,10,6,2,-1.1785237802541815e-05
5,10,6,3,-2.8148663204774493e-06
5,10,6,4,-9.633750778448302e-06
5,10,6,5,-0.00013314219540916383
5,10,6,6,0.0
5,10,6,7,-6.120612397353398e-06
5,10,6,8,-6.123816547187744e-06
5,10,6,9,-0.016323339194059372
5,10,6,10,-0.05890512466430664
5,10,7,1,-3.103815970462165e-06
5,10,7,2,-1.1785237802541815e-05
5,10,7,3,-2.8148663204774493e-06
5,10,7,4,-9.633750778448302e-06
5,10,7,5,-0.00013314219540916383
5,10,7,6,0.0
5,10,7,7,-6.120612397353398e-06
5,10,7,8,-6.123816547187744e-06
5,10,7,9,-0.016323339194059372
5,10,7,10,-0.05890512466430664
5,10,8,1,-3.103815970462165e-06
5,10,8,2,-1.1785237802541815e-05
5,10,8,3,-2.8148663204774493e-06
5,10,8,4,-9.633750778448302e-06
5,10,8,5,-0.00013314219540916383
5,10,8,6,0.0
5,10,8,7,-6.120612397353398e-06
5,10,8,8,-6.123816547187744e-06
5,10,8,9,-0.016323339194059372
5,10,8,10,-0.05890512466430664
5,10,9,1,-3.103815970462165e-06
5,10,9,2,-1.1785237802541815e-05
5,10,9,3,-2.8148663204774493e-06
5,10,9,4,-9.633750778448302e-06
5,10,9,5,-0.00013314219540916383
5,10,9,6,0.0
5,10,9,7,-6.120612397353398e-06
5,10,9,8,-6.123816547187744e-06
5,10,9,9,-0.016323339194059372
5,10,9,10,-0.05890512466430664
5,10,10,1,-3.103815970462165e-06
5,10,10,2,-1.1785237802541815e-05
5,10,10,3,-2.8148663204774493e-06
5,10,10,4,-9.633750778448302e-06
5,10,10,5,-0.00013314219540916383
5,10,10,6,0.0
5,10,10,7,-6.120612397353398e-06
5,10,10,8,-6.123816547187744e-06
5,10,10,9,-0.016323339194059372
5,10,10,10,-0.05890512466430664
6,7,1,1,-1.2695326805114746
6,7,1,2,-1.1867332458496094
6,7,1,3,-1.234311580657959
6,7,1,4,-1.2549774646759033
6,7,1,5,-1.3479650020599365
6,7,1,6,-1.3042887449264526
6,7,1,7,-1.4278271198272705
6,7,1,8,-0.6310247778892517
6,7,1,9,-0.559052586555481
6,7,1,10,-1.2145719528198242
6,7,2,1,-1.1490588188171387
6,7,2,2,-1.0793299674987793
6,7,2,3,-1.126908540725708
6,7,2,4,-1.1475744247436523
6,7,2,5,-1.2313560247421265
6,7,2,6,-1.1960279941558838
6,7,2,7,-1.3195664882659912
6,7,2,8,-0.5217911601066589
6,7,2,9,-0.44981908798217773
6,7,2,10,-1.1079201698303223
6,7,3,1,-1.1788568496704102
6,7,3,2,-1.1091282367706299
6,7,3,3,-1.1567065715789795
6,7,3,4,-1.1773724555969238
6,7,3,5,-1.2611541748046875
6,7,3,6,-1.2258260250091553
6,7,3,7,-1.3493645191192627
6,7,3,8,-0.5515891909599304
6,7,3,9,-0.479617178440094
6,7,3,10,-1.1377183198928833
6,7,4,1,-1.1840238571166992
6,7,4,2,-1.1142950057983398
6,7,4,3,-1.161873459815979
6,7,4,4,-1.1825393438339233
6,7,4,5,-1.266321063041687
6,7,4,6,-1.2309930324554443
6,7,4,7,-1.3545314073562622
6,7,4,8,-0.5567560791969299
6,7,4,9,-0.48478400707244873
6,7,4,10,-1.1428852081298828
6,7,5,1,-1.6853156089782715
6,7,5,2,-1.5792369842529297
6,7,5,3,-1.6268155574798584
6,7,5,4,-1.6474812030792236
6,7,5,5,-1.7311584949493408
6,7,5,6,-1.698598861694336
6,7,5,7,-1.8221373558044434
6,7,5,8,-1.0449681282043457
6,7,5,9,-0.9729958176612854
6,7,5,10,-1.6260128021240234
6,7,6,1,-1.5066208839416504
6,7,6,2,-1.4255783557891846
6,7,6,3,-1.4731566905975342
6,7,6,4,-1.4938225746154785
6,7,6,5,-1.5795636177062988
6,7,6,6,-1.5434134006500244
6,7,6,7,-1.6669518947601318
6,7,6,8,-0.869768500328064
6,7,6,9,-0.7977962493896484
6,7,6,10,-1.4525444507598877
6,7,7,1,-1.3999202251434326
6,7,7,2,-1.3188776969909668
6,7,7,3,-1.3664560317993164
6,7,7,4,-1.3871219158172607
6,7,7,5,-1.4728617668151855
6,7,7,6,-1.4367117881774902
6,7,7,7,-1.5602502822875977
6,7,7,8,-0.7630668878555298
6,7,7,9,-0.6910946369171143
6,7,7,10,-1.3458455801010132
6,7,8,1,0.6486750841140747
6,7,8,2,0.7020539045333862
6,7,8,3,0.6544753313064575
6,7,8,4,0.6338096857070923
6,7,8,5,0.5389499664306641
6,7,8,6,0.5837814807891846
6,7,8,7,0.4602431058883667
6,7,8,8,1.293823003768921
6,7,8,9,1.365795373916626
6,7,8,10,0.7135969400405884
6,7,9,1,-1.4346556663513184
6,7,9,2,-1.3652788400650024
6,7,9,3,-1.4128572940826416
6,7,9,4,-1.433523178100586
6,7,9,5,-1.5251336097717285
6,7,9,6,-1.4826936721801758
6,7,9,7,-1.6062321662902832
6,7,9,8,-0.8093515634536743
6,7,9,9,-0.7373796701431274
6,7,9,10,-1.3932440280914307
6,7,10,1,-1.458266019821167
6,7,10,2,-1.3888893127441406
6,7,10,3,-1.4364677667617798
6,7,10,4,-1.4571336507797241
6,7,10,5,-1.5487439632415771
6,7,10,6,-1.5063042640686035
6,7,10,7,-1.6298426389694214
6,7,10,8,-0.832961916923523
6,7,10,9,-0.7609899044036865
6,7,10,10,-1.4168545007705688
6,8,1,1,-0.2532360255718231
6,8,1,2,-0.253242164850235
6,8,1,3,-0.253242164850235
6,8,1,4,-0.253242164850235
6,8,1,5,-0.25323593616485596
6,8,1,6,-0.2575167417526245
6,8,1,7,-0.2532341182231903
6,8,1,8,-0.25324052572250366
6,8,1,9,-0.25324052572250366
6,8,1,10,-0.25324052572250366
6,8,2,1,-0.25459402799606323
6,8,2,2,-0.2546001970767975
6,8,2,3,-0.2546001970767975
6,8,2,4,-0.2546001970767975
6,8,2,5,-0.25459396839141846
6,8,2,6,-0.258874773979187
6,8,2,7,-0.2545921206474304
6,8,2,8,-0.25459855794906616
6,8,2,9,-0.25459855794906616
6,8,2,10,-0.25459855794906616
6,8,3,1,-0.25459402799606323
6,8,3,2,-0.2546001970767975
6,8,3,3,-0.2546001970767975
6,8,3,4,-0.2546001970767975
6,8,3,5,-0.25459396839141846
6,8,3,6,-0.258874773979187
6,8,3,7,-0.2545921206474304
6,8,3,8,-0.25459855794906616
6,8,3,9,-0.25459855794906616
6,8,3,10,-0.25459855794906616
6,8,4,1,-0.25459402799606323
6,8,4,2,-0.2546001970767975
6,8,4,3,-0.2546001970767975
6,8,4,4,-0.2546001970767975
6,8,4,5,-0.25459396839141846
6,8,4,6,-0.258874773979187
6,8,4,7,-0.2545921206474304
6,8,4,8,-0.25459855794906616
6,8,4,9,-0.25459855794906616
6,8,4,10,-0.25459855794906616
6,8,5,1,-0.5216933488845825
6,8,5,2,-0.5217001438140869
6,8,5,3,-0.5217001438140869
6,8,5,4,-0.5217001438140869
6,8,5,5,-0.5216937065124512
6,8,5,6,-0.5259745121002197
6,8,5,7,-0.5216918587684631
6,8,5,8,-0.5216954946517944
6,8,5,9,-0.5216954946517944
6,8,5,10,-0.5216954946517944
6,8,6,1,-0.5692650675773621
6,8,6,2,-0.5692712068557739
6,8,6,3,-0.5692712068557739
6,8,6,4,-0.5692712068557739
6,8,6,5,-0.5692650079727173
6,8,6,6,-0.5735458135604858
6,8,6,7,-0.5692631602287292
6,8,6,8,-0.5692695379257202
6,8,6,9,-0.5692695379257202
6,8,6,10,-0.5692695379257202
6,8,7,1,-0.5649198889732361
6,8,7,2,-0.564926028251648
6,8,7,3,-0.564926028251648
6,8,7,4,-0.564926028251648
6,8,7,5,-0.5649198293685913
6,8,7,6,-0.5692006349563599
6,8,7,7,-0.5649179816246033
6,8,7,8,-0.5649243593215942
6,8,7,9,-0.5649243593215942
6,8,7,10,-0.5649243593215942
6,8,8,1,-0.10607725381851196
6,8,8,2,-0.10608342289924622
6,8,8,3,-0.10608342289924622
6,8,8,4,-0.10608342289924622
6,8,8,5,-0.10607719421386719
6,8,8,6,-0.11035799980163574
6,8,8,7,-0.10607534646987915
6,8,8,8,-0.1060817539691925
6,8,8,9,-0.1060817539691925
6,8,8,10,-0.1060817539691925
6,8,9,1,-0.2552761733531952
6,8,9,2,-0.25528234243392944
6,8,9,3,-0.25528234243392944
6,8,9,4,-0.25528234243392944
6,8,9,5,-0.255276083946228
6,8,9,6,-0.2595568895339966
6,8,9,7,-0.2552742660045624
6,8,9,8,-0.25528067350387573
6,8,9,9,-0.25528067350387573
6,8,9,10,-0.25528067350387573
6,8,10,1,-0.2552761733531952
6,8,10,2,-0.25528234243392944
6,8,10,3,-0.25528234243392944
6,8,10,4,-0.25528234243392944
6,8,10,5,-0.255276083946228
6,8,10,6,-0.2595568895339966
6,8,10,7,-0.2552742660045624
6,8,10,8,-0.25528067350387573
6,8,10,9,-0.25528067350387573
6,8,10,10,-0.25528067350387573
6,9,1,1,-1.920196533203125
6,9,1,2,-1.743479609489441
6,9,1,3,-1.4981541633605957
6,9,1,4,-1.6710628271102905
6,9,1,5,-1.7215182781219482
6,9,1,6,-1.7862346172332764
6,9,1,7,-1.8034807443618774
6,9,1,8,-1.5638744831085205
6,9,1,9,-1.6518683433532715
6,9,1,10,-1.052440881729126
6,9,2,1,-1.4666330814361572
6,9,2,2,-1.3408386707305908
6,9,2,3,-1.0955476760864258
6,9,2,4,-1.2680768966674805
6,9,2,5,-1.2980751991271973
6,9,2,6,-1.3424839973449707
6,9,2,7,-1.3789949417114258
6,9,2,8,-1.163849115371704
6,9,2,9,-1.2599705457687378
6,9,2,10,-0.6572389006614685
6,9,3,1,-1.5009994506835938
6,9,3,2,-1.3751440048217773
6,9,3,3,-1.1298530101776123
6,9,3,4,-1.302382230758667
6,9,3,5,-1.3322893381118774
6,9,3,6,-1.3766982555389404
6,9,3,7,-1.4132091999053955
6,9,3,8,-1.1976875066757202
6,9,3,9,-1.2938090562820435
6,9,3,10,-0.6916054487228394
6,9,4,1,-1.7028905153274536
6,9,4,2,-1.5767993927001953
6,9,4,3,-1.3315083980560303
6,9,4,4,-1.504037618637085
6,9,4,5,-1.5336925983428955
6,9,4,6,-1.5620602369308472
6,9,4,7,-1.614612340927124
6,9,4,8,-1.3981791734695435
6,9,4,9,-1.4943006038665771
6,9,4,10,-0.8937894701957703
6,9,5,1,4.227188587188721
6,9,5,2,4.534590721130371
6,9,5,3,4.760557174682617
6,9,5,4,4.587545394897461
6,9,5,5,4.496636390686035
6,9,5,6,4.440746307373047
6,9,5,7,4.414330959320068
6,9,5,8,4.733470439910889
6,9,5,9,4.622866153717041
6,9,5,10,5.225845813751221
6,9,6,1,4.606363773345947
6,9,6,2,4.838700771331787
6,9,6,3,5.084020137786865
6,9,6,4,4.911007881164551
6,9,6,5,4.840483665466309
6,9,6,6,4.742743492126465
6,9,6,7,4.757908821105957
6,9,6,8,5.05263614654541
6,9,6,9,4.963527679443359
6,9,6,10,5.556488513946533
6,9,7,1,3.716546058654785
6,9,7,2,3.9697508811950684
6,9,7,3,4.2150702476501465
6,9,7,4,4.042057991027832
6,9,7,5,3.953869581222534
6,9,7,6,3.907697916030884
6,9,7,7,3.8712949752807617
6,9,7,8,4.172208309173584
6,9,7,9,4.062938690185547
6,9,7,10,4.672495365142822
6,9,8,1,5.075762748718262
6,9,8,2,5.255037784576416
6,9,8,3,5.500360488891602
6,9,8,4,5.327397346496582
6,9,8,5,5.310916900634766
6,9,8,6,5.142459869384766
6,9,8,7,5.230614185333252
6,9,8,8,5.500211715698242
6,9,8,9,5.444297790527344
6,9,8,10,5.982514381408691
6,9,9,1,-0.995698869228363
6,9,9,2,-0.8805750012397766
6,9,9,3,-0.6353480219841003
6,9,9,4,-0.8077442646026611
6,9,9,5,-0.8369128108024597
6,9,9,6,-0.8912113904953003
6,9,9,7,-0.9156803488731384
6,9,9,8,-0.6875452995300293
6,9,9,9,-0.7819554805755615
6,9,9,10,-0.19268038868904114
6,9,10,1,-0.900795578956604
6,9,10,2,-0.785673975944519
6,9,10,3,-0.5404469966888428
6,9,10,4,-0.7128432393074036
6,9,10,5,-0.7420225739479065
6,9,10,6,-0.8049576282501221
6,9,10,7,-0.8207901120185852
6,9,10,8,-0.592687726020813
6,9,10,9,-0.6870977878570557
6,9,10,10,-0.09775727987289429
6,10,1,1,-0.6264767646789551
6,10,1,2,-0.5273359417915344
6,10,1,3,-0.39082977175712585
6,10,1,4,-0.4993904232978821
6,10,1,5,-0.29011449217796326
6,10,1,6,-0.2091560661792755
6,10,1,7,-0.4046490788459778
6,10,1,8,-0.3241603672504425
6,10,1,9,51.323486328125
6,10,1,10,2.40688419342041
6,10,2,1,-0.8026553392410278
6,10,2,2,-0.8110360503196716
6,10,2,3,-0.27019891142845154
6,10,2,4,-0.6822080016136169
6,10,2,5,7.279799461364746
6,10,2,6,-0.19430363178253174
6,10,2,7,-0.47100749611854553
6,10,2,8,-0.6985786557197571
6,10,2,9,55.10881423950195
6,10,2,10,97.69519805908203
6,10,3,1,-0.8043025732040405
6,10,3,2,-0.8051894307136536
6,10,3,3,-0.11855719983577728
6,10,3,4,-0.6575530171394348
6,10,3,5,7.300868034362793
6,10,3,6,-0.1987706571817398
6,10,3,7,-0.37057316303253174
6,10,3,8,-0.7719812393188477
6,10,3,9,55.10199737548828
6,10,3,10,96.90380859375
6,10,4,1,-0.7988035082817078
6,10,4,2,-0.8621314764022827
6,10,4,3,-0.7432169914245605
6,10,4,4,-0.8506940603256226
6,10,4,5,10.809353828430176
6,10,4,6,-0.16384254395961761
6,10,4,7,-0.792288064956665
6,10,4,8,-0.3812127113342285
6,10,4,9,55.03071594238281
6,10,4,10,99.54377746582031
6,10,5,1,99.83744812011719
6,10,5,2,103.1229248046875
6,10,5,3,97.4616928100586
6,10,5,4,103.23652648925781
6,10,5,5,108.01594543457031
6,10,5,6,0.037770628929138184
6,10,5,7,100.06658172607422
6,10,5,8,99.93904876708984
6,10,5,9,654.731689453125
6,10,5,10,111.4788589477539
6,10,6,1,100.08088684082031
6,10,6,2,103.3353271484375
6,10,6,3,97.55415344238281
6,10,6,4,103.44036865234375
6,10,6,5,108.29778289794922
6,10,6,6,0.2542016804218292
6,10,6,7,100.1625747680664
6,10,6,8,100.16836547851562
6,10,6,9,652.9734497070312
6,10,6,10,111.93675231933594
6,10,7,1,141.7779998779297
6,10,7,2,144.2981719970703
6,10,7,3,133.31344604492188
6,10,7,4,145.41659545898438
6,10,7,5,155.6204376220703
6,10,7,6,0.1615191102027893
6,10,7,7,140.54090881347656
6,10,7,8,140.7649688720703
6,10,7,9,768.4439697265625
6,10,7,10,155.3030548095703
6,10,8,1,206.4662628173828
6,10,8,2,210.36354064941406
6,10,8,3,208.06333923339844
6,10,8,4,214.25534057617188
6,10,8,5,221.202392578125
6,10,8,6,8.897571563720703
6,10,8,7,208.7135467529297
6,10,8,8,207.59104919433594
6,10,8,9,789.078125
6,10,8,10,229.38182067871094
6,10,9,1,-0.4055631756782532
6,10,9,2,0.016209162771701813
6,10,9,3,3.145608901977539
6,10,9,4,0.3715641498565674
6,10,9,5,6.005019187927246
6,10,9,6,-0.21272966265678406
6,10,9,7,2.5067121982574463
6,10,9,8,-2.3910093307495117
6,10,9,9,60.76270294189453
6,10,9,10,231.67588806152344
6,10,10,1,-0.38451671600341797
6,10,10,2,0.05555521696805954
6,10,10,3,3.183955192565918
6,10,10,4,0.5600703954696655
6,10,10,5,23.54780387878418
6,10,10,6,-0.21822528541088104
6,10,10,7,2.5119776725769043
6,10,10,8,-2.281686544418335
6,10,10,9,59.137977600097656
6,10,10,10,178.3444366455078
7,8,1,1,4.355710983276367
7,8,1,2,4.343467712402344
7,8,1,3,4.137515544891357
7,8,1,4,4.152482032775879
7,8,1,5,4.119447231292725
7,8,1,6,4.261692047119141
7,8,1,7,4.0624470710754395
7,8,1,8,4.491559982299805
7,8,1,9,4.680936813354492
7,8,1,10,4.333282947540283
7,8,2,1,10.127593040466309
7,8,2,2,9.785584449768066
7,8,2,3,9.732680320739746
7,8,2,4,9.74618911743164
7,8,2,5,9.781457901000977
7,8,2,6,9.752082824707031
7,8,2,7,9.721481323242188
7,8,2,8,10.41880989074707
7,8,2,9,10.588980674743652
7,8,2,10,10.297259330749512
7,8,3,1,10.176355361938477
7,8,3,2,10.00245475769043
7,8,3,3,9.684432029724121
7,8,3,4,9.698518753051758
7,8,3,5,9.743743896484375
7,8,3,6,9.960376739501953
7,8,3,7,9.68915843963623
7,8,3,8,10.051861763000488
7,8,3,9,10.2587308883667
7,8,3,10,9.826700210571289
7,8,4,1,10.260451316833496
7,8,4,2,9.906311988830566
7,8,4,3,9.883750915527344
7,8,4,4,9.897260665893555
7,8,4,5,9.87617015838623
7,8,4,6,9.919296264648438
7,8,4,7,9.816192626953125
7,8,4,8,10.554350852966309
7,8,4,9,10.771971702575684
7,8,4,10,10.44925594329834
7,8,5,1,10.647017478942871
7,8,5,2,10.652884483337402
7,8,5,3,10.41062068939209
7,8,5,4,10.425363540649414
7,8,5,5,10.420919418334961
7,8,5,6,10.614757537841797
7,8,5,7,10.362868309020996
7,8,5,8,10.750096321105957
7,8,5,9,10.943645477294922
7,8,5,10,10.595918655395508
7,8,6,1,10.65327262878418
7,8,6,2,10.659139633178711
7,8,6,3,10.416875839233398
7,8,6,4,10.431617736816406
7,8,6,5,10.427173614501953
7,8,6,6,10.621012687683105
7,8,6,7,10.369123458862305
7,8,6,8,10.75635051727295
7,8,6,9,10.949899673461914
7,8,6,10,10.6021728515625
7,8,7,1,10.691072463989258
7,8,7,2,10.696940422058105
7,8,7,3,10.454675674438477
7,8,7,4,10.4694185256958
7,8,7,5,10.464974403381348
7,8,7,6,10.6651029586792
7,8,7,7,10.4069242477417
7,8,7,8,10.794151306152344
7,8,7,9,10.987700462341309
7,8,7,10,10.639973640441895
7,8,8,1,4.5351786613464355
7,8,8,2,4.506173133850098
7,8,8,3,4.290496349334717
7,8,8,4,4.305051326751709
7,8,8,5,4.311521530151367
7,8,8,6,4.4762372970581055
7,8,8,7,4.253358840942383
7,8,8,8,4.630207061767578
7,8,8,9,4.82813835144043
7,8,8,10,4.484294891357422
7,8,9,1,4.541788578033447
7,8,9,2,4.512779235839844
7,8,9,3,4.297106742858887
7,8,9,4,4.311661720275879
7,8,9,5,4.318131923675537
7,8,9,6,4.484109401702881
7,8,9,7,4.259969234466553
7,8,9,8,4.636817455291748
7,8,9,9,4.8347487449646
7,8,9,10,4.490905284881592
7,8,10,1,5.095634460449219
7,8,10,2,4.414299964904785
7,8,10,3,5.077364444732666
7,8,10,4,5.147260665893555
7,8,10,5,4.99030876159668
7,8,10,6,4.676697254180908
7,8,10,7,4.926731586456299
7,8,10,8,6.837827682495117
7,8,10,9,6.996870040893555
7,8,10,10,7.233271598815918
7,9,1,1,0.30799761414527893
7,9,1,2,0.3849340081214905
7,9,1,3,0.26880258321762085
7,9,1,4,0.28448161482810974
7,9,1,5,0.46635931730270386
7,9,1,6,0.46635931730270386
7,9,1,7,0.4663548171520233
7,9,1,8,0.44229254126548767
7,9,1,9,0.44229254126548767
7,9,1,10,0.32363957166671753
7,9,2,1,0.43275684118270874
7,9,2,2,0.5142412781715393
7,9,2,3,0.4112328886985779
7,9,2,4,0.42690226435661316
7,9,2,5,0.564948320388794
7,9,2,6,0.564948320388794
7,9,2,7,0.5649433135986328
7,9,2,8,0.5394347310066223
7,9,2,9,0.5394347310066223
7,9,2,10,0.449409544467926
7,9,3,1,0.4880993366241455
7,9,3,2,0.6172608137130737
7,9,3,3,0.4657142460346222
7,9,3,4,0.48138362169265747
7,9,3,5,0.6204776167869568
7,9,3,6,0.6204776167869568
7,9,3,7,0.6204726099967957
7,9,3,8,0.5959288477897644
7,9,3,9,0.5959288477897644
7,9,3,10,0.5044922828674316
7,9,4,1,0.47714972496032715
7,9,4,2,0.5968955755233765
7,9,4,3,0.45497825741767883
7,9,4,4,0.4706476330757141
7,9,4,5,0.6093370914459229
7,9,4,6,0.6093370914459229
7,9,4,7,0.6093321442604065
7,9,4,8,0.5838130116462708
7,9,4,9,0.5838130116462708
7,9,4,10,0.49365052580833435
7,9,5,1,0.5360704660415649
7,9,5,2,0.6735721826553345
7,9,5,3,0.5187510251998901
7,9,5,4,0.5348343253135681
7,9,5,5,0.66856849193573
7,9,5,6,0.66856849193573
7,9,5,7,0.6685624718666077
7,9,5,8,0.6451741456985474
7,9,5,9,0.6451740860939026
7,9,5,10,0.5560615062713623
7,9,6,1,0.5048596858978271
7,9,6,2,0.641828179359436
7,9,6,3,0.48741236329078674
7,9,6,4,0.5034956932067871
7,9,6,5,0.6376792788505554
7,9,6,6,0.6376792788505554
7,9,6,7,0.6376732587814331
7,9,6,8,0.6153333783149719
7,9,6,9,0.6153333187103271
7,9,6,10,0.5232014656066895
7,9,7,1,0.5131094455718994
7,9,7,2,0.6637617349624634
7,9,7,3,0.4955921471118927
7,9,7,4,0.5116754174232483
7,9,7,5,0.6459313035011292
7,9,7,6,0.6459313035011292
7,9,7,7,0.6459252238273621
7,9,7,8,0.623586893081665
7,9,7,9,0.6235868334770203
7,9,7,10,0.5314030051231384
7,9,8,1,0.5729701519012451
7,9,8,2,0.6697605848312378
7,9,8,3,0.5572240948677063
7,9,8,4,0.5759636759757996
7,9,8,5,0.705403208732605
7,9,8,6,0.705403208732605
7,9,8,7,0.7053971886634827
7,9,8,8,0.6805549263954163
7,9,8,9,0.6805549263954163
7,9,8,10,0.5866744518280029
7,9,9,1,0.5424985289573669
7,9,9,2,0.6321646571159363
7,9,9,3,0.5268315672874451
7,9,9,4,0.5455576777458191
7,9,9,5,0.6756437420845032
7,9,9,6,0.6756437420845032
7,9,9,7,0.6756377220153809
7,9,9,8,0.6512019634246826
7,9,9,9,0.6512019634246826
7,9,9,10,0.5569764375686646
7,9,10,1,0.40034884214401245
7,9,10,2,0.485679566860199
7,9,10,3,0.3820236325263977
7,9,10,4,0.39945685863494873
7,9,10,5,0.5325700044631958
7,9,10,6,0.5325700044631958
7,9,10,7,0.5325667858123779
7,9,10,8,0.504921019077301
7,9,10,9,0.504921019077301
7,9,10,10,0.40150415897369385
7,10,1,1,0.47776132822036743
7,10,1,2,0.4760749340057373
7,10,1,3,0.47858595848083496
7,10,1,4,0.48116910457611084
7,10,1,5,0.47389039397239685
7,10,1,6,0.4916682243347168
7,10,1,7,0.47984808683395386
7,10,1,8,0.47984784841537476
7,10,1,9,0.34819722175598145
7,10,1,10,0.47783833742141724
7,10,2,1,0.47776132822036743
7,10,2,2,0.4760749340057373
7,10,2,3,0.47858595848083496
7,10,2,4,0.48116910457611084
7,10,2,5,0.47389039397239685
7,10,2,6,0.4916682243347168
7,10,2,7,0.47984808683395386
7,10,2,8,0.47984784841537476
7,10,2,9,0.3482029438018799
7,10,2,10,0.47783833742141724
7,10,3,1,0.47776132822036743
7,10,3,2,0.4760749340057373
7,10,3,3,0.47858595848083496
7,10,3,4,0.48116910457611084
7,10,3,5,0.47389039397239685
7,10,3,6,0.4916682243347168
7,10,3,7,0.47984808683395386
7,10,3,8,0.47984784841537476
7,10,3,9,0.3482029438018799
7,10,3,10,0.47783833742141724
7,10,4,1,0.47776132822036743
7,10,4,2,0.4760749340057373
7,10,4,3,0.47858595848083496
7,10,4,4,0.48116910457611084
7,10,4,5,0.47389039397239685
7,10,4,6,0.4916682243347168
7,10,4,7,0.47984808683395386
7,10,4,8,0.47984784841537476
7,10,4,9,0.3482029438018799
7,10,4,10,0.47783833742141724
7,10,5,1,0.47776132822036743
7,10,5,2,0.4760749340057373
7,10,5,3,0.47858595848083496
7,10,5,4,0.48116910457611084
7,10,5,5,0.47389039397239685
7,10,5,6,0.4916682243347168
7,10,5,7,0.47984808683395386
7,10,5,8,0.47984784841537476
7,10,5,9,0.34823644161224365
7,10,5,10,0.47783833742141724
7,10,6,1,0.47776132822036743
7,10,6,2,0.4760749340057373
7,10,6,3,0.47858595848083496
7,10,6,4,0.48116910457611084
7,10,6,5,0.47389039397239685
7,10,6,6,0.4916682243347168
7,10,6,7,0.47984808683395386
7,10,6,8,0.47984784841537476
7,10,6,9,0.34823644161224365
7,10,6,10,0.47783833742141724
7,10,7,1,0.47776132822036743
7,10,7,2,0.4760749340057373
7,10,7,3,0.47858595848083496
7,10,7,4,0.48116910457611084
7,10,7,5,0.47389039397239685
7,10,7,6,0.4916682243347168
7,10,7,7,0.47984808683395386
7,10,7,8,0.47984784841537476
7,10,7,9,0.34823644161224365
7,10,7,10,0.47783833742141724
7,10,8,1,0.47776132822036743
7,10,8,2,0.4760749340057373
7,10,8,3,0.47858595848083496
7,10,8,4,0.48116910457611084
7,10,8,5,0.47389039397239685
7,10,8,6,0.4916682243347168
7,10,8,7,0.47984808683395386
7,10,8,8,0.47984784841537476
7,10,8,9,0.34828537702560425
7,10,8,10,0.47783833742141724
7,10,9,1,0.47776132822036743
7,10,9,2,0.4760749340057373
7,10,9,3,0.47858595848083496
7,10,9,4,0.48116910457611084
7,10,9,5,0.47389039397239685
7,10,9,6,0.4916682243347168
7,10,9,7,0.47984808683395386
7,10,9,8,0.47984784841537476
7,10,9,9,0.34828537702560425
7,10,9,10,0.47783833742141724
7,10,10,1,0.47776132822036743
7,10,10,2,0.4760749340057373
7,10,10,3,0.47858595848083496
7,10,10,4,0.48116910457611084
7,10,10,5,0.47389039397239685
7,10,10,6,0.4916682243347168
7,10,10,7,0.47984808683395386
7,10,10,8,0.47984784841537476
7,10,10,9,0.3481786251068115
7,10,10,10,0.47783833742141724
8,9,1,1,-0.8863164186477661
8,9,1,2,-1.089188575744629
8,9,1,3,-1.253746509552002
8,9,1,4,-1.3235056400299072
8,9,1,5,-0.837716817855835
8,9,1,6,-0.8421950936317444
8,9,1,7,-0.844102144241333
8,9,1,8,-0.6494981646537781
8,9,1,9,-0.6477829217910767
8,9,1,10,-0.8363259434700012
8,9,2,1,-0.8453222513198853
8,9,2,2,-0.9947292804718018
8,9,2,3,-1.1927043199539185
8,9,2,4,-1.2626075744628906
8,9,2,5,-0.8061113357543945
8,9,2,6,-0.8105896711349487
8,9,2,7,-0.8124966621398926
8,9,2,8,-0.6171221733093262
8,9,2,9,-0.6154069304466248
8,9,2,10,-0.8374084234237671
8,9,3,1,-0.8674777746200562
8,9,3,2,-1.017057180404663
8,9,3,3,-1.2148598432540894
8,9,3,4,-1.284762978553772
8,9,3,5,-0.8282667398452759
8,9,3,6,-0.8327450752258301
8,9,3,7,-0.8346520662307739
8,9,3,8,-0.6392776370048523
8,9,3,9,-0.6375623941421509
8,9,3,10,-0.859563946723938
8,9,4,1,-0.8647608160972595
8,9,4,2,-1.0143402814865112
8,9,4,3,-1.2121429443359375
8,9,4,4,-1.2820460796356201
8,9,4,5,-0.825549840927124
8,9,4,6,-0.8300281763076782
8,9,4,7,-0.8319351673126221
8,9,4,8,-0.6365607380867004
8,9,4,9,-0.634845495223999
8,9,4,10,-0.8568469882011414
8,9,5,1,-1.3329246044158936
8,9,5,2,-1.9187663793563843
8,9,5,3,-2.0104000568389893
8,9,5,4,-2.109154462814331
8,9,5,5,-1.1698458194732666
8,9,5,6,-1.1821413040161133
8,9,5,7,-1.1840482950210571
8,9,5,8,-1.023152232170105
8,9,5,9,-1.0075873136520386
8,9,5,10,-1.6780370473861694
8,9,6,1,-1.1244345903396606
8,9,6,2,-1.6505662202835083
8,9,6,3,-1.830534815788269
8,9,6,4,-1.8571875095367432
8,9,6,5,-0.9944777488708496
8,9,6,6,-0.9989560842514038
8,9,6,7,-1.0008630752563477
8,9,6,8,-0.808961033821106
8,9,6,9,-0.8072457313537598
8,9,6,10,-0.9321302771568298
8,9,7,1,-1.1385074853897095
8,9,7,2,-1.721411108970642
8,9,7,3,-1.784958839416504
8,9,7,4,-1.788662075996399
8,9,7,5,-1.020627737045288
8,9,7,6,-1.0251059532165527
8,9,7,7,-1.0270129442214966
8,9,7,8,-0.8282452821731567
8,9,7,9,-0.8265300393104553
8,9,7,10,-0.757177472114563
8,9,8,1,-0.9507840871810913
8,9,8,2,-1.126294732093811
8,9,8,3,-1.2978291511535645
8,9,8,4,-1.3679065704345703
8,9,8,5,-0.9125046730041504
8,9,8,6,-0.9169829487800598
8,9,8,7,-0.9188899993896484
8,9,8,8,-0.7237687706947327
8,9,8,9,-0.7220535278320312
8,9,8,10,-0.891607403755188
8,9,9,1,-0.961574137210846
8,9,9,2,-1.1370840072631836
8,9,9,3,-1.3086192607879639
8,9,9,4,-1.3786965608596802
8,9,9,5,-0.923294723033905
8,9,9,6,-0.9277729988098145
8,9,9,7,-0.9296799898147583
8,9,9,8,-0.7345588207244873
8,9,9,9,-0.7328435182571411
8,9,9,10,-0.9023973345756531
8,9,10,1,-0.9793682098388672
8,9,10,2,-1.1548895835876465
8,9,10,3,-1.3264132738113403
8,9,10,4,-1.3964905738830566
8,9,10,5,-0.9410887956619263
8,9,10,6,-0.9455670118331909
8,9,10,7,-0.9474740624427795
8,9,10,8,-0.7523528337478638
8,9,10,9,-0.7506375908851624
8,9,10,10,-0.9201914072036743
8,10,1,1,-1.3460745811462402
8,10,1,2,-1.305268406867981
8,10,1,3,-1.2934987545013428
8,10,1,4,-1.3038345575332642
8,10,1,5,-1.297672152519226
8,10,1,6,-1.2687803506851196
8,10,1,7,-1.3095459938049316
8,10,1,8,-1.3089449405670166
8,10,1,9,-1.4342830181121826
8,10,1,10,-1.3026649951934814
8,10,2,1,-1.3106005191802979
8,10,2,2,-1.2697943449020386
8,10,2,3,-1.2580246925354004
8,10,2,4,-1.2683604955673218
8,10,2,5,-1.2621980905532837
8,10,2,6,-1.2333062887191772
8,10,2,7,-1.2740718126296997
8,10,2,8,-1.2734708786010742
8,10,2,9,-1.3988089561462402
8,10,2,10,-1.267190933227539
8,10,3,1,-1.3106005191802979
8,10,3,2,-1.2697943449020386
8,10,3,3,-1.2580246925354004
8,10,3,4,-1.2683604955673218
8,10,3,5,-1.2621980905532837
8,10,3,6,-1.2333062887191772
8,10,3,7,-1.2740718126296997
8,10,3,8,-1.2734708786010742
8,10,3,9,-1.3988089561462402
8,10,3,10,-1.267190933227539
8,10,4,1,-1.3106005191802979
8,10,4,2,-1.2697943449020386
8,10,4,3,-1.2580246925354004
8,10,4,4,-1.2683604955673218
8,10,4,5,-1.2621980905532837
8,10,4,6,-1.2333062887191772
8,10,4,7,-1.2740718126296997
8,10,4,8,-1.2734708786010742
8,10,4,9,-1.3988089561462402
8,10,4,10,-1.267190933227539
8,10,5,1,-1.267336368560791
8,10,5,2,-1.2265303134918213
8,10,5,3,-1.214760661125183
8,10,5,4,-1.2250964641571045
8,10,5,5,-1.2189340591430664
8,10,5,6,-1.19004225730896
8,10,5,7,-1.2308077812194824
8,10,5,8,-1.230206847190857
8,10,5,9,-1.355544924736023
8,10,5,10,-1.2239269018173218
8,10,6,1,-1.319692611694336
8,10,6,2,-1.2788864374160767
8,10,6,3,-1.267116904258728
8,10,6,4,-1.2774525880813599
8,10,6,5,-1.2712901830673218
8,10,6,6,-1.2423985004425049
8,10,6,7,-1.2831640243530273
8,10,6,8,-1.2825630903244019
8,10,6,9,-1.4079011678695679
8,10,6,10,-1.2762830257415771
8,10,7,1,-1.319692611694336
8,10,7,2,-1.2788864374160767
8,10,7,3,-1.267116904258728
8,10,7,4,-1.2774525880813599
8,10,7,5,-1.2712901830673218
8,10,7,6,-1.2423985004425049
8,10,7,7,-1.2831640243530273
8,10,7,8,-1.2825630903244019
8,10,7,9,-1.4079011678695679
8,10,7,10,-1.2762830257415771
8,10,8,1,-1.3348649740219116
8,10,8,2,-1.2940587997436523
8,10,8,3,-1.2822892665863037
8,10,8,4,-1.2926249504089355
8,10,8,5,-1.2864625453948975
8,10,8,6,-1.2575708627700806
8,10,8,7,-1.298336386680603
8,10,8,8,-1.2977354526519775
8,10,8,9,-1.4230735301971436
8,10,8,10,-1.2914553880691528
8,10,9,1,-1.3348649740219116
8,10,9,2,-1.2940587997436523
8,10,9,3,-1.2822892665863037
8,10,9,4,-1.2926249504089355
8,10,9,5,-1.2864625453948975
8,10,9,6,-1.2575708627700806
8,10,9,7,-1.298336386680603
8,10,9,8,-1.2977354526519775
8,10,9,9,-1.4230735301971436
8,10,9,10,-1.2914553880691528
8,10,10,1,-1.3348649740219116
8,10,10,2,-1.2940587997436523
8,10,10,3,-1.2822892665863037
8,10,10,4,-1.2926249504089355
8,10,10,5,-1.2864625453948975
8,10,10,6,-1.2575708627700806
8,10,10,7,-1.298336386680603
8,10,10,8,-1.2977354526519775
8,10,10,9,-1.4230735301971436
8,10,10,10,-1.2914553880691528
9,10,1,1,6.553038120269775
9,10,1,2,8.219555854797363
9,10,1,3,14.871952056884766
9,10,1,4,9.123461723327637
9,10,1,5,33.56716537475586
9,10,1,6,0.34376388788223267
9,10,1,7,9.600852966308594
9,10,1,8,9.340559005737305
9,10,1,9,15.870585441589355
9,10,1,10,7.600414276123047
9,10,2,1,7.330492973327637
9,10,2,2,8.9539794921875
9,10,2,3,15.601656913757324
9,10,2,4,9.841340065002441
9,10,2,5,34.67561721801758
9,10,2,6,1.0082210302352905
9,10,2,7,10.331450462341309
9,10,2,8,10.0707426071167
9,10,2,9,16.68061637878418
9,10,2,10,8.331302642822266
9,10,3,1,7.329823970794678
9,10,3,2,8.953310012817383
9,10,3,3,15.600987434387207
9,10,3,4,9.840670585632324
9,10,3,5,34.674949645996094
9,10,3,6,1.007551908493042
9,10,3,7,10.330780982971191
9,10,3,8,10.070073127746582
9,10,3,9,16.679960250854492
9,10,3,10,8.330632209777832
9,10,4,1,7.327847957611084
9,10,4,2,8.951333999633789
9,10,4,3,15.599011421203613
9,10,4,4,9.83869457244873
9,10,4,5,34.6729736328125
9,10,4,6,1.0055758953094482
9,10,4,7,10.328804969787598
9,10,4,8,10.068097114562988
9,10,4,9,16.6779842376709
9,10,4,10,8.328657150268555
9,10,5,1,7.214520454406738
9,10,5,2,8.89174747467041
9,10,5,3,15.539655685424805
9,10,5,4,9.802529335021973
9,10,5,5,33.235572814941406
9,10,5,6,1.0411946773529053
9,10,5,7,10.275644302368164
9,10,5,8,10.015352249145508
9,10,5,9,16.595001220703125
9,10,5,10,8.27239990234375
9,10,6,1,7.12066125869751
9,10,6,2,8.842109680175781
9,10,6,3,15.4649076461792
9,10,6,4,9.63791275024414
9,10,6,5,32.66242980957031
9,10,6,6,0.9514538645744324
9,10,6,7,10.219565391540527
9,10,6,8,9.954500198364258
9,10,6,9,16.5281982421875
9,10,6,10,8.21065616607666
9,10,7,1,7.270076751708984
9,10,7,2,8.94759464263916
9,10,7,3,15.594313621520996
9,10,7,4,9.860748291015625
9,10,7,5,33.29121017456055
9,10,7,6,1.1010518074035645
9,10,7,7,10.33241081237793
9,10,7,8,10.072118759155273
9,10,7,9,16.650697708129883
9,10,7,10,8.328409194946289
9,10,8,1,6.691124439239502
9,10,8,2,8.336393356323242
9,10,8,3,14.982335090637207
9,10,8,4,9.267550468444824
9,10,8,5,34.29787063598633
9,10,8,6,0.44971218705177307
9,10,8,7,9.72835922241211
9,10,8,8,9.46827507019043
9,10,8,9,16.056182861328125
9,10,8,10,7.723361968994141
9,10,9,1,6.934998035430908
9,10,9,2,8.543099403381348
9,10,9,3,15.238219261169434
9,10,9,4,9.516794204711914
9,10,9,5,34.70612716674805
9,10,9,6,0.6423155069351196
9,10,9,7,9.931072235107422
9,10,9,8,9.673212051391602
9,10,9,9,16.242774963378906
9,10,9,10,7.944209098815918
9,10,10,1,6.370203495025635
9,10,10,2,7.985532283782959
9,10,10,3,14.636685371398926
9,10,10,4,8.885845184326172
9,10,10,5,33.75339126586914
9,10,10,6,0.04843894764780998
9,10,10,7,9.365974426269531
9,10,10,8,9.105562210083008
9,10,10,9,15.706084251403809
9,10,10,10,7.366038799285889
