res i,res j,rot A_i,rot B_j,E_ij
1,2,1,1,-0.23040136694908142
1,2,1,2,-0.19885939359664917
1,2,1,3,-0.4639814496040344
1,2,1,4,-0.5350310802459717
1,2,1,5,-0.45109137892723083
1,2,1,6,-0.23477663099765778
1,2,1,7,-0.5055198073387146
1,2,1,8,-0.4762885570526123
1,2,1,9,-0.3329293131828308
1,2,1,10,-0.6633809804916382
1,2,1,11,-0.8536583781242371
1,2,2,1,-0.444377601146698
1,2,2,2,-0.4122510850429535
1,2,2,3,-0.6773790121078491
1,2,2,4,-0.7484285831451416
1,2,2,5,-0.7009022235870361
1,2,2,6,-0.47421354055404663
1,2,2,7,-0.7562865614891052
1,2,2,8,-0.688992977142334
1,2,2,9,-0.5456336736679077
1,2,2,10,-0.8760852813720703
1,2,2,11,-1.1338202953338623
1,2,3,1,-0.4483601152896881
1,2,3,2,-0.4108089804649353
1,2,3,3,-0.6759369373321533
1,2,3,4,-0.7469865679740906
1,2,3,5,-0.6935978531837463
1,2,3,6,-0.49932581186294556
1,2,3,7,-0.7672470808029175
1,2,3,8,-0.6930109262466431
1,2,3,9,-0.5496516227722168
1,2,3,10,-0.8801032900810242
1,2,3,11,-1.0573105812072754
1,2,4,1,-0.4472268521785736
1,2,4,2,-0.4153594374656677
1,2,4,3,-0.6804874539375305
1,2,4,4,-0.7515370845794678
1,2,4,5,-0.6961106061935425
1,2,4,6,-0.5172941088676453
1,2,4,7,-0.7500193119049072
1,2,4,8,-0.6928682327270508
1,2,4,9,-0.5495089292526245
1,2,4,10,-0.8799605965614319
1,2,4,11,-0.95144122838974
1,2,5,1,-0.18470649421215057
1,2,5,2,-0.15323901176452637
1,2,5,3,-0.41836419701576233
1,2,5,4,-0.4894138276576996
1,2,5,5,-0.4055183529853821
1,2,5,6,-0.18659085035324097
1,2,5,7,-0.4599451422691345
1,2,5,8,-0.4306522607803345
1,2,5,9,-0.28729304671287537
1,2,5,10,-0.6177446842193604
1,2,5,11,-0.7996785640716553
1,2,6,1,-0.1675538569688797
1,2,6,2,-0.1360863894224167
1,2,6,3,-0.40121155977249146
1,2,6,4,-0.4722611904144287
1,2,6,5,-0.3883657455444336
1,2,6,6,-0.16943837702274323
1,2,6,7,-0.44279253482818604
1,2,6,8,-0.4134996831417084
1,2,6,9,-0.2701404094696045
1,2,6,10,-0.6005920767784119
1,2,6,11,-0.7825490236282349
1,2,7,1,-0.18768590688705444
1,2,7,2,-0.15621843934059143
1,2,7,3,-0.421343594789505
1,2,7,4,-0.49239322543144226
1,2,7,5,-0.40849775075912476
1,2,7,6,-0.18957027792930603
1,2,7,7,-0.4629245698451996
1,2,7,8,-0.4336317181587219
1,2,7,9,-0.29027244448661804
1,2,7,10,-0.6207241415977478
1,2,7,11,-0.8026580214500427
1,2,8,1,0.4142017662525177
1,2,8,2,0.38038191199302673
1,2,8,3,0.1287481188774109
1,2,8,4,0.05769854784011841
1,2,8,5,0.2870946526527405
1,2,8,6,0.3367515206336975
1,2,8,7,0.3848845064640045
1,2,8,8,0.16420137882232666
1,2,8,9,0.3075605630874634
1,2,8,10,-0.022450804710388184
1,2,8,11,1.0142451524734497
1,2,9,1,0.4630107879638672
1,2,9,2,0.4519149661064148
1,2,9,3,0.18809467554092407
1,2,9,4,0.11704510450363159
1,2,9,5,0.26734983921051025
1,2,9,6,0.3951141834259033
1,2,9,7,0.3570367097854614
1,2,9,8,0.21761584281921387
1,2,9,9,0.36097508668899536
1,2,9,10,0.03052765130996704
1,2,9,11,0.6376798152923584
1,2,10,1,0.10778960585594177
1,2,10,2,0.11911438405513763
1,2,10,3,-0.13612565398216248
1,2,10,4,-0.20717522501945496
1,2,10,5,-0.017095983028411865
1,2,10,6,-0.0055890679359436035
1,2,10,7,0.03910282254219055
1,2,10,8,-0.13194876909255981
1,2,10,9,0.01141047477722168
1,2,10,10,-0.31904107332229614
1,2,10,11,0.688451886177063
1,2,11,1,0.23241683840751648
1,2,11,2,0.26863348484039307
1,2,11,3,0.003510028123855591
1,2,11,4,-0.0675395131111145
1,2,11,5,0.0026443898677825928
1,2,11,6,0.1802164614200592
1,2,11,7,0.028552502393722534
1,2,11,8,-0.003458678722381592
1,2,11,9,0.13990053534507751
1,2,11,10,-0.19055098295211792
1,2,11,11,0.0930938720703125
1,3,1,1,0.03766608238220215
1,3,1,2,0.2656749188899994
1,3,1,3,0.15723778307437897
1,3,1,4,0.17232146859169006
1,3,1,5,-0.8329318165779114
1,3,1,6,-0.5296304225921631
1,3,1,7,-0.709205150604248
1,3,1,8,0.2751756012439728
1,3,1,9,0.25356441736221313
1,3,1,10,0.2761521339416504
1,3,1,11,0.17580294609069824
1,3,2,1,-0.1446622759103775
1,3,2,2,0.44588422775268555
1,3,2,3,0.38861119747161865
1,3,2,4,0.3518999218940735
1,3,2,5,204.73779296875
1,3,2,6,277.70416259765625
1,3,2,7,204.7069854736328
1,3,2,8,1.244530439376831
1,3,2,9,1.4568063020706177
1,3,2,10,1.2317546606063843
1,3,2,11,1.3840371370315552
1,3,3,1,0.22911721467971802
1,3,3,2,0.9169672727584839
1,3,3,3,0.8781791925430298
1,3,3,4,0.8175080418586731
1,3,3,5,207.1715545654297
1,3,3,6,284.43060302734375
1,3,3,7,206.99258422851562
1,3,3,8,1.7426947355270386
1,3,3,9,2.025942802429199
1,3,3,10,1.682880163192749
1,3,3,11,2.0003740787506104
1,3,4,1,-0.21250611543655396
1,3,4,2,0.3502334952354431
1,3,4,3,0.3995175361633301
1,3,4,4,0.34403830766677856
1,3,4,5,204.38583374023438
1,3,4,6,277.27520751953125
1,3,4,7,204.43202209472656
1,3,4,8,1.3614757061004639
1,3,4,9,1.6558042764663696
1,3,4,10,1.3467060327529907
1,3,4,11,1.7151615619659424
1,3,5,1,0.29143035411834717
1,3,5,2,0.5071067810058594
1,3,5,3,0.38337376713752747
1,3,5,4,0.39847755432128906
1,3,5,5,-0.3954363167285919
1,3,5,6,-0.01932203769683838
1,3,5,7,-0.2948067784309387
1,3,5,8,0.49173906445503235
1,3,5,9,0.4712725281715393
1,3,5,10,0.48681533336639404
1,3,5,11,0.36001724004745483
1,3,6,1,0.3073924779891968
1,3,6,2,0.525581955909729
1,3,6,3,0.4000828266143799
1,3,6,4,0.4151865839958191
1,3,6,5,-0.3964194357395172
1,3,6,6,0.019695520401000977
1,3,6,7,-0.28850609064102173
1,3,6,8,0.5092584490776062
1,3,6,9,0.48868006467819214
1,3,6,10,0.5043396353721619
1,3,6,11,0.3681444525718689
1,3,7,1,0.2961623966693878
1,3,7,2,0.5128548741340637
1,3,7,3,0.3891218602657318
1,3,7,4,0.4042256474494934
1,3,7,5,-0.4433296024799347
1,3,7,6,-0.026049673557281494
1,3,7,7,-0.3170190453529358
1,3,7,8,0.49866458773612976
1,3,7,9,0.4781951308250427
1,3,7,10,0.49374085664749146
1,3,7,11,0.36693841218948364
1,3,8,1,-2.49426007270813
1,3,8,2,-2.3938701152801514
1,3,8,3,-1.4342987537384033
1,3,8,4,-1.8353683948516846
1,3,8,5,57.78591537475586
1,3,8,6,67.95819091796875
1,3,8,7,56.811737060546875
1,3,8,8,1.1040778160095215
1,3,8,9,2.18941068649292
1,3,8,10,0.7246675491333008
1,3,8,11,3.0915989875793457
1,3,9,1,-1.1474581956863403
1,3,9,2,-0.15846681594848633
1,3,9,3,0.6707503795623779
1,3,9,4,0.28096461296081543
1,3,9,5,104.75665283203125
1,3,9,6,187.89157104492188
1,3,9,7,104.0020980834961
1,3,9,8,3.9712343215942383
1,3,9,9,4.969692230224609
1,3,9,10,3.594972610473633
1,3,9,11,5.641695976257324
1,3,10,1,-1.1324468851089478
1,3,10,2,-1.1143754720687866
1,3,10,3,-0.20407283306121826
1,3,10,4,-0.6353919506072998
1,3,10,5,137.87472534179688
1,3,10,6,143.35971069335938
1,3,10,7,136.87710571289062
1,3,10,8,2.1949498653411865
1,3,10,9,3.3585610389709473
1,3,10,10,1.7940764427185059
1,3,10,11,4.254290580749512
1,3,11,1,6.235435962677002
1,3,11,2,11.938352584838867
1,3,11,3,12.556818962097168
1,3,11,4,12.151728630065918
1,3,11,5,224.65359497070312
1,3,11,6,391.6612243652344
1,3,11,7,224.25656127929688
1,3,11,8,17.48251724243164
1,3,11,9,18.432281494140625
1,3,11,10,17.082752227783203
1,3,11,11,18.842981338500977
1,4,1,1,-2.230109214782715
1,4,1,2,-2.2333266735076904
1,4,1,3,-2.233351945877075
1,4,1,4,-2.266432285308838
1,4,1,5,-3.1590254306793213
1,4,1,6,-2.6743991374969482
1,4,1,7,-2.7111549377441406
1,4,1,8,-2.1401050090789795
1,4,1,9,-2.164274215698242
1,4,1,10,-2.144810914993286
1,4,1,11,-2.1928820610046387
1,4,2,1,-2.2657294273376465
1,4,2,2,-2.2683656215667725
1,4,2,3,-2.2683908939361572
1,4,2,4,-2.301474094390869
1,4,2,5,-3.392411470413208
1,4,2,6,-2.812972068786621
1,4,2,7,-2.8231937885284424
1,4,2,8,-2.179165840148926
1,4,2,9,-2.2033514976501465
1,4,2,10,-2.183828592300415
1,4,2,11,-2.231947898864746
1,4,3,1,-2.166836738586426
1,4,3,2,-2.1437008380889893
1,4,3,3,-2.143726348876953
1,4,3,4,-2.176809549331665
1,4,3,5,-3.195187568664551
1,4,3,6,-2.787317991256714
1,4,3,7,-2.8082287311553955
1,4,3,8,-2.0723817348480225
1,4,3,9,-2.096567392349243
1,4,3,10,-2.0770444869995117
1,4,3,11,-2.125164031982422
1,4,4,1,-2.253324508666992
1,4,4,2,-2.256232261657715
1,4,4,3,-2.2562575340270996
1,4,4,4,-2.2893409729003906
1,4,4,5,-3.36777400970459
1,4,4,6,-2.842344045639038
1,4,4,7,-2.8683409690856934
1,4,4,8,-2.16481876373291
1,4,4,9,-2.189004421234131
1,4,4,10,-2.1694815158843994
1,4,4,11,-2.2176010608673096
1,4,5,1,-2.069119453430176
1,4,5,2,-2.0933313369750977
1,4,5,3,-2.0933566093444824
1,4,5,4,-2.126439094543457
1,4,5,5,-2.839918613433838
1,4,5,6,-2.431725025177002
1,4,5,7,-2.4481165409088135
1,4,5,8,-1.9968715906143188
1,4,5,9,-2.0210509300231934
1,4,5,10,-2.0015461444854736
1,4,5,11,-2.0496463775634766
1,4,6,1,-2.069119453430176
1,4,6,2,-2.0933313369750977
1,4,6,3,-2.0933566093444824
1,4,6,4,-2.126439094543457
1,4,6,5,-2.850980281829834
1,4,6,6,-2.431382179260254
1,4,6,7,-2.4477732181549072
1,4,6,8,-1.9968715906143188
1,4,6,9,-2.0210509300231934
1,4,6,10,-2.0015461444854736
1,4,6,11,-2.0496463775634766
1,4,7,1,-2.069126844406128
1,4,7,2,-2.0933384895324707
1,4,7,3,-2.0933637619018555
1,4,7,4,-2.12644624710083
1,4,7,5,-2.826150417327881
1,4,7,6,-2.437920570373535
1,4,7,7,-2.4543116092681885
1,4,7,8,-1.9968805313110352
1,4,7,9,-2.02105975151062
1,4,7,10,-2.0015552043914795
1,4,7,11,-2.0496551990509033
1,4,8,1,-2.233905792236328
1,4,8,2,-2.2455432415008545
1,4,8,3,-2.2455687522888184
1,4,8,4,-2.278651237487793
1,4,8,5,-3.346284866333008
1,4,8,6,-2.5555052757263184
1,4,8,7,-2.565134286880493
1,4,8,8,-2.1585311889648438
1,4,8,9,-2.1827173233032227
1,4,8,10,-2.163200855255127
1,4,8,11,-2.211320400238037
1,4,9,1,-2.268064498901367
1,4,9,2,-2.2776906490325928
1,4,9,3,-2.2777161598205566
1,4,9,4,-2.3107986450195312
1,4,9,5,-3.4072422981262207
1,4,9,6,-2.5373382568359375
1,4,9,7,-2.571333646774292
1,4,9,8,-2.1850404739379883
1,4,9,9,-2.209226608276367
1,4,9,10,-2.1897101402282715
1,4,9,11,-2.2378294467926025
1,4,10,1,-2.180380344390869
1,4,10,2,-2.1855216026306152
1,4,10,3,-2.185546875
1,4,10,4,-2.2186295986175537
1,4,10,5,-3.2737960815429688
1,4,10,6,-2.4746274948120117
1,4,10,7,-2.422994613647461
1,4,10,8,-2.099123001098633
1,4,10,9,-2.1233091354370117
1,4,10,10,-2.103792667388916
1,4,10,11,-2.151911973953247
1,4,11,1,-2.0294876098632812
1,4,11,2,-2.0909721851348877
1,4,11,3,-2.0909976959228516
1,4,11,4,-2.124080181121826
1,4,11,5,-3.2538063526153564
1,4,11,6,-2.250478744506836
1,4,11,7,-2.238389730453491
1,4,11,8,-1.9529411792755127
1,4,11,9,-1.9771270751953125
1,4,11,10,-1.957610845565796
1,4,11,11,-2.005730152130127
1,5,1,1,0.0
1,5,1,2,0.0
1,5,1,3,0.0
1,5,1,4,0.0
1,5,1,5,0.0
1,5,1,6,0.0
1,5,1,7,0.0
1,5,1,8,0.0
1,5,1,9,0.0
1,5,1,10,0.0
1,5,1,11,0.0
1,5,2,1,0.0
1,5,2,2,0.0
1,5,2,3,0.0
1,5,2,4,0.0
1,5,2,5,0.0
1,5,2,6,0.0
1,5,2,7,0.0
1,5,2,8,0.0
1,5,2,9,0.0
1,5,2,10,0.0
1,5,2,11,0.0
1,5,3,1,0.0
1,5,3,2,0.0
1,5,3,3,0.0
1,5,3,4,0.0
1,5,3,5,0.0
1,5,3,6,0.0
1,5,3,7,0.0
1,5,3,8,0.0
1,5,3,9,0.0
1,5,3,10,0.0
1,5,3,11,0.0
1,5,4,1,0.0
1,5,4,2,0.0
1,5,4,3,0.0
1,5,4,4,0.0
1,5,4,5,0.0
1,5,4,6,0.0
1,5,4,7,0.0
1,5,4,8,0.0
1,5,4,9,0.0
1,5,4,10,0.0
1,5,4,11,0.0
1,5,5,1,0.0
1,5,5,2,0.0
1,5,5,3,0.0
1,5,5,4,0.0
1,5,5,5,0.0
1,5,5,6,0.0
1,5,5,7,0.0
1,5,5,8,0.0
1,5,5,9,0.0
1,5,5,10,0.0
1,5,5,11,0.0
1,5,6,1,0.0
1,5,6,2,0.0
1,5,6,3,0.0
1,5,6,4,0.0
1,5,6,5,0.0
1,5,6,6,0.0
1,5,6,7,0.0
1,5,6,8,0.0
1,5,6,9,0.0
1,5,6,10,0.0
1,5,6,11,0.0
1,5,7,1,0.0
1,5,7,2,0.0
1,5,7,3,0.0
1,5,7,4,0.0
1,5,7,5,0.0
1,5,7,6,0.0
1,5,7,7,0.0
1,5,7,8,0.0
1,5,7,9,0.0
1,5,7,10,0.0
1,5,7,11,0.0
1,5,8,1,0.0
1,5,8,2,0.0
1,5,8,3,0.0
1,5,8,4,0.0
1,5,8,5,0.0
1,5,8,6,0.0
1,5,8,7,0.0
1,5,8,8,0.0
1,5,8,9,0.0
1,5,8,10,0.0
1,5,8,11,0.0
1,5,9,1,0.0
1,5,9,2,0.0
1,5,9,3,0.0
1,5,9,4,0.0
1,5,9,5,0.0
1,5,9,6,0.0
1,5,9,7,0.0
1,5,9,8,0.0
1,5,9,9,0.0
1,5,9,10,0.0
1,5,9,11,0.0
1,5,10,1,0.0
1,5,10,2,0.0
1,5,10,3,0.0
1,5,10,4,0.0
1,5,10,5,0.0
1,5,10,6,0.0
1,5,10,7,0.0
1,5,10,8,0.0
1,5,10,9,0.0
1,5,10,10,0.0
1,5,10,11,0.0
1,5,11,1,0.0
1,5,11,2,0.0
1,5,11,3,0.0
1,5,11,4,0.0
1,5,11,5,0.0
1,5,11,6,0.0
1,5,11,7,0.0
1,5,11,8,0.0
1,5,11,9,0.0
1,5,11,10,0.0
1,5,11,11,0.0
1,6,1,1,-2.1395486328401603e-05
1,6,1,2,-0.00013501897046808153
1,6,1,3,-0.00013501897046808153
1,6,1,4,-0.00013501897046808153
1,6,1,5,-1.0710355127230287e-05
1,6,1,6,-1.0710355127230287e-05
1,6,1,7,-1.0710355127230287e-05
1,6,1,8,-0.00017372566799167544
1,6,1,9,0.0001328554208157584
1,6,1,10,-7.993120561877731e-06
1,6,1,11,-0.00017372566799167544
1,6,2,1,-2.1395486328401603e-05
1,6,2,2,-0.00013501897046808153
1,6,2,3,-0.00013501897046808153
1,6,2,4,-0.00013501897046808153
1,6,2,5,-1.0710355127230287e-05
1,6,2,6,-1.0710355127230287e-05
1,6,2,7,-1.0710355127230287e-05
1,6,2,8,-0.00017372566799167544
1,6,2,9,0.0001328554208157584
1,6,2,10,-7.993120561877731e-06
1,6,2,11,-0.00017372566799167544
1,6,3,1,-2.1395486328401603e-05
1,6,3,2,-0.00013501897046808153
1,6,3,3,-0.00013501897046808153
1,6,3,4,-0.00013501897046808153
1,6,3,5,-1.0710355127230287e-05
1,6,3,6,-1.0710355127230287e-05
1,6,3,7,-1.0710355127230287e-05
1,6,3,8,-0.00017372566799167544
1,6,3,9,0.0001328554208157584
1,6,3,10,-7.993120561877731e-06
1,6,3,11,-0.00017372566799167544
1,6,4,1,-2.1395486328401603e-05
1,6,4,2,-0.00013501897046808153
1,6,4,3,-0.00013501897046808153
1,6,4,4,-0.00013501897046808153
1,6,4,5,-1.0710355127230287e-05
1,6,4,6,-1.0710355127230287e-05
1,6,4,7,-1.0710355127230287e-05
1,6,4,8,-0.00017372566799167544
1,6,4,9,0.0001328554208157584
1,6,4,10,-7.993120561877731e-06
1,6,4,11,-0.00017372566799167544
1,6,5,1,-2.1395486328401603e-05
1,6,5,2,-0.00013501897046808153
1,6,5,3,-0.00013501897046808153
1,6,5,4,-0.00013501897046808153
1,6,5,5,-1.0710355127230287e-05
1,6,5,6,-1.0710355127230287e-05
1,6,5,7,-1.0710355127230287e-05
1,6,5,8,-0.00017372566799167544
1,6,5,9,0.0001328554208157584
1,6,5,10,-7.993120561877731e-06
1,6,5,11,-0.00017372566799167544
1,6,6,1,-2.1395486328401603e-05
1,6,6,2,-0.00013501897046808153
1,6,6,3,-0.00013501897046808153
1,6,6,4,-0.00013501897046808153
1,6,6,5,-1.0710355127230287e-05
1,6,6,6,-1.0710355127230287e-05
1,6,6,7,-1.0710355127230287e-05
1,6,6,8,-0.00017372566799167544
1,6,6,9,0.0001328554208157584
1,6,6,10,-7.993120561877731e-06
1,6,6,11,-0.00017372566799167544
1,6,7,1,-2.1395486328401603e-05
1,6,7,2,-0.00013501897046808153
1,6,7,3,-0.00013501897046808153
1,6,7,4,-0.00013501897046808153
1,6,7,5,-1.0710355127230287e-05
1,6,7,6,-1.0710355127230287e-05
1,6,7,7,-1.0710355127230287e-05
1,6,7,8,-0.00017372566799167544
1,6,7,9,0.0001328554208157584
1,6,7,10,-7.993120561877731e-06
1,6,7,11,-0.00017372566799167544
1,6,8,1,-2.1395486328401603e-05
1,6,8,2,-0.00013501897046808153
1,6,8,3,-0.00013501897046808153
1,6,8,4,-0.00013501897046808153
1,6,8,5,-1.0710355127230287e-05
1,6,8,6,-1.0710355127230287e-05
1,6,8,7,-1.0710355127230287e-05
1,6,8,8,-0.00017372566799167544
1,6,8,9,0.0001328554208157584
1,6,8,10,-7.993120561877731e-06
1,6,8,11,-0.00017372566799167544
1,6,9,1,-2.1395486328401603e-05
1,6,9,2,-0.00013501897046808153
1,6,9,3,-0.00013501897046808153
1,6,9,4,-0.00013501897046808153
1,6,9,5,-1.0710355127230287e-05
1,6,9,6,-1.0710355127230287e-05
1,6,9,7,-1.0710355127230287e-05
1,6,9,8,-0.00017372566799167544
1,6,9,9,0.0001328554208157584
1,6,9,10,-7.993120561877731e-06
1,6,9,11,-0.00017372566799167544
1,6,10,1,-2.1395486328401603e-05
1,6,10,2,-0.00013501897046808153
1,6,10,3,-0.00013501897046808153
1,6,10,4,-0.00013501897046808153
1,6,10,5,-1.0710355127230287e-05
1,6,10,6,-1.0710355127230287e-05
1,6,10,7,-1.0710355127230287e-05
1,6,10,8,-0.00017372566799167544
1,6,10,9,0.0001328554208157584
1,6,10,10,-7.993120561877731e-06
1,6,10,11,-0.00017372566799167544
1,6,11,1,-2.1395486328401603e-05
1,6,11,2,-0.00013501897046808153
1,6,11,3,-0.00013501897046808153
1,6,11,4,-0.00013501897046808153
1,6,11,5,-1.0710355127230287e-05
1,6,11,6,-1.0710355127230287e-05
1,6,11,7,-1.0710355127230287e-05
1,6,11,8,-0.00017372566799167544
1,6,11,9,0.0001328554208157584
1,6,11,10,-7.993120561877731e-06
1,6,11,11,-0.00017372566799167544
1,7,1,1,0.0
1,7,1,2,0.0
1,7,1,3,0.0
1,7,1,4,0.0
1,7,1,5,0.0
1,7,1,6,0.0
1,7,1,7,0.0
1,7,1,8,0.0
1,7,1,9,0.0
1,7,1,10,0.0
1,7,1,11,0.0
1,7,2,1,0.0
1,7,2,2,0.0
1,7,2,3,0.0
1,7,2,4,0.0
1,7,2,5,0.0
1,7,2,6,0.0
1,7,2,7,0.0
1,7,2,8,0.0
1,7,2,9,0.0
1,7,2,10,0.0
1,7,2,11,0.0
1,7,3,1,0.0
1,7,3,2,0.002176809124648571
1,7,3,3,-2.3959366899362067e-06
1,7,3,4,-2.3980533114809077e-06
1,7,3,5,0.0
1,7,3,6,0.0
1,7,3,7,0.0
1,7,3,8,-2.607268834253773e-05
1,7,3,9,-0.004333214834332466
1,7,3,10,-1.5703716371717746e-06
1,7,3,11,0.0
1,7,4,1,0.0
1,7,4,2,0.0
1,7,4,3,0.0
1,7,4,4,0.0
1,7,4,5,0.0
1,7,4,6,0.0
1,7,4,7,0.0
1,7,4,8,0.0
1,7,4,9,0.0
1,7,4,10,0.0
1,7,4,11,0.0
1,7,5,1,0.0
1,7,5,2,0.0
1,7,5,3,0.0
1,7,5,4,0.0
1,7,5,5,0.0
1,7,5,6,0.0
1,7,5,7,0.0
1,7,5,8,0.0
1,7,5,9,0.0
1,7,5,10,0.0
1,7,5,11,0.0
1,7,6,1,0.0
1,7,6,2,0.0
1,7,6,3,0.0
1,7,6,4,0.0
1,7,6,5,0.0
1,7,6,6,0.0
1,7,6,7,0.0
1,7,6,8,0.0
1,7,6,9,0.0
1,7,6,10,0.0
1,7,6,11,0.0
1,7,7,1,0.0
1,7,7,2,0.0
1,7,7,3,0.0
1,7,7,4,0.0
1,7,7,5,0.0
1,7,7,6,0.0
1,7,7,7,0.0
1,7,7,8,0.0
1,7,7,9,0.0
1,7,7,10,0.0
1,7,7,11,0.0
1,7,8,1,0.0
1,7,8,2,-6.813465915911365e-07
1,7,8,3,0.0
1,7,8,4,0.0
1,7,8,5,0.0
1,7,8,6,0.0
1,7,8,7,0.0
1,7,8,8,0.0
1,7,8,9,0.0
1,7,8,10,0.0
1,7,8,11,0.0
1,7,9,1,0.0
1,7,9,2,-3.234899486415088e-05
1,7,9,3,0.0
1,7,9,4,0.0
1,7,9,5,0.0
1,7,9,6,0.0
1,7,9,7,0.0
1,7,9,8,0.00012841513671446592
1,7,9,9,0.0043181162327528
1,7,9,10,0.0
1,7,9,11,0.0
1,7,10,1,0.0
1,7,10,2,0.0
1,7,10,3,0.0
1,7,10,4,0.0
1,7,10,5,0.0
1,7,10,6,0.0
1,7,10,7,0.0
1,7,10,8,5.01840804645326e-05
1,7,10,9,0.0021699187345802784
1,7,10,10,0.0
1,7,10,11,0.0
1,7,11,1,0.0
1,7,11,2,-0.0036376751959323883
1,7,11,3,1.6054769957918325e-08
1,7,11,4,-8.416941454925109e-07
1,7,11,5,0.0
1,7,11,6,0.0
1,7,11,7,0.0
1,7,11,8,0.005173490382730961
1,7,11,9,0.030056936666369438
1,7,11,10,0.00022101865033619106
1,7,11,11,0.0
1,8,1,1,0.0
1,8,1,2,0.0
1,8,1,3,0.0
1,8,1,4,0.0
1,8,1,5,0.0
1,8,1,6,0.0
1,8,1,7,0.0
1,8,1,8,0.0
1,8,1,9,0.0
1,8,1,10,0.0
1,8,1,11,0.0
1,8,2,1,0.0
1,8,2,2,0.0
1,8,2,3,0.0
1,8,2,4,0.0
1,8,2,5,0.0
1,8,2,6,0.0
1,8,2,7,0.0
1,8,2,8,0.0
1,8,2,9,0.0
1,8,2,10,0.0
1,8,2,11,0.0
1,8,3,1,0.0
1,8,3,2,0.0
1,8,3,3,0.0
1,8,3,4,0.0
1,8,3,5,0.0
1,8,3,6,0.0
1,8,3,7,0.0
1,8,3,8,0.0
1,8,3,9,0.0
1,8,3,10,0.0
1,8,3,11,0.0
1,8,4,1,0.0
1,8,4,2,0.0
1,8,4,3,0.0
1,8,4,4,0.0
1,8,4,5,0.0
1,8,4,6,0.0
1,8,4,7,0.0
1,8,4,8,0.0
1,8,4,9,0.0
1,8,4,10,0.0
1,8,4,11,0.0
1,8,5,1,0.0
1,8,5,2,0.0
1,8,5,3,0.0
1,8,5,4,0.0
1,8,5,5,0.0
1,8,5,6,0.0
1,8,5,7,0.0
1,8,5,8,0.0
1,8,5,9,0.0
1,8,5,10,0.0
1,8,5,11,0.0
1,8,6,1,0.0
1,8,6,2,0.0
1,8,6,3,0.0
1,8,6,4,0.0
1,8,6,5,0.0
1,8,6,6,0.0
1,8,6,7,0.0
1,8,6,8,0.0
1,8,6,9,0.0
1,8,6,10,0.0
1,8,6,11,0.0
1,8,7,1,0.0
1,8,7,2,0.0
1,8,7,3,0.0
1,8,7,4,0.0
1,8,7,5,0.0
1,8,7,6,0.0
1,8,7,7,0.0
1,8,7,8,0.0
1,8,7,9,0.0
1,8,7,10,0.0
1,8,7,11,0.0
1,8,8,1,0.0
1,8,8,2,0.0
1,8,8,3,0.0
1,8,8,4,0.0
1,8,8,5,0.0
1,8,8,6,0.0
1,8,8,7,0.0
1,8,8,8,0.0
1,8,8,9,0.0
1,8,8,10,0.0
1,8,8,11,0.0
1,8,9,1,0.0
1,8,9,2,0.0
1,8,9,3,0.0
1,8,9,4,0.0
1,8,9,5,0.0
1,8,9,6,0.0
1,8,9,7,0.0
1,8,9,8,0.0
1,8,9,9,0.0
1,8,9,10,0.0
1,8,9,11,0.0
1,8,10,1,0.0
1,8,10,2,0.0
1,8,10,3,0.0
1,8,10,4,0.0
1,8,10,5,0.0
1,8,10,6,0.0
1,8,10,7,0.0
1,8,10,8,0.0
1,8,10,9,0.0
1,8,10,10,0.0
1,8,10,11,0.0
1,8,11,1,0.0
1,8,11,2,0.0
1,8,11,3,0.0
1,8,11,4,0.0
1,8,11,5,0.0
1,8,11,6,0.0
1,8,11,7,0.0
1,8,11,8,0.0
1,8,11,9,0.0
1,8,11,10,0.0
1,8,11,11,0.0
2,3,1,1,-0.3731580972671509
2,3,1,2,-0.5293769836425781
2,3,1,3,-0.6087120771408081
2,3,1,4,-0.6660569906234741
2,3,1,5,-0.468822181224823
2,3,1,6,-0.5001325607299805
2,3,1,7,-0.5321108102798462
2,3,1,8,-0.2173774540424347
2,3,1,9,-0.367575079202652
2,3,1,10,-0.11912170052528381
2,3,1,11,-0.526233434677124
2,3,2,1,-0.038953348994255066
2,3,2,2,-0.16286972165107727
2,3,2,3,-0.27116402983665466
2,3,2,4,-0.3290540874004364
2,3,2,5,-0.14692078530788422
2,3,2,6,-0.1771537810564041
2,3,2,7,-0.21020923554897308
2,3,2,8,0.09191517531871796
2,3,2,9,-0.030946046113967896
2,3,2,10,0.12831054627895355
2,3,2,11,-0.19120962917804718
2,3,3,1,-0.06361280381679535
2,3,3,2,-0.18752902746200562
2,3,3,3,-0.29582348465919495
2,3,3,4,-0.3537135422229767
2,3,3,5,-0.1715802401304245
2,3,3,6,-0.2018132358789444
2,3,3,7,-0.23486869037151337
2,3,3,8,0.06725572049617767
2,3,3,9,-0.05560550093650818
2,3,3,10,0.10365109145641327
2,3,3,11,-0.21586908400058746
2,3,4,1,-0.06035229563713074
2,3,4,2,-0.184268519282341
2,3,4,3,-0.29256296157836914
2,3,4,4,-0.3504530191421509
2,3,4,5,-0.1683197319507599
2,3,4,6,-0.19855272769927979
2,3,4,7,-0.23160818219184875
2,3,4,8,0.07051621377468109
2,3,4,9,-0.05234499275684357
2,3,4,10,0.10691158473491669
2,3,4,11,-0.21260856091976166
2,3,5,1,-0.6273775100708008
2,3,5,2,-1.1355905532836914
2,3,5,3,-1.145125389099121
2,3,5,4,-1.2339667081832886
2,3,5,5,-0.604992151260376
2,3,5,6,-0.6313852667808533
2,3,5,7,-0.6682806015014648
2,3,5,8,-0.8098964095115662
2,3,5,9,-0.8595876693725586
2,3,5,10,-0.5034328699111938
2,3,5,11,-0.9037021398544312
2,3,6,1,-0.35448771715164185
2,3,6,2,-0.8202594518661499
2,3,6,3,-0.8888340592384338
2,3,6,4,-0.9151654839515686
2,3,6,5,-0.35874253511428833
2,3,6,6,-0.3732224702835083
2,3,6,7,-0.4220309853553772
2,3,6,8,-0.039616331458091736
2,3,6,9,-0.28437352180480957
2,3,6,10,0.34112268686294556
2,3,6,11,-0.5028925538063049
2,3,7,1,-0.4337776303291321
2,3,7,2,-0.9589155316352844
2,3,7,3,-0.9149730205535889
2,3,7,4,-0.9256048202514648
2,3,7,5,-0.4485068917274475
2,3,7,6,-0.4943684935569763
2,3,7,7,-0.5117953419685364
2,3,7,8,0.0181424617767334
2,3,7,9,-0.19629062712192535
2,3,7,10,0.4462164044380188
2,3,7,11,-0.3456769585609436
2,3,8,1,-0.05282557010650635
2,3,8,2,-0.19596576690673828
2,3,8,3,-0.2840108573436737
2,3,8,4,-0.34069931507110596
2,3,8,5,-0.16229459643363953
2,3,8,6,-0.19313281774520874
2,3,8,7,-0.2255830466747284
2,3,8,8,0.10286213457584381
2,3,8,9,-0.04113103449344635
2,3,8,10,0.17855320870876312
2,3,8,11,-0.20566651225090027
2,3,9,1,-0.05519719421863556
2,3,9,2,-0.1983373761177063
2,3,9,3,-0.2863824963569641
2,3,9,4,-0.343070924282074
2,3,9,5,-0.16466622054576874
2,3,9,6,-0.19550442695617676
2,3,9,7,-0.2279546707868576
2,3,9,8,0.1004905253648758
2,3,9,9,-0.043502673506736755
2,3,9,10,0.1761815994977951
2,3,9,11,-0.20803813636302948
2,3,10,1,-0.0763588696718216
2,3,10,2,-0.21949905157089233
2,3,10,3,-0.30754414200782776
2,3,10,4,-0.36423259973526
2,3,10,5,-0.18582788109779358
2,3,10,6,-0.2166661024093628
2,3,10,7,-0.24911633133888245
2,3,10,8,0.07932887971401215
2,3,10,9,-0.0646643191576004
2,3,10,10,0.15501992404460907
2,3,10,11,-0.22919978201389313
2,3,11,1,0.02693277597427368
2,3,11,2,-0.5277368426322937
2,3,11,3,-0.049789562821388245
2,3,11,4,0.04815585911273956
2,3,11,5,-0.02687402069568634
2,3,11,6,-0.15615488588809967
2,3,11,7,-0.0901625007390976
2,3,11,8,2.272374391555786
2,3,11,9,1.678720235824585
2,3,11,10,3.073852777481079
2,3,11,11,1.5577144622802734
2,4,1,1,0.705970823764801
2,4,1,2,0.8125482797622681
2,4,1,3,0.8125482797622681
2,4,1,4,0.8125482797622681
2,4,1,5,0.7729048728942871
2,4,1,6,0.7921628952026367
2,4,1,7,0.7921621799468994
2,4,1,8,0.8072999715805054
2,4,1,9,0.8072999715805054
2,4,1,10,0.8072999715805054
2,4,1,11,0.8072999715805054
2,4,2,1,0.7405673265457153
2,4,2,2,0.8470373153686523
2,4,2,3,0.8470373153686523
2,4,2,4,0.8470373153686523
2,4,2,5,0.8069894313812256
2,4,2,6,0.8266304731369019
2,4,2,7,0.8266297578811646
2,4,2,8,0.8418600559234619
2,4,2,9,0.8418600559234619
2,4,2,10,0.8418600559234619
2,4,2,11,0.8418600559234619
2,4,3,1,0.7405673265457153
2,4,3,2,0.8470373153686523
2,4,3,3,0.8470373153686523
2,4,3,4,0.8470373153686523
2,4,3,5,0.8069894313812256
2,4,3,6,0.8266304731369019
2,4,3,7,0.8266297578811646
2,4,3,8,0.8418600559234619
2,4,3,9,0.8418600559234619
2,4,3,10,0.8418600559234619
2,4,3,11,0.8418600559234619
2,4,4,1,0.7405673265457153
2,4,4,2,0.8470373153686523
2,4,4,3,0.8470373153686523
2,4,4,4,0.8470373153686523
2,4,4,5,0.8069894313812256
2,4,4,6,0.8266304731369019
2,4,4,7,0.8266297578811646
2,4,4,8,0.8418600559234619
2,4,4,9,0.8418600559234619
2,4,4,10,0.8418600559234619
2,4,4,11,0.8418600559234619
2,4,5,1,0.7571346759796143
2,4,5,2,0.8636047840118408
2,4,5,3,0.8636047840118408
2,4,5,4,0.8636047840118408
2,4,5,5,0.8235569000244141
2,4,5,6,0.8431979417800903
2,4,5,7,0.843197226524353
2,4,5,8,0.8584275245666504
2,4,5,9,0.8584275245666504
2,4,5,10,0.8584275245666504
2,4,5,11,0.8584275245666504
2,4,6,1,0.7345913052558899
2,4,6,2,0.8410613536834717
2,4,6,3,0.8410613536834717
2,4,6,4,0.8410613536834717
2,4,6,5,0.8010134696960449
2,4,6,6,0.8206545114517212
2,4,6,7,0.8206537961959839
2,4,6,8,0.8358840942382812
2,4,6,9,0.8358840942382812
2,4,6,10,0.8358840942382812
2,4,6,11,0.8358840942382812
2,4,7,1,0.7342431545257568
2,4,7,2,0.8407131433486938
2,4,7,3,0.8407131433486938
2,4,7,4,0.8407131433486938
2,4,7,5,0.8006652593612671
2,4,7,6,0.8203063011169434
2,4,7,7,0.820305585861206
2,4,7,8,0.8355358839035034
2,4,7,9,0.8355358839035034
2,4,7,10,0.8355358839035034
2,4,7,11,0.8355358839035034
2,4,8,1,0.71468186378479
2,4,8,2,0.8211892247200012
2,4,8,3,0.8211892247200012
2,4,8,4,0.8211892247200012
2,4,8,5,0.7812747955322266
2,4,8,6,0.800789475440979
2,4,8,7,0.8007887601852417
2,4,8,8,0.8159888982772827
2,4,8,9,0.8159888982772827
2,4,8,10,0.8159888982772827
2,4,8,11,0.8159888982772827
2,4,9,1,0.71468186378479
2,4,9,2,0.8211892247200012
2,4,9,3,0.8211892247200012
2,4,9,4,0.8211892247200012
2,4,9,5,0.7812747955322266
2,4,9,6,0.800789475440979
2,4,9,7,0.8007887601852417
2,4,9,8,0.8159888982772827
2,4,9,9,0.8159888982772827
2,4,9,10,0.8159888982772827
2,4,9,11,0.8159888982772827
2,4,10,1,0.71468186378479
2,4,10,2,0.8211892247200012
2,4,10,3,0.8211892247200012
2,4,10,4,0.8211892247200012
2,4,10,5,0.7812747955322266
2,4,10,6,0.800789475440979
2,4,10,7,0.8007887601852417
2,4,10,8,0.8159888982772827
2,4,10,9,0.8159888982772827
2,4,10,10,0.8159888982772827
2,4,10,11,0.8159888982772827
2,4,11,1,0.7102912068367004
2,4,11,2,0.8167985677719116
2,4,11,3,0.8167985677719116
2,4,11,4,0.8167985677719116
2,4,11,5,0.7768840789794922
2,4,11,6,0.7963987588882446
2,4,11,7,0.7963981032371521
2,4,11,8,0.8115982413291931
2,4,11,9,0.8115982413291931
2,4,11,10,0.8115982413291931
2,4,11,11,0.8115982413291931
2,5,1,1,0.01740105077624321
2,5,1,2,0.01740105077624321
2,5,1,3,0.01740105077624321
2,5,1,4,0.01740105077624321
2,5,1,5,0.01740105077624321
2,5,1,6,0.01740105077624321
2,5,1,7,0.01740105077624321
2,5,1,8,0.01740105077624321
2,5,1,9,0.01740105077624321
2,5,1,10,0.01740105077624321
2,5,1,11,0.01740105077624321
2,5,2,1,0.01740105077624321
2,5,2,2,0.01740105077624321
2,5,2,3,0.01740105077624321
2,5,2,4,0.01740105077624321
2,5,2,5,0.01740105077624321
2,5,2,6,0.01740105077624321
2,5,2,7,0.01740105077624321
2,5,2,8,0.01740105077624321
2,5,2,9,0.01740105077624321
2,5,2,10,0.01740105077624321
2,5,2,11,0.01740105077624321
2,5,3,1,0.01740105077624321
2,5,3,2,0.01740105077624321
2,5,3,3,0.01740105077624321
2,5,3,4,0.01740105077624321
2,5,3,5,0.01740105077624321
2,5,3,6,0.01740105077624321
2,5,3,7,0.01740105077624321
2,5,3,8,0.01740105077624321
2,5,3,9,0.01740105077624321
2,5,3,10,0.01740105077624321
2,5,3,11,0.01740105077624321
2,5,4,1,0.01740105077624321
2,5,4,2,0.01740105077624321
2,5,4,3,0.01740105077624321
2,5,4,4,0.01740105077624321
2,5,4,5,0.01740105077624321
2,5,4,6,0.01740105077624321
2,5,4,7,0.01740105077624321
2,5,4,8,0.01740105077624321
2,5,4,9,0.01740105077624321
2,5,4,10,0.01740105077624321
2,5,4,11,0.01740105077624321
2,5,5,1,0.01740105077624321
2,5,5,2,0.01740105077624321
2,5,5,3,0.01740105077624321
2,5,5,4,0.01740105077624321
2,5,5,5,0.01740105077624321
2,5,5,6,0.01740105077624321
2,5,5,7,0.01740105077624321
2,5,5,8,0.01740105077624321
2,5,5,9,0.01740105077624321
2,5,5,10,0.01740105077624321
2,5,5,11,0.01740105077624321
2,5,6,1,0.01740105077624321
2,5,6,2,0.01740105077624321
2,5,6,3,0.01740105077624321
2,5,6,4,0.01740105077624321
2,5,6,5,0.01740105077624321
2,5,6,6,0.01740105077624321
2,5,6,7,0.01740105077624321
2,5,6,8,0.01740105077624321
2,5,6,9,0.01740105077624321
2,5,6,10,0.01740105077624321
2,5,6,11,0.01740105077624321
2,5,7,1,0.01740105077624321
2,5,7,2,0.01740105077624321
2,5,7,3,0.01740105077624321
2,5,7,4,0.01740105077624321
2,5,7,5,0.01740105077624321
2,5,7,6,0.01740105077624321
2,5,7,7,0.01740105077624321
2,5,7,8,0.01740105077624321
2,5,7,9,0.01740105077624321
2,5,7,10,0.01740105077624321
2,5,7,11,0.01740105077624321
2,5,8,1,0.01740105077624321
2,5,8,2,0.01740105077624321
2,5,8,3,0.01740105077624321
2,5,8,4,0.01740105077624321
2,5,8,5,0.01740105077624321
2,5,8,6,0.01740105077624321
2,5,8,7,0.01740105077624321
2,5,8,8,0.01740105077624321
2,5,8,9,0.01740105077624321
2,5,8,10,0.01740105077624321
2,5,8,11,0.01740105077624321
2,5,9,1,0.01740105077624321
2,5,9,2,0.01740105077624321
2,5,9,3,0.01740105077624321
2,5,9,4,0.01740105077624321
2,5,9,5,0.01740105077624321
2,5,9,6,0.01740105077624321
2,5,9,7,0.01740105077624321
2,5,9,8,0.01740105077624321
2,5,9,9,0.01740105077624321
2,5,9,10,0.01740105077624321
2,5,9,11,0.01740105077624321
2,5,10,1,0.01740105077624321
2,5,10,2,0.01740105077624321
2,5,10,3,0.01740105077624321
2,5,10,4,0.01740105077624321
2,5,10,5,0.01740105077624321
2,5,10,6,0.01740105077624321
2,5,10,7,0.01740105077624321
2,5,10,8,0.01740105077624321
2,5,10,9,0.01740105077624321
2,5,10,10,0.01740105077624321
2,5,10,11,0.01740105077624321
2,5,11,1,0.01740105077624321
2,5,11,2,0.01740105077624321
2,5,11,3,0.01740105077624321
2,5,11,4,0.01740105077624321
2,5,11,5,0.01740105077624321
2,5,11,6,0.01740105077624321
2,5,11,7,0.01740105077624321
2,5,11,8,0.01740105077624321
2,5,11,9,0.01740105077624321
2,5,11,10,0.01740105077624321
2,5,11,11,0.01740105077624321
2,6,1,1,-0.3336317539215088
2,6,1,2,-0.30125635862350464
2,6,1,3,-0.11387026309967041
2,6,1,4,-0.5334744453430176
2,6,1,5,-0.2676315903663635
2,6,1,6,-0.3440924882888794
2,6,1,7,-0.5281343460083008
2,6,1,8,2.162052869796753
2,6,1,9,2.4434432983398438
2,6,1,10,0.31959113478660583
2,6,1,11,1.446056842803955
2,6,2,1,-0.33383429050445557
2,6,2,2,-0.29305732250213623
2,6,2,3,-0.10544347018003464
2,6,2,4,-0.4997928738594055
2,6,2,5,-0.2691597044467926
2,6,2,6,-0.34562069177627563
2,6,2,7,-0.5204055905342102
2,6,2,8,2.0940468311309814
2,6,2,9,2.3799610137939453
2,6,2,10,0.31634384393692017
2,6,2,11,1.42386794090271
2,6,3,1,-0.33383429050445557
2,6,3,2,-0.29305732250213623
2,6,3,3,-0.10544347018003464
2,6,3,4,-0.4945908784866333
2,6,3,5,-0.2691597044467926
2,6,3,6,-0.34562069177627563
2,6,3,7,-0.5204055905342102
2,6,3,8,2.081510305404663
2,6,3,9,2.367626667022705
2,6,3,10,0.31634384393692017
2,6,3,11,1.422966718673706
2,6,4,1,-0.33383429050445557
2,6,4,2,-0.29305732250213623
2,6,4,3,-0.10544347018003464
2,6,4,4,-0.4997928738594055
2,6,4,5,-0.2691597044467926
2,6,4,6,-0.34562069177627563
2,6,4,7,-0.5204055905342102
2,6,4,8,2.0940468311309814
2,6,4,9,2.3799610137939453
2,6,4,10,0.31634384393692017
2,6,4,11,1.42386794090271
2,6,5,1,-0.32297512888908386
2,6,5,2,-0.28164494037628174
2,6,5,3,-0.09401694685220718
2,6,5,4,-0.4762434959411621
2,6,5,5,-0.2557554841041565
2,6,5,6,-0.3322165012359619
2,6,5,7,-0.48208993673324585
2,6,5,8,2.0878818035125732
2,6,5,9,2.380080223083496
2,6,5,10,0.24273768067359924
2,6,5,11,1.4286167621612549
2,6,6,1,-0.3339824080467224
2,6,6,2,-0.2923685610294342
2,6,6,3,-0.10474058240652084
2,6,6,4,-0.5010865330696106
2,6,6,5,-0.2664409875869751
2,6,6,6,-0.34290191531181335
2,6,6,7,-0.5234631896018982
2,6,6,8,2.092698812484741
2,6,6,9,2.3776702880859375
2,6,6,10,0.3297201693058014
2,6,6,11,1.4233214855194092
2,6,7,1,-0.3339824080467224
2,6,7,2,-0.2923685610294342
2,6,7,3,-0.10474058240652084
2,6,7,4,-0.5010865330696106
2,6,7,5,-0.2664409875869751
2,6,7,6,-0.34290191531181335
2,6,7,7,-0.5234633684158325
2,6,7,8,2.092698812484741
2,6,7,9,2.3776702880859375
2,6,7,10,0.3297201693058014
2,6,7,11,1.4233214855194092
2,6,8,1,-0.3327687382698059
2,6,8,2,-0.29248911142349243
2,6,8,3,-0.10494702309370041
2,6,8,4,-0.5189296007156372
2,6,8,5,-0.2690942883491516
2,6,8,6,-0.3455558121204376
2,6,8,7,-0.5236523151397705
2,6,8,8,2.169745683670044
2,6,8,9,2.4538238048553467
2,6,8,10,0.3062213659286499
2,6,8,11,1.4621981382369995
2,6,9,1,-0.3327687382698059
2,6,9,2,-0.29248911142349243
2,6,9,3,-0.10494702309370041
2,6,9,4,-0.5261963605880737
2,6,9,5,-0.2690942883491516
2,6,9,6,-0.3455558121204376
2,6,9,7,-0.5236523151397705
2,6,9,8,2.187277317047119
2,6,9,9,2.4738497734069824
2,6,9,10,0.3062213659286499
2,6,9,11,1.4682958126068115
2,6,10,1,-0.3327687382698059
2,6,10,2,-0.29248911142349243
2,6,10,3,-0.10494702309370041
2,6,10,4,-0.5189101696014404
2,6,10,5,-0.2690942883491516
2,6,10,6,-0.3455558121204376
2,6,10,7,-0.5236523151397705
2,6,10,8,2.166354179382324
2,6,10,9,2.4495320320129395
2,6,10,10,0.3062213659286499
2,6,10,11,1.4620091915130615
2,6,11,1,-0.3331701159477234
2,6,11,2,-0.2939498722553253
2,6,11,3,-0.1065443903207779
2,6,11,4,-0.5254025459289551
2,6,11,5,-0.26672348380088806
2,6,11,6,-0.3431844115257263
2,6,11,7,-0.5880511403083801
2,6,11,8,2.1575498580932617
2,6,11,9,2.4383177757263184
2,6,11,10,0.4094790816307068
2,6,11,11,1.4561798572540283
2,7,1,1,-0.14640910923480988
2,7,1,2,-0.203816220164299
2,7,1,3,-0.14751625061035156
2,7,1,4,-0.14751625061035156
2,7,1,5,-0.1463981568813324
2,7,1,6,-0.1463981568813324
2,7,1,7,-0.1463981568813324
2,7,1,8,-0.12840454280376434
2,7,1,9,-0.14416176080703735
2,7,1,10,0.017196442931890488
2,7,1,11,-0.1464506983757019
2,7,2,1,-0.14640910923480988
2,7,2,2,-0.203816220164299
2,7,2,3,-0.14751625061035156
2,7,2,4,-0.14751625061035156
2,7,2,5,-0.1463981568813324
2,7,2,6,-0.1463981568813324
2,7,2,7,-0.1463981568813324
2,7,2,8,-0.12840454280376434
2,7,2,9,-0.14416176080703735
2,7,2,10,0.017196442931890488
2,7,2,11,-0.1464506983757019
2,7,3,1,-0.14640910923480988
2,7,3,2,-0.203816220164299
2,7,3,3,-0.14751625061035156
2,7,3,4,-0.14751625061035156
2,7,3,5,-0.1463981568813324
2,7,3,6,-0.1463981568813324
2,7,3,7,-0.1463981568813324
2,7,3,8,-0.12840454280376434
2,7,3,9,-0.14416176080703735
2,7,3,10,0.017196442931890488
2,7,3,11,-0.1464506983757019
2,7,4,1,-0.14640910923480988
2,7,4,2,-0.203816220164299
2,7,4,3,-0.14751625061035156
2,7,4,4,-0.14751625061035156
2,7,4,5,-0.1463981568813324
2,7,4,6,-0.1463981568813324
2,7,4,7,-0.1463981568813324
2,7,4,8,-0.12840454280376434
2,7,4,9,-0.14416176080703735
2,7,4,10,0.017196442931890488
2,7,4,11,-0.1464506983757019
2,7,5,1,-0.14640910923480988
2,7,5,2,-0.20381636917591095
2,7,5,3,-0.14751625061035156
2,7,5,4,-0.14751625061035156
2,7,5,5,-0.1463981568813324
2,7,5,6,-0.1463981568813324
2,7,5,7,-0.1463981568813324
2,7,5,8,-0.1284230351448059
2,7,5,9,-0.14416176080703735
2,7,5,10,0.01714232936501503
2,7,5,11,-0.1464506983757019
2,7,6,1,-0.14640910923480988
2,7,6,2,-0.203816220164299
2,7,6,3,-0.14751625061035156
2,7,6,4,-0.14751625061035156
2,7,6,5,-0.1463981568813324
2,7,6,6,-0.1463981568813324
2,7,6,7,-0.1463981568813324
2,7,6,8,-0.12840454280376434
2,7,6,9,-0.14416176080703735
2,7,6,10,0.017196442931890488
2,7,6,11,-0.1464506983757019
2,7,7,1,-0.14640910923480988
2,7,7,2,-0.203816220164299
2,7,7,3,-0.14751625061035156
2,7,7,4,-0.14751625061035156
2,7,7,5,-0.1463981568813324
2,7,7,6,-0.1463981568813324
2,7,7,7,-0.1463981568813324
2,7,7,8,-0.12840454280376434
2,7,7,9,-0.14416176080703735
2,7,7,10,0.017196442931890488
2,7,7,11,-0.1464506983757019
2,7,8,1,-0.14640910923480988
2,7,8,2,-0.203816220164299
2,7,8,3,-0.14751625061035156
2,7,8,4,-0.14751625061035156
2,7,8,5,-0.1463981568813324
2,7,8,6,-0.1463981568813324
2,7,8,7,-0.1463981568813324
2,7,8,8,-0.12840454280376434
2,7,8,9,-0.14416176080703735
2,7,8,10,0.017196442931890488
2,7,8,11,-0.1464506983757019
2,7,9,1,-0.14640910923480988
2,7,9,2,-0.203816220164299
2,7,9,3,-0.14751625061035156
2,7,9,4,-0.14751625061035156
2,7,9,5,-0.1463981568813324
2,7,9,6,-0.1463981568813324
2,7,9,7,-0.1463981568813324
2,7,9,8,-0.12840454280376434
2,7,9,9,-0.14416176080703735
2,7,9,10,0.017196442931890488
2,7,9,11,-0.1464506983757019
2,7,10,1,-0.14640910923480988
2,7,10,2,-0.203816220164299
2,7,10,3,-0.14751625061035156
2,7,10,4,-0.14751625061035156
2,7,10,5,-0.1463981568813324
2,7,10,6,-0.1463981568813324
2,7,10,7,-0.1463981568813324
2,7,10,8,-0.12840454280376434
2,7,10,9,-0.14416176080703735
2,7,10,10,0.017196442931890488
2,7,10,11,-0.1464506983757019
2,7,11,1,-0.14640910923480988
2,7,11,2,-0.203816220164299
2,7,11,3,-0.14751625061035156
2,7,11,4,-0.14751625061035156
2,7,11,5,-0.1463981568813324
2,7,11,6,-0.1463981568813324
2,7,11,7,-0.1463981568813324
2,7,11,8,-0.12840454280376434
2,7,11,9,-0.14416176080703735
2,7,11,10,0.017196442931890488
2,7,11,11,-0.1464506983757019
2,8,1,1,0.0
2,8,1,2,0.0
2,8,1,3,0.0
2,8,1,4,0.0
2,8,1,5,0.0
2,8,1,6,0.0
2,8,1,7,0.0
2,8,1,8,0.0
2,8,1,9,0.0
2,8,1,10,0.0
2,8,1,11,0.0
2,8,2,1,0.0
2,8,2,2,0.0
2,8,2,3,0.0
2,8,2,4,0.0
2,8,2,5,0.0
2,8,2,6,0.0
2,8,2,7,0.0
2,8,2,8,0.0
2,8,2,9,0.0
2,8,2,10,0.0
2,8,2,11,0.0
2,8,3,1,0.0
2,8,3,2,0.0
2,8,3,3,0.0
2,8,3,4,0.0
2,8,3,5,0.0
2,8,3,6,0.0
2,8,3,7,0.0
2,8,3,8,0.0
2,8,3,9,0.0
2,8,3,10,0.0
2,8,3,11,0.0
2,8,4,1,0.0
2,8,4,2,0.0
2,8,4,3,0.0
2,8,4,4,0.0
2,8,4,5,0.0
2,8,4,6,0.0
2,8,4,7,0.0
2,8,4,8,0.0
2,8,4,9,0.0
2,8,4,10,0.0
2,8,4,11,0.0
2,8,5,1,0.0
2,8,5,2,0.0
2,8,5,3,0.0
2,8,5,4,0.0
2,8,5,5,0.0
2,8,5,6,0.0
2,8,5,7,0.0
2,8,5,8,0.0
2,8,5,9,0.0
2,8,5,10,0.0
2,8,5,11,0.0
2,8,6,1,0.0
2,8,6,2,0.0
2,8,6,3,0.0
2,8,6,4,0.0
2,8,6,5,0.0
2,8,6,6,0.0
2,8,6,7,0.0
2,8,6,8,0.0
2,8,6,9,0.0
2,8,6,10,0.0
2,8,6,11,0.0
2,8,7,1,0.0
2,8,7,2,0.0
2,8,7,3,0.0
2,8,7,4,0.0
2,8,7,5,0.0
2,8,7,6,0.0
2,8,7,7,0.0
2,8,7,8,0.0
2,8,7,9,0.0
2,8,7,10,0.0
2,8,7,11,0.0
2,8,8,1,0.0
2,8,8,2,0.0
2,8,8,3,0.0
2,8,8,4,0.0
2,8,8,5,0.0
2,8,8,6,0.0
2,8,8,7,0.0
2,8,8,8,0.0
2,8,8,9,0.0
2,8,8,10,0.0
2,8,8,11,0.0
2,8,9,1,0.0
2,8,9,2,0.0
2,8,9,3,0.0
2,8,9,4,0.0
2,8,9,5,0.0
2,8,9,6,0.0
2,8,9,7,0.0
2,8,9,8,0.0
2,8,9,9,0.0
2,8,9,10,0.0
2,8,9,11,0.0
2,8,10,1,0.0
2,8,10,2,0.0
2,8,10,3,0.0
2,8,10,4,0.0
2,8,10,5,0.0
2,8,10,6,0.0
2,8,10,7,0.0
2,8,10,8,0.0
2,8,10,9,0.0
2,8,10,10,0.0
2,8,10,11,0.0
2,8,11,1,0.0
2,8,11,2,0.0
2,8,11,3,0.0
2,8,11,4,0.0
2,8,11,5,0.0
2,8,11,6,0.0
2,8,11,7,0.0
2,8,11,8,0.0
2,8,11,9,0.0
2,8,11,10,0.0
2,8,11,11,0.0
2,9,1,1,0.0
2,9,1,2,0.0
2,9,1,3,0.0
2,9,1,4,0.0
2,9,1,5,0.0
2,9,1,6,0.0
2,9,1,7,0.0
2,9,1,8,0.0
2,9,1,9,0.0
2,9,1,10,0.0
2,9,1,11,0.0
2,9,2,1,0.0
2,9,2,2,0.0
2,9,2,3,0.0
2,9,2,4,0.0
2,9,2,5,0.0
2,9,2,6,0.0
2,9,2,7,0.0
2,9,2,8,0.0
2,9,2,9,0.0
2,9,2,10,0.0
2,9,2,11,0.0
2,9,3,1,0.0
2,9,3,2,0.0
2,9,3,3,0.0
2,9,3,4,0.0
2,9,3,5,0.0
2,9,3,6,0.0
2,9,3,7,0.0
2,9,3,8,0.0
2,9,3,9,0.0
2,9,3,10,0.0
2,9,3,11,0.0
2,9,4,1,0.0
2,9,4,2,0.0
2,9,4,3,0.0
2,9,4,4,0.0
2,9,4,5,0.0
2,9,4,6,0.0
2,9,4,7,0.0
2,9,4,8,0.0
2,9,4,9,0.0
2,9,4,10,0.0
2,9,4,11,0.0
2,9,5,1,0.0
2,9,5,2,0.0
2,9,5,3,0.0
2,9,5,4,0.0
2,9,5,5,0.0
2,9,5,6,0.0
2,9,5,7,0.0
2,9,5,8,0.0
2,9,5,9,0.0
2,9,5,10,0.0
2,9,5,11,0.0
2,9,6,1,0.0
2,9,6,2,0.0
2,9,6,3,0.0
2,9,6,4,0.0
2,9,6,5,0.0
2,9,6,6,0.0
2,9,6,7,0.0
2,9,6,8,0.0
2,9,6,9,0.0
2,9,6,10,0.0
2,9,6,11,0.0
2,9,7,1,0.0
2,9,7,2,0.0
2,9,7,3,0.0
2,9,7,4,0.0
2,9,7,5,0.0
2,9,7,6,0.0
2,9,7,7,0.0
2,9,7,8,0.0
2,9,7,9,0.0
2,9,7,10,0.0
2,9,7,11,0.0
2,9,8,1,0.0
2,9,8,2,0.0
2,9,8,3,0.0
2,9,8,4,0.0
2,9,8,5,0.0
2,9,8,6,0.0
2,9,8,7,0.0
2,9,8,8,0.0
2,9,8,9,0.0
2,9,8,10,0.0
2,9,8,11,0.0
2,9,9,1,0.0
2,9,9,2,0.0
2,9,9,3,0.0
2,9,9,4,0.0
2,9,9,5,0.0
2,9,9,6,0.0
2,9,9,7,0.0
2,9,9,8,0.0
2,9,9,9,0.0
2,9,9,10,0.0
2,9,9,11,0.0
2,9,10,1,0.0
2,9,10,2,0.0
2,9,10,3,0.0
2,9,10,4,0.0
2,9,10,5,0.0
2,9,10,6,0.0
2,9,10,7,0.0
2,9,10,8,0.0
2,9,10,9,0.0
2,9,10,10,0.0
2,9,10,11,0.0
2,9,11,1,0.0
2,9,11,2,0.0
2,9,11,3,0.0
2,9,11,4,0.0
2,9,11,5,0.0
2,9,11,6,0.0
2,9,11,7,0.0
2,9,11,8,0.0
2,9,11,9,0.0
2,9,11,10,0.0
2,9,11,11,0.0
3,4,1,1,-0.9305640459060669
3,4,1,2,-0.8943644762039185
3,4,1,3,-0.8982282280921936
3,4,1,4,-0.9028769135475159
3,4,1,5,-1.1085199117660522
3,4,1,6,-1.2013278007507324
3,4,1,7,-1.2871477603912354
3,4,1,8,-0.7335294485092163
3,4,1,9,-0.732098400592804
3,4,1,10,-0.7452958822250366
3,4,1,11,-0.7133248448371887
3,4,2,1,-0.36893147230148315
3,4,2,2,-0.34468767046928406
3,4,2,3,-0.3485513925552368
3,4,2,4,-0.3532000780105591
3,4,2,5,-0.4996429681777954
3,4,2,6,-0.6266797780990601
3,4,2,7,-0.7115258574485779
3,4,2,8,-0.18276077508926392
3,4,2,9,-0.18132972717285156
3,4,2,10,-0.19452723860740662
3,4,2,11,-0.16255620121955872
3,4,3,1,-0.3963150382041931
3,4,3,2,-0.3720712661743164
3,4,3,3,-0.3759349584579468
3,4,3,4,-0.38058364391326904
3,4,3,5,-0.5270264148712158
3,4,3,6,-0.65406334400177
3,4,3,7,-0.7389094233512878
3,4,3,8,-0.21014434099197388
3,4,3,9,-0.20871329307556152
3,4,3,10,-0.22191080451011658
3,4,3,11,-0.18993976712226868
3,4,4,1,-0.39403462409973145
3,4,4,2,-0.36979079246520996
3,4,4,3,-0.3736545443534851
3,4,4,4,-0.3783032298088074
3,4,4,5,-0.5247460007667542
3,4,4,6,-0.6517829298973083
3,4,4,7,-0.7366290092468262
3,4,4,8,-0.207863911986351
3,4,4,9,-0.20643284916877747
3,4,4,10,-0.2196303755044937
3,4,4,11,-0.18765932321548462
3,4,5,1,-0.9910946488380432
3,4,5,2,-0.8134037256240845
3,4,5,3,-0.8273573517799377
3,4,5,4,-0.83200603723526
3,4,5,5,-1.571077585220337
3,4,5,6,-1.5912448167800903
3,4,5,7,-1.7058286666870117
3,4,5,8,-0.6708502769470215
3,4,5,9,-0.6693252921104431
3,4,5,10,-0.6974654793739319
3,4,5,11,-0.6574543714523315
3,4,6,1,-0.7118717432022095
3,4,6,2,-0.5762422680854797
3,4,6,3,-0.5801059603691101
3,4,6,4,-0.5847546458244324
3,4,6,5,-1.250948190689087
3,4,6,6,-1.3149675130844116
3,4,6,7,-1.3561782836914062
3,4,6,8,-0.41148632764816284
3,4,6,9,-0.4100552797317505
3,4,6,10,-0.42325282096862793
3,4,6,11,-0.39128178358078003
3,4,7,1,-0.8017541766166687
3,4,7,2,-0.6808092594146729
3,4,7,3,-0.684673011302948
3,4,7,4,-0.6893216967582703
3,4,7,5,-1.3975422382354736
3,4,7,6,-1.3483973741531372
3,4,7,7,-1.3759077787399292
3,4,7,8,-0.5065622925758362
3,4,7,9,-0.505131185054779
3,4,7,10,-0.5183287262916565
3,4,7,11,-0.4863576889038086
3,4,8,1,-0.5646262168884277
3,4,8,2,-0.5415317416191101
3,4,8,3,-0.5453954935073853
3,4,8,4,-0.5500441193580627
3,4,8,5,-0.718773603439331
3,4,8,6,-0.8219138383865356
3,4,8,7,-0.9061009883880615
3,4,8,8,-0.37942492961883545
3,4,8,9,-0.3779938817024231
3,4,8,10,-0.39119139313697815
3,4,8,11,-0.35922035574913025
3,4,9,1,-0.5640974044799805
3,4,9,2,-0.5410028696060181
3,4,9,3,-0.5448666214942932
3,4,9,4,-0.5495153069496155
3,4,9,5,-0.718244731426239
3,4,9,6,-0.8213849663734436
3,4,9,7,-0.9055721759796143
3,4,9,8,-0.3788961172103882
3,4,9,9,-0.37746503949165344
3,4,9,10,-0.3906625509262085
3,4,9,11,-0.3586915135383606
3,4,10,1,-0.5885777473449707
3,4,10,2,-0.5654832720756531
3,4,10,3,-0.5693470239639282
3,4,10,4,-0.5739957094192505
3,4,10,5,-0.742725133895874
3,4,10,6,-0.8458653688430786
3,4,10,7,-0.9300525784492493
3,4,10,8,-0.4033765196800232
3,4,10,9,-0.40194544196128845
3,4,10,10,-0.4151429533958435
3,4,10,11,-0.3831719160079956
3,4,11,1,-0.61757493019104
3,4,11,2,-0.5944804549217224
3,4,11,3,-0.5983442068099976
3,4,11,4,-0.6029928922653198
3,4,11,5,-0.7717257738113403
3,4,11,6,-0.874862551689148
3,4,11,7,-0.9590497612953186
3,4,11,8,-0.43237367272377014
3,4,11,9,-0.4309425950050354
3,4,11,10,-0.44414013624191284
3,4,11,11,-0.41216909885406494
3,5,1,1,-0.05934387445449829
3,5,1,2,-0.05420887470245361
3,5,1,3,-0.05420881509780884
3,5,1,4,-0.05420881509780884
3,5,1,5,-0.05423004925251007
3,5,1,6,-0.05423004925251007
3,5,1,7,-0.053740888833999634
3,5,1,8,-0.053740888833999634
3,5,1,9,-0.05423004925251007
3,5,1,10,-0.053740888833999634
3,5,1,11,-0.053740888833999634
3,5,2,1,-0.05935245752334595
3,5,2,2,-0.05421745777130127
3,5,2,3,-0.054217398166656494
3,5,2,4,-0.054217398166656494
3,5,2,5,-0.05423863232135773
3,5,2,6,-0.05423863232135773
3,5,2,7,-0.05374947190284729
3,5,2,8,-0.05374947190284729
3,5,2,9,-0.05423863232135773
3,5,2,10,-0.05374947190284729
3,5,2,11,-0.05374947190284729
3,5,3,1,-0.05935245752334595
3,5,3,2,-0.05421745777130127
3,5,3,3,-0.054217398166656494
3,5,3,4,-0.054217398166656494
3,5,3,5,-0.05423863232135773
3,5,3,6,-0.05423863232135773
3,5,3,7,-0.05374947190284729
3,5,3,8,-0.05374947190284729
3,5,3,9,-0.05423863232135773
3,5,3,10,-0.05374947190284729
3,5,3,11,-0.05374947190284729
3,5,4,1,-0.05935245752334595
3,5,4,2,-0.05421745777130127
3,5,4,3,-0.054217398166656494
3,5,4,4,-0.054217398166656494
3,5,4,5,-0.05423863232135773
3,5,4,6,-0.05423863232135773
3,5,4,7,-0.05374947190284729
3,5,4,8,-0.05374947190284729
3,5,4,9,-0.05423863232135773
3,5,4,10,-0.05374947190284729
3,5,4,11,-0.05374947190284729
3,5,5,1,-0.029357612133026123
3,5,5,2,-0.02422262728214264
3,5,5,3,-0.024222567677497864
3,5,5,4,-0.024222567677497864
3,5,5,5,-0.024243801832199097
3,5,5,6,-0.024243801832199097
3,5,5,7,-0.02375464141368866
3,5,5,8,-0.02375464141368866
3,5,5,9,-0.024243801832199097
3,5,5,10,-0.02375464141368866
3,5,5,11,-0.02375464141368866
3,5,6,1,-0.059342920780181885
3,5,6,2,-0.05420792102813721
3,5,6,3,-0.05420786142349243
3,5,6,4,-0.05420786142349243
3,5,6,5,-0.054229095578193665
3,5,6,6,-0.054229095578193665
3,5,6,7,-0.05373993515968323
3,5,6,8,-0.05373993515968323
3,5,6,9,-0.054229095578193665
3,5,6,10,-0.05373993515968323
3,5,6,11,-0.05373993515968323
3,5,7,1,-0.059342920780181885
3,5,7,2,-0.05420792102813721
3,5,7,3,-0.05420786142349243
3,5,7,4,-0.05420786142349243
3,5,7,5,-0.054229095578193665
3,5,7,6,-0.054229095578193665
3,5,7,7,-0.05373993515968323
3,5,7,8,-0.05373993515968323
3,5,7,9,-0.054229095578193665
3,5,7,10,-0.05373993515968323
3,5,7,11,-0.05373993515968323
3,5,8,1,-0.05935555696487427
3,5,8,2,-0.05422055721282959
3,5,8,3,-0.054220497608184814
3,5,8,4,-0.054220497608184814
3,5,8,5,-0.05424173176288605
3,5,8,6,-0.05424173176288605
3,5,8,7,-0.05375257134437561
3,5,8,8,-0.05375257134437561
3,5,8,9,-0.05424173176288605
3,5,8,10,-0.05375257134437561
3,5,8,11,-0.05375257134437561
3,5,9,1,-0.05935555696487427
3,5,9,2,-0.05422055721282959
3,5,9,3,-0.054220497608184814
3,5,9,4,-0.054220497608184814
3,5,9,5,-0.05424173176288605
3,5,9,6,-0.05424173176288605
3,5,9,7,-0.05375257134437561
3,5,9,8,-0.05375257134437561
3,5,9,9,-0.05424173176288605
3,5,9,10,-0.05375257134437561
3,5,9,11,-0.05375257134437561
3,5,10,1,-0.05935555696487427
3,5,10,2,-0.05422055721282959
3,5,10,3,-0.054220497608184814
3,5,10,4,-0.054220497608184814
3,5,10,5,-0.05424173176288605
3,5,10,6,-0.05424173176288605
3,5,10,7,-0.05375257134437561
3,5,10,8,-0.05375257134437561
3,5,10,9,-0.05424173176288605
3,5,10,10,-0.05375257134437561
3,5,10,11,-0.05375257134437561
3,5,11,1,-0.05935555696487427
3,5,11,2,-0.05422055721282959
3,5,11,3,-0.054220497608184814
3,5,11,4,-0.054220497608184814
3,5,11,5,-0.05424173176288605
3,5,11,6,-0.05424173176288605
3,5,11,7,-0.05375257134437561
3,5,11,8,-0.05375257134437561
3,5,11,9,-0.05424173176288605
3,5,11,10,-0.05375257134437561
3,5,11,11,-0.05375257134437561
3,6,1,1,-1.2483634948730469
3,6,1,2,-1.0790820121765137
3,6,1,3,-1.0624995231628418
3,6,1,4,-1.0832905769348145
3,6,1,5,-1.0388456583023071
3,6,1,6,-1.0788735151290894
3,6,1,7,-1.0336220264434814
3,6,1,8,-0.9083892703056335
3,6,1,9,-0.8176257610321045
3,6,1,10,-0.9518581628799438
3,6,1,11,-0.9740452170372009
3,6,2,1,-1.2442293167114258
3,6,2,2,-1.0749963521957397
3,6,2,3,-1.0584138631820679
3,6,2,4,-1.0792049169540405
3,6,2,5,-1.0341880321502686
3,6,2,6,-1.0742158889770508
3,6,2,7,-1.0289644002914429
3,6,2,8,-0.9041883945465088
3,6,2,9,-0.8134248852729797
3,6,2,10,-0.9467230439186096
3,6,2,11,-0.969844400882721
3,6,3,1,-1.244257926940918
3,6,3,2,-1.0750176906585693
3,6,3,3,-1.0584352016448975
3,6,3,4,-1.0792262554168701
3,6,3,5,-1.0341765880584717
3,6,3,6,-1.074204444885254
3,6,3,7,-1.028952956199646
3,6,3,8,-0.9042060375213623
3,6,3,9,-0.8134425282478333
3,6,3,10,-0.9467239379882812
3,6,3,11,-0.9698619842529297
3,6,4,1,-1.2442293167114258
3,6,4,2,-1.0749963521957397
3,6,4,3,-1.0584138631820679
3,6,4,4,-1.0792049169540405
3,6,4,5,-1.0341880321502686
3,6,4,6,-1.0742158889770508
3,6,4,7,-1.0289644002914429
3,6,4,8,-0.9041883945465088
3,6,4,9,-0.8134248852729797
3,6,4,10,-0.9467230439186096
3,6,4,11,-0.969844400882721
3,6,5,1,-1.2442059516906738
3,6,5,2,-1.074988603591919
3,6,5,3,-1.058406114578247
3,6,5,4,-1.0791971683502197
3,6,5,5,-1.034153938293457
3,6,5,6,-1.0741816759109497
3,6,5,7,-1.0289301872253418
3,6,5,8,-0.9041720628738403
3,6,5,9,-0.813408613204956
3,6,5,10,-0.9466567039489746
3,6,5,11,-0.9698280692100525
3,6,6,1,-1.2442049980163574
3,6,6,2,-1.074986457824707
3,6,6,3,-1.0584038496017456
3,6,6,4,-1.0791950225830078
3,6,6,5,-1.0341527462005615
3,6,6,6,-1.0741806030273438
3,6,6,7,-1.0289291143417358
3,6,6,8,-0.9041701555252075
3,6,6,9,-0.8134066462516785
3,6,6,10,-0.9466558694839478
3,6,6,11,-0.9698261022567749
3,6,7,1,-1.2442049980163574
3,6,7,2,-1.074986457824707
3,6,7,3,-1.0584038496017456
3,6,7,4,-1.0791950225830078
3,6,7,5,-1.0341527462005615
3,6,7,6,-1.0741806030273438
3,6,7,7,-1.0289291143417358
3,6,7,8,-0.9041701555252075
3,6,7,9,-0.8134066462516785
3,6,7,10,-0.9466558694839478
3,6,7,11,-0.9698261022567749
3,6,8,1,-1.2496836185455322
3,6,8,2,-1.0795600414276123
3,6,8,3,-1.0629774332046509
3,6,8,4,-1.083768606185913
3,6,8,5,-1.0411584377288818
3,6,8,6,-1.0811861753463745
3,6,8,7,-1.0359346866607666
3,6,8,8,-0.908700704574585
3,6,8,9,-0.8179371953010559
3,6,8,10,-0.9504572749137878
3,6,8,11,-0.9743566513061523
3,6,9,1,-1.2490427494049072
3,6,9,2,-1.0793914794921875
3,6,9,3,-1.062808871269226
3,6,9,4,-1.0835999250411987
3,6,9,5,-1.0402061939239502
3,6,9,6,-1.0802340507507324
3,6,9,7,-1.0349825620651245
3,6,9,8,-0.9085532426834106
3,6,9,9,-0.8177897930145264
3,6,9,10,-0.9500499367713928
3,6,9,11,-0.974209189414978
3,6,10,1,-1.2487363815307617
3,6,10,2,-1.07924222946167
3,6,10,3,-1.062659740447998
3,6,10,4,-1.0834507942199707
3,6,10,5,-1.0393755435943604
3,6,10,6,-1.079403281211853
3,6,10,7,-1.0341517925262451
3,6,10,8,-0.9084327816963196
3,6,10,9,-0.8176692724227905
3,6,10,10,-0.9515931010246277
3,6,10,11,-0.9740887880325317
3,6,11,1,-1.2482917308807373
3,6,11,2,-1.0788323879241943
3,6,11,3,-1.0622498989105225
3,6,11,4,-1.0830409526824951
3,6,11,5,-1.0389074087142944
3,6,11,6,-1.0789352655410767
3,6,11,7,-1.0336837768554688
3,6,11,8,-0.9080556631088257
3,6,11,9,-0.8172922134399414
3,6,11,10,-0.9518954157829285
3,6,11,11,-0.9737116098403931
3,7,1,1,-2.488788604736328
3,7,1,2,-2.746417760848999
3,7,1,3,-1.3207343816757202
3,7,1,4,-1.3595092296600342
3,7,1,5,-2.217357873916626
3,7,1,6,-2.7034618854522705
3,7,1,7,-2.3015706539154053
3,7,1,8,-0.6024090647697449
3,7,1,9,0.482866108417511
3,7,1,10,-0.0269162654876709
3,7,1,11,-2.380805015563965
3,7,2,1,-2.362098217010498
3,7,2,2,-2.8217241764068604
3,7,2,3,-1.4733469486236572
3,7,2,4,-1.4616246223449707
3,7,2,5,-2.12943172454834
3,7,2,6,-2.6132917404174805
3,7,2,7,-2.211372137069702
3,7,2,8,-0.19074904918670654
3,7,2,9,1.000349521636963
3,7,2,10,0.35581618547439575
3,7,2,11,-2.2834701538085938
3,7,3,1,-2.3448314666748047
3,7,3,2,-2.867957592010498
3,7,3,3,-1.4954144954681396
3,7,3,4,-1.540461778640747
3,7,3,5,-2.113142967224121
3,7,3,6,-2.597003221511841
3,7,3,7,-2.1950833797454834
3,7,3,8,-0.7926276922225952
3,7,3,9,0.42267942428588867
3,7,3,10,-0.233271062374115
3,7,3,11,-2.265413284301758
3,7,4,1,-2.361802577972412
3,7,4,2,-2.848691940307617
3,7,4,3,-1.491333246231079
3,7,4,4,-1.4731087684631348
3,7,4,5,-2.1292593479156494
3,7,4,6,-2.61311936378479
3,7,4,7,-2.2111997604370117
3,7,4,8,-0.41607558727264404
3,7,4,9,0.7684313058853149
3,7,4,10,0.15142321586608887
3,7,4,11,-2.2833638191223145
3,7,5,1,-2.337554454803467
3,7,5,2,-2.5504279136657715
3,7,5,3,-1.1922045946121216
3,7,5,4,-1.2256649732589722
3,7,5,5,-2.102166175842285
3,7,5,6,-2.5758209228515625
3,7,5,7,-2.172208309173584
3,7,5,8,-0.7559410929679871
3,7,5,9,0.24734067916870117
3,7,5,10,-0.2563434839248657
3,7,5,11,-2.266995668411255
3,7,6,1,-2.358320474624634
3,7,6,2,-2.559511184692383
3,7,6,3,-1.1359907388687134
3,7,6,4,-1.2286702394485474
3,7,6,5,-2.1211702823638916
3,7,6,6,-2.6076741218566895
3,7,6,7,-2.2061219215393066
3,7,6,8,-0.468356192111969
3,7,6,9,0.6001556515693665
3,7,6,10,-0.022773563861846924
3,7,6,11,-2.2914581298828125
3,7,7,1,-2.3583271503448486
3,7,7,2,-2.574737071990967
3,7,7,3,-1.161900281906128
3,7,7,4,-1.2185513973236084
3,7,7,5,-2.1211788654327393
3,7,7,6,-2.607682704925537
3,7,7,7,-2.2061305046081543
3,7,7,8,-0.6613097786903381
3,7,7,9,0.4182894229888916
3,7,7,10,-0.1930450201034546
3,7,7,11,-2.291429281234741
3,7,8,1,-2.3873419761657715
3,7,8,2,-2.7489776611328125
3,7,8,3,-1.3659534454345703
3,7,8,4,-1.2689296007156372
3,7,8,5,-2.158823013305664
3,7,8,6,-2.640826463699341
3,7,8,7,-2.2377870082855225
3,7,8,8,1.3832035064697266
3,7,8,9,2.4736454486846924
3,7,8,10,2.008885145187378
3,7,8,11,-2.306946277618408
3,7,9,1,-2.4210431575775146
3,7,9,2,-2.7390964031219482
3,7,9,3,-1.3859272003173828
3,7,9,4,-1.235581874847412
3,7,9,5,-2.190157890319824
3,7,9,6,-2.672161340713501
3,7,9,7,-2.2691218852996826
3,7,9,8,1.7248423099517822
3,7,9,9,2.7446627616882324
3,7,9,10,2.3532400131225586
3,7,9,11,-2.340409278869629
3,7,10,1,-2.3765106201171875
3,7,10,2,-2.735607624053955
3,7,10,3,-1.359358549118042
3,7,10,4,-1.299651861190796
3,7,10,5,-2.148730993270874
3,7,10,6,-2.630734443664551
3,7,10,7,-2.2276949882507324
3,7,10,8,1.2974733114242554
3,7,10,9,2.435615301132202
3,7,10,10,1.908839464187622
3,7,10,11,-2.2948713302612305
3,7,11,1,-2.445247173309326
3,7,11,2,-2.516220808029175
3,7,11,3,-1.2473827600479126
3,7,11,4,-1.0468130111694336
3,7,11,5,-2.212465763092041
3,7,11,6,-2.6944692134857178
3,7,11,7,-2.2914295196533203
3,7,11,8,2.2997283935546875
3,7,11,9,3.434150457382202
3,7,11,10,2.883796215057373
3,7,11,11,-2.352428436279297
3,8,1,1,-0.13064028322696686
3,8,1,2,-0.13067248463630676
3,8,1,3,-0.13064028322696686
3,8,1,4,-0.13064028322696686
3,8,1,5,-0.13064028322696686
3,8,1,6,-0.13064028322696686
3,8,1,7,-0.13064028322696686
3,8,1,8,-0.13064028322696686
3,8,1,9,-0.13064028322696686
3,8,1,10,-0.13064028322696686
3,8,1,11,-0.13064028322696686
3,8,2,1,-0.13064028322696686
3,8,2,2,-0.13067248463630676
3,8,2,3,-0.13064028322696686
3,8,2,4,-0.13064028322696686
3,8,2,5,-0.13064028322696686
3,8,2,6,-0.13064028322696686
3,8,2,7,-0.13064028322696686
3,8,2,8,-0.13064028322696686
3,8,2,9,-0.13064028322696686
3,8,2,10,-0.13064028322696686
3,8,2,11,-0.13064028322696686
3,8,3,1,-0.13064028322696686
3,8,3,2,-0.13067248463630676
3,8,3,3,-0.13064028322696686
3,8,3,4,-0.13064028322696686
3,8,3,5,-0.13064028322696686
3,8,3,6,-0.13064028322696686
3,8,3,7,-0.13064028322696686
3,8,3,8,-0.13064028322696686
3,8,3,9,-0.13064028322696686
3,8,3,10,-0.13064028322696686
3,8,3,11,-0.13064028322696686
3,8,4,1,-0.13064028322696686
3,8,4,2,-0.13067248463630676
3,8,4,3,-0.13064028322696686
3,8,4,4,-0.13064028322696686
3,8,4,5,-0.13064028322696686
3,8,4,6,-0.13064028322696686
3,8,4,7,-0.13064028322696686
3,8,4,8,-0.13064028322696686
3,8,4,9,-0.13064028322696686
3,8,4,10,-0.13064028322696686
3,8,4,11,-0.13064028322696686
3,8,5,1,-0.13064028322696686
3,8,5,2,-0.13067248463630676
3,8,5,3,-0.13064028322696686
3,8,5,4,-0.13064028322696686
3,8,5,5,-0.13064028322696686
3,8,5,6,-0.13064028322696686
3,8,5,7,-0.13064028322696686
3,8,5,8,-0.13064028322696686
3,8,5,9,-0.13064028322696686
3,8,5,10,-0.13064028322696686
3,8,5,11,-0.13064028322696686
3,8,6,1,-0.13064028322696686
3,8,6,2,-0.13067248463630676
3,8,6,3,-0.13064028322696686
3,8,6,4,-0.13064028322696686
3,8,6,5,-0.13064028322696686
3,8,6,6,-0.13064028322696686
3,8,6,7,-0.13064028322696686
3,8,6,8,-0.13064028322696686
3,8,6,9,-0.13064028322696686
3,8,6,10,-0.13064028322696686
3,8,6,11,-0.13064028322696686
3,8,7,1,-0.13064028322696686
3,8,7,2,-0.13067248463630676
3,8,7,3,-0.13064028322696686
3,8,7,4,-0.13064028322696686
3,8,7,5,-0.13064028322696686
3,8,7,6,-0.13064028322696686
3,8,7,7,-0.13064028322696686
3,8,7,8,-0.13064028322696686
3,8,7,9,-0.13064028322696686
3,8,7,10,-0.13064028322696686
3,8,7,11,-0.13064028322696686
3,8,8,1,-0.13064028322696686
3,8,8,2,-0.13067248463630676
3,8,8,3,-0.13064028322696686
3,8,8,4,-0.13064028322696686
3,8,8,5,-0.13064028322696686
3,8,8,6,-0.13064028322696686
3,8,8,7,-0.13064028322696686
3,8,8,8,-0.13064028322696686
3,8,8,9,-0.13064028322696686
3,8,8,10,-0.13064028322696686
3,8,8,11,-0.13064028322696686
3,8,9,1,-0.13064028322696686
3,8,9,2,-0.13067248463630676
3,8,9,3,-0.13064028322696686
3,8,9,4,-0.13064028322696686
3,8,9,5,-0.13064028322696686
3,8,9,6,-0.13064028322696686
3,8,9,7,-0.13064028322696686
3,8,9,8,-0.13064028322696686
3,8,9,9,-0.13064028322696686
3,8,9,10,-0.13064028322696686
3,8,9,11,-0.13064028322696686
3,8,10,1,-0.13064028322696686
3,8,10,2,-0.13067248463630676
3,8,10,3,-0.13064028322696686
3,8,10,4,-0.13064028322696686
3,8,10,5,-0.13064028322696686
3,8,10,6,-0.13064028322696686
3,8,10,7,-0.13064028322696686
3,8,10,8,-0.13064028322696686
3,8,10,9,-0.13064028322696686
3,8,10,10,-0.13064028322696686
3,8,10,11,-0.13064028322696686
3,8,11,1,-0.13064028322696686
3,8,11,2,-0.13067248463630676
3,8,11,3,-0.13064028322696686
3,8,11,4,-0.13064028322696686
3,8,11,5,-0.13064028322696686
3,8,11,6,-0.13064028322696686
3,8,11,7,-0.13064028322696686
3,8,11,8,-0.13064028322696686
3,8,11,9,-0.13064028322696686
3,8,11,10,-0.13064028322696686
3,8,11,11,-0.13064028322696686
3,9,1,1,0.0
3,9,1,2,0.0
3,9,1,3,0.0
3,9,1,4,0.0
3,9,1,5,0.0
3,9,1,6,0.0
3,9,1,7,0.0
3,9,1,8,0.0
3,9,1,9,0.0
3,9,1,10,0.0
3,9,1,11,0.0
3,9,2,1,0.0
3,9,2,2,0.0
3,9,2,3,0.0
3,9,2,4,0.0
3,9,2,5,0.0
3,9,2,6,0.0
3,9,2,7,0.0
3,9,2,8,0.0
3,9,2,9,0.0
3,9,2,10,0.0
3,9,2,11,0.0
3,9,3,1,0.0
3,9,3,2,0.0
3,9,3,3,0.0
3,9,3,4,0.0
3,9,3,5,0.0
3,9,3,6,0.0
3,9,3,7,0.0
3,9,3,8,0.0
3,9,3,9,0.0
3,9,3,10,0.0
3,9,3,11,0.0
3,9,4,1,0.0
3,9,4,2,0.0
3,9,4,3,0.0
3,9,4,4,0.0
3,9,4,5,0.0
3,9,4,6,0.0
3,9,4,7,0.0
3,9,4,8,0.0
3,9,4,9,0.0
3,9,4,10,0.0
3,9,4,11,0.0
3,9,5,1,0.0
3,9,5,2,0.0
3,9,5,3,0.0
3,9,5,4,0.0
3,9,5,5,0.0
3,9,5,6,0.0
3,9,5,7,0.0
3,9,5,8,0.0
3,9,5,9,0.0
3,9,5,10,0.0
3,9,5,11,0.0
3,9,6,1,0.0
3,9,6,2,0.0
3,9,6,3,0.0
3,9,6,4,0.0
3,9,6,5,0.0
3,9,6,6,0.0
3,9,6,7,0.0
3,9,6,8,0.0
3,9,6,9,0.0
3,9,6,10,0.0
3,9,6,11,0.0
3,9,7,1,0.0
3,9,7,2,0.0
3,9,7,3,0.0
3,9,7,4,0.0
3,9,7,5,0.0
3,9,7,6,0.0
3,9,7,7,0.0
3,9,7,8,0.0
3,9,7,9,0.0
3,9,7,10,0.0
3,9,7,11,0.0
3,9,8,1,0.0
3,9,8,2,0.0
3,9,8,3,0.0
3,9,8,4,0.0
3,9,8,5,0.0
3,9,8,6,0.0
3,9,8,7,0.0
3,9,8,8,0.0
3,9,8,9,0.0
3,9,8,10,0.0
3,9,8,11,0.0
3,9,9,1,0.0
3,9,9,2,0.0
3,9,9,3,0.0
3,9,9,4,0.0
3,9,9,5,0.0
3,9,9,6,0.0
3,9,9,7,0.0
3,9,9,8,0.0
3,9,9,9,0.0
3,9,9,10,0.0
3,9,9,11,0.0
3,9,10,1,0.0
3,9,10,2,0.0
3,9,10,3,0.0
3,9,10,4,0.0
3,9,10,5,0.0
3,9,10,6,0.0
3,9,10,7,0.0
3,9,10,8,0.0
3,9,10,9,0.0
3,9,10,10,0.0
3,9,10,11,0.0
3,9,11,1,0.0
3,9,11,2,0.0
3,9,11,3,0.0
3,9,11,4,0.0
3,9,11,5,0.0
3,9,11,6,0.0
3,9,11,7,0.0
3,9,11,8,0.0
3,9,11,9,0.0
3,9,11,10,0.0
3,9,11,11,0.0
4,5,1,1,-0.1693139523267746
4,5,1,2,-0.38562530279159546
4,5,1,3,-0.5736750364303589
4,5,1,4,-0.6550829410552979
4,5,1,5,-0.5596590638160706
4,5,1,6,-0.39047813415527344
4,5,1,7,0.07038325071334839
4,5,1,8,0.1381508708000183
4,5,1,9,-0.42448729276657104
4,5,1,10,0.030451714992523193
4,5,1,11,0.17111460864543915
4,5,2,1,-0.8217052221298218
4,5,2,2,-1.6147791147232056
4,5,2,3,-1.4353562593460083
4,5,2,4,-1.5462068319320679
4,5,2,5,-0.8474445343017578
4,5,2,6,-0.5726951956748962
4,5,2,7,-0.4632193148136139
4,5,2,8,-0.39545169472694397
4,5,2,9,-0.24173220992088318
4,5,2,10,-0.5031508207321167
4,5,2,11,-0.36248794198036194
4,5,3,1,-1.114467740058899
4,5,3,2,-1.7294268608093262
4,5,3,3,-1.9948221445083618
4,5,3,4,-2.0472049713134766
4,5,3,5,-1.7563837766647339
4,5,3,6,-1.7990753650665283
4,5,3,7,-0.6708921790122986
4,5,3,8,-0.6005774736404419
4,5,3,9,-2.082789421081543
4,5,3,10,-0.728722095489502
4,5,3,11,-0.580450177192688
4,5,4,1,-0.8647348880767822
4,5,4,2,-1.6956514120101929
4,5,4,3,-1.460687518119812
4,5,4,4,-1.5474447011947632
4,5,4,5,-0.6742113828659058
4,5,4,6,-0.49779435992240906
4,5,4,7,-0.5073893666267395
4,5,4,8,-0.4396217465400696
4,5,4,9,-0.2161104381084442
4,5,4,10,-0.5473209023475647
4,5,4,11,-0.40665796399116516
4,5,5,1,-0.40195202827453613
4,5,5,2,-0.5337494611740112
4,5,5,3,-0.7770600318908691
4,5,5,4,-0.8571356534957886
4,5,5,5,-0.7905442714691162
4,5,5,6,-0.6363891363143921
4,5,5,7,-0.2178991734981537
4,5,5,8,-0.15013156831264496
4,5,5,9,-0.748602032661438
4,5,5,10,-0.2578306794166565
4,5,5,11,-0.11716783046722412
4,5,6,1,-0.3816711902618408
4,5,6,2,-0.49809327721595764
4,5,6,3,-0.7567791938781738
4,5,6,4,-0.8368548154830933
4,5,6,5,-0.7702833414077759
4,5,6,6,-0.6161082983016968
4,5,6,7,-0.19761857390403748
4,5,6,8,-0.12985095381736755
4,5,6,9,-0.7283377647399902
4,5,6,10,-0.23755007982254028
4,5,6,11,-0.09688723087310791
4,5,7,1,-0.41119706630706787
4,5,7,2,-0.5381351709365845
4,5,7,3,-0.7863050699234009
4,5,7,4,-0.8663806915283203
4,5,7,5,-0.799789309501648
4,5,7,6,-0.6456341743469238
4,5,7,7,-0.22714422643184662
4,5,7,8,-0.1593766063451767
4,5,7,9,-0.7578644752502441
4,5,7,10,-0.2670757472515106
4,5,7,11,-0.12641286849975586
4,5,8,1,0.9748395681381226
4,5,8,2,-0.3043842017650604
4,5,8,3,1.79623544216156
4,5,8,4,1.8116097450256348
4,5,8,5,5.910841464996338
4,5,8,6,5.2561750411987305
4,5,8,7,1.0801429748535156
4,5,8,8,1.183297038078308
4,5,8,9,6.207109451293945
4,5,8,10,1.0396093130111694
4,5,8,11,1.261005163192749
4,5,9,1,1.4105898141860962
4,5,9,2,0.90058434009552
4,5,9,3,3.2018744945526123
4,5,9,4,3.1494853496551514
4,5,9,5,7.13526725769043
4,5,9,6,7.11958122253418
4,5,9,7,1.3734408617019653
4,5,9,8,1.5155776739120483
4,5,9,9,9.721063613891602
4,5,9,10,1.3767648935317993
4,5,9,11,1.6294981241226196
4,5,10,1,0.20228460431098938
4,5,10,2,-0.9534912109375
4,5,10,3,0.33039429783821106
4,5,10,4,0.29192784428596497
4,5,10,5,3.8710811138153076
4,5,10,6,3.647705554962158
4,5,10,7,0.5033243894577026
4,5,10,8,0.5739709138870239
4,5,10,9,4.229841232299805
4,5,10,10,0.4629506766796112
4,5,10,11,0.6091387271881104
4,5,11,1,1.0443803071975708
4,5,11,2,0.19332000613212585
4,5,11,3,2.6100339889526367
4,5,11,4,2.427093744277954
4,5,11,5,6.047863006591797
4,5,11,6,7.089328289031982
4,5,11,7,1.0426175594329834
4,5,11,8,1.1225416660308838
4,5,11,9,11.539433479309082
4,5,11,10,1.0699094533920288
4,5,11,11,1.2221710681915283
4,6,1,1,-1.149172306060791
4,6,1,2,-1.567667007446289
4,6,1,3,-0.9463008642196655
4,6,1,4,-1.010168194770813
4,6,1,5,-1.0316989421844482
4,6,1,6,-1.031698226928711
4,6,1,7,-1.0317211151123047
4,6,1,8,0.30533599853515625
4,6,1,9,0.4344254732131958
4,6,1,10,-0.8963805437088013
4,6,1,11,0.3510063588619232
4,6,2,1,-1.1040153503417969
4,6,2,2,-1.5218391418457031
4,6,2,3,-0.9011582732200623
4,6,2,4,-0.9650256037712097
4,6,2,5,-0.9865427613258362
4,6,2,6,-0.9865420460700989
4,6,2,7,-0.9865649342536926
4,6,2,8,0.3504790961742401
4,6,2,9,0.4794967472553253
4,6,2,10,-0.8512239456176758
4,6,2,11,0.3961494266986847
4,6,3,1,-1.0466288328170776
4,6,3,2,-1.4635343551635742
4,6,3,3,-0.8437716960906982
4,6,3,4,-0.9076390266418457
4,6,3,5,-0.9291561245918274
4,6,3,6,-0.9291554093360901
4,6,3,7,-0.9291782975196838
4,6,3,8,0.4078656733036041
4,6,3,9,0.5368833541870117
4,6,3,10,-0.793837308883667
4,6,3,11,0.4535360038280487
4,6,4,1,-1.1040143966674805
4,6,4,2,-1.5218379497528076
4,6,4,3,-0.9011572003364563
4,6,4,4,-0.9650245308876038
4,6,4,5,-0.9865416884422302
4,6,4,6,-0.9865409731864929
4,6,4,7,-0.9865638613700867
4,6,4,8,0.35048016905784607
4,6,4,9,0.4794978201389313
4,6,4,10,-0.8512228727340698
4,6,4,11,0.39615049958229065
4,6,5,1,-1.0688114166259766
4,6,5,2,-1.4872815608978271
4,6,5,3,-0.865957498550415
4,6,5,4,-0.9298248291015625
4,6,5,5,-0.9513358473777771
4,6,5,6,-0.9513351321220398
4,6,5,7,-0.9513580203056335
4,6,5,8,0.3856780529022217
4,6,5,9,0.5147292017936707
4,6,5,10,-0.8160163164138794
4,6,5,11,0.43134838342666626
4,6,6,1,-1.0688114166259766
4,6,6,2,-1.4872815608978271
4,6,6,3,-0.865957498550415
4,6,6,4,-0.9298248291015625
4,6,6,5,-0.9513358473777771
4,6,6,6,-0.9513351321220398
4,6,6,7,-0.9513580203056335
4,6,6,8,0.3856780529022217
4,6,6,9,0.5147292017936707
4,6,6,10,-0.8160163164138794
4,6,6,11,0.43134838342666626
4,6,7,1,-1.0688114166259766
4,6,7,2,-1.4872815608978271
4,6,7,3,-0.865957498550415
4,6,7,4,-0.9298248291015625
4,6,7,5,-0.9513358473777771
4,6,7,6,-0.9513351321220398
4,6,7,7,-0.9513580203056335
4,6,7,8,0.3856780529022217
4,6,7,9,0.5147292017936707
4,6,7,10,-0.8160163164138794
4,6,7,11,0.43134838342666626
4,6,8,1,-1.2618427276611328
4,6,8,2,-1.6785937547683716
4,6,8,3,-1.0589683055877686
4,6,8,4,-1.122835636138916
4,6,8,5,-1.1443731784820557
4,6,8,6,-1.1443724632263184
4,6,8,7,-1.144395351409912
4,6,8,8,0.19266748428344727
4,6,8,9,0.3217025399208069
4,6,8,10,-1.009055733680725
4,6,8,11,0.23833781480789185
4,6,9,1,-1.27248215675354
4,6,9,2,-1.689237117767334
4,6,9,3,-1.0696078538894653
4,6,9,4,-1.1334751844406128
4,6,9,5,-1.155012607574463
4,6,9,6,-1.1550118923187256
4,6,9,7,-1.1550347805023193
4,6,9,8,0.18202811479568481
4,6,9,9,0.31106317043304443
4,6,9,10,-1.0196951627731323
4,6,9,11,0.2276984453201294
4,6,10,1,-1.1559879779815674
4,6,10,2,-1.5727391242980957
4,6,10,3,-0.9531136751174927
4,6,10,4,-1.0169810056686401
4,6,10,5,-1.0385184288024902
4,6,10,6,-1.038517713546753
4,6,10,7,-1.0385406017303467
4,6,10,8,0.29852211475372314
4,6,10,9,0.42755717039108276
4,6,10,10,-0.9032011032104492
4,6,10,11,0.3441924452781677
4,6,11,1,-1.292360782623291
4,6,11,2,-1.7091224193572998
4,6,11,3,-1.0894862413406372
4,6,11,4,-1.1533535718917847
4,6,11,5,-1.1748909950256348
4,6,11,6,-1.1748902797698975
4,6,11,7,-1.1749131679534912
4,6,11,8,0.16214948892593384
4,6,11,9,0.29118460416793823
4,6,11,10,-1.0395736694335938
4,6,11,11,0.2078198790550232
4,7,1,1,-0.06231999769806862
4,7,1,2,-0.11021778732538223
4,7,1,3,-0.018562132492661476
4,7,1,4,-0.0414680615067482
4,7,1,5,-0.33956024050712585
4,7,1,6,-0.19883768260478973
4,7,1,7,-0.3181994557380676
4,7,1,8,0.35895460844039917
4,7,1,9,0.4001719355583191
4,7,1,10,0.40408697724342346
4,7,1,11,-0.06332172453403473
4,7,2,1,-0.06231875345110893
4,7,2,2,-0.11021073162555695
4,7,2,3,-0.01856089010834694
4,7,2,4,-0.04146682098507881
4,7,2,5,-0.33955901861190796
4,7,2,6,-0.1988111436367035
4,7,2,7,-0.31819820404052734
4,7,2,8,0.35895586013793945
4,7,2,9,0.4001731872558594
4,7,2,10,0.40408819913864136
4,7,2,11,-0.06332047283649445
4,7,3,1,-0.06231875345110893
4,7,3,2,-0.11021073162555695
4,7,3,3,-0.01856089010834694
4,7,3,4,-0.04146682098507881
4,7,3,5,-0.33955901861190796
4,7,3,6,-0.19881385564804077
4,7,3,7,-0.31819820404052734
4,7,3,8,0.35895586013793945
4,7,3,9,0.4001731872558594
4,7,3,10,0.40408819913864136
4,7,3,11,-0.06332047283649445
4,7,4,1,-0.06231875345110893
4,7,4,2,-0.11021073162555695
4,7,4,3,-0.01856089010834694
4,7,4,4,-0.04146682098507881
4,7,4,5,-0.33955901861190796
4,7,4,6,-0.19881382584571838
4,7,4,7,-0.31819820404052734
4,7,4,8,0.35895586013793945
4,7,4,9,0.4001731872558594
4,7,4,10,0.40408819913864136
4,7,4,11,-0.06332047283649445
4,7,5,1,-0.06231875345110893
4,7,5,2,-0.11021075397729874
4,7,5,3,-0.01856089010834694
4,7,5,4,-0.04146682098507881
4,7,5,5,-0.33955901861190796
4,7,5,6,-0.19882352650165558
4,7,5,7,-0.31819820404052734
4,7,5,8,0.35895586013793945
4,7,5,9,0.40017247200012207
4,7,5,10,0.40408819913864136
4,7,5,11,-0.06332047283649445
4,7,6,1,-0.06231875345110893
4,7,6,2,-0.11021073162555695
4,7,6,3,-0.01856089010834694
4,7,6,4,-0.04146682098507881
4,7,6,5,-0.33955901861190796
4,7,6,6,-0.19882355630397797
4,7,6,7,-0.31819820404052734
4,7,6,8,0.35895586013793945
4,7,6,9,0.4001731872558594
4,7,6,10,0.40408819913864136
4,7,6,11,-0.06332047283649445
4,7,7,1,-0.06231875345110893
4,7,7,2,-0.11021073162555695
4,7,7,3,-0.01856089010834694
4,7,7,4,-0.04146682098507881
4,7,7,5,-0.33955901861190796
4,7,7,6,-0.19882352650165558
4,7,7,7,-0.31819820404052734
4,7,7,8,0.35895586013793945
4,7,7,9,0.4001731872558594
4,7,7,10,0.40408819913864136
4,7,7,11,-0.06332047283649445
4,7,8,1,-0.06231752410531044
4,7,8,2,-0.11020976305007935
4,7,8,3,-0.018559660762548447
4,7,8,4,-0.04146559163928032
4,7,8,5,-0.3395577669143677
4,7,8,6,-0.21438273787498474
4,7,8,7,-0.31819698214530945
4,7,8,8,0.35895711183547974
4,7,8,9,0.40017443895339966
4,7,8,10,0.40408945083618164
4,7,8,11,-0.06331925094127655
4,7,9,1,-0.06231752410531044
4,7,9,2,-0.11020976305007935
4,7,9,3,-0.018559660762548447
4,7,9,4,-0.04146559163928032
4,7,9,5,-0.3395577669143677
4,7,9,6,-0.19899532198905945
4,7,9,7,-0.31819698214530945
4,7,9,8,0.35895711183547974
4,7,9,9,0.40017443895339966
4,7,9,10,0.40408945083618164
4,7,9,11,-0.06331925094127655
4,7,10,1,-0.06231752410531044
4,7,10,2,-0.11020976305007935
4,7,10,3,-0.018559660762548447
4,7,10,4,-0.04146559163928032
4,7,10,5,-0.3395577669143677
4,7,10,6,-0.21373893320560455
4,7,10,7,-0.31819698214530945
4,7,10,8,0.35895711183547974
4,7,10,9,0.40017443895339966
4,7,10,10,0.40408945083618164
4,7,10,11,-0.06331925094127655
4,7,11,1,-0.06231752410531044
4,7,11,2,-0.11020976305007935
4,7,11,3,-0.018559660762548447
4,7,11,4,-0.04146559163928032
4,7,11,5,-0.3395577669143677
4,7,11,6,-0.19883038103580475
4,7,11,7,-0.31819698214530945
4,7,11,8,0.35895711183547974
4,7,11,9,0.40017443895339966
4,7,11,10,0.40408945083618164
4,7,11,11,-0.06331925094127655
4,8,1,1,-0.00022328287013806403
4,8,1,2,-0.00040301831904798746
4,8,1,3,-0.00022328287013806403
4,8,1,4,-0.00022328287013806403
4,8,1,5,-0.00022328287013806403
4,8,1,6,-0.00022328287013806403
4,8,1,7,-0.00022328287013806403
4,8,1,8,-0.00022328287013806403
4,8,1,9,-0.00022328287013806403
4,8,1,10,-0.00022328287013806403
4,8,1,11,-0.0005292067071422935
4,8,2,1,-0.00022328287013806403
4,8,2,2,-0.00040301831904798746
4,8,2,3,-0.00022328287013806403
4,8,2,4,-0.00022328287013806403
4,8,2,5,-0.00022328287013806403
4,8,2,6,-0.00022328287013806403
4,8,2,7,-0.00022328287013806403
4,8,2,8,-0.00022328287013806403
4,8,2,9,-0.00022328287013806403
4,8,2,10,-0.00022328287013806403
4,8,2,11,-0.0005292067071422935
4,8,3,1,-0.00022328287013806403
4,8,3,2,-0.00040301831904798746
4,8,3,3,-0.00022328287013806403
4,8,3,4,-0.00022328287013806403
4,8,3,5,-0.00022328287013806403
4,8,3,6,-0.00022328287013806403
4,8,3,7,-0.00022328287013806403
4,8,3,8,-0.00022328287013806403
4,8,3,9,-0.00022328287013806403
4,8,3,10,-0.00022328287013806403
4,8,3,11,-0.0005292067071422935
4,8,4,1,-0.00022328287013806403
4,8,4,2,-0.00040301831904798746
4,8,4,3,-0.00022328287013806403
4,8,4,4,-0.00022328287013806403
4,8,4,5,-0.00022328287013806403
4,8,4,6,-0.00022328287013806403
4,8,4,7,-0.00022328287013806403
4,8,4,8,-0.00022328287013806403
4,8,4,9,-0.00022328287013806403
4,8,4,10,-0.00022328287013806403
4,8,4,11,-0.0005292067071422935
4,8,5,1,-0.00022328287013806403
4,8,5,2,-0.00040301831904798746
4,8,5,3,-0.00022328287013806403
4,8,5,4,-0.00022328287013806403
4,8,5,5,-0.00022328287013806403
4,8,5,6,-0.00022328287013806403
4,8,5,7,-0.00022328287013806403
4,8,5,8,-0.00022328287013806403
4,8,5,9,-0.00022328287013806403
4,8,5,10,-0.00022328287013806403
4,8,5,11,-0.0005292067071422935
4,8,6,1,-0.00022328287013806403
4,8,6,2,-0.00040301831904798746
4,8,6,3,-0.00022328287013806403
4,8,6,4,-0.00022328287013806403
4,8,6,5,-0.00022328287013806403
4,8,6,6,-0.00022328287013806403
4,8,6,7,-0.00022328287013806403
4,8,6,8,-0.00022328287013806403
4,8,6,9,-0.00022328287013806403
4,8,6,10,-0.00022328287013806403
4,8,6,11,-0.0005292067071422935
4,8,7,1,-0.00022328287013806403
4,8,7,2,-0.00040301831904798746
4,8,7,3,-0.00022328287013806403
4,8,7,4,-0.00022328287013806403
4,8,7,5,-0.00022328287013806403
4,8,7,6,-0.00022328287013806403
4,8,7,7,-0.00022328287013806403
4,8,7,8,-0.00022328287013806403
4,8,7,9,-0.00022328287013806403
4,8,7,10,-0.00022328287013806403
4,8,7,11,-0.0005292067071422935
4,8,8,1,-0.00022328287013806403
4,8,8,2,-0.00040301831904798746
4,8,8,3,-0.00022328287013806403
4,8,8,4,-0.00022328287013806403
4,8,8,5,-0.00022328287013806403
4,8,8,6,-0.00022328287013806403
4,8,8,7,-0.00022328287013806403
4,8,8,8,-0.00022328287013806403
4,8,8,9,-0.00022328287013806403
4,8,8,10,-0.00022328287013806403
4,8,8,11,-0.0005292067071422935
4,8,9,1,-0.00022328287013806403
4,8,9,2,-0.00040301831904798746
4,8,9,3,-0.00022328287013806403
4,8,9,4,-0.00022328287013806403
4,8,9,5,-0.00022328287013806403
4,8,9,6,-0.00022328287013806403
4,8,9,7,-0.00022328287013806403
4,8,9,8,-0.00022328287013806403
4,8,9,9,-0.00022328287013806403
4,8,9,10,-0.00022328287013806403
4,8,9,11,-0.0005292067071422935
4,8,10,1,-0.00022328287013806403
4,8,10,2,-0.00040301831904798746
4,8,10,3,-0.00022328287013806403
4,8,10,4,-0.00022328287013806403
4,8,10,5,-0.00022328287013806403
4,8,10,6,-0.00022328287013806403
4,8,10,7,-0.00022328287013806403
4,8,10,8,-0.00022328287013806403
4,8,10,9,-0.00022328287013806403
4,8,10,10,-0.00022328287013806403
4,8,10,11,-0.0005292067071422935
4,8,11,1,-0.00022328287013806403
4,8,11,2,-0.00040301831904798746
4,8,11,3,-0.00022328287013806403
4,8,11,4,-0.00022328287013806403
4,8,11,5,-0.00022328287013806403
4,8,11,6,-0.00022328287013806403
4,8,11,7,-0.00022328287013806403
4,8,11,8,-0.00022328287013806403
4,8,11,9,-0.00022328287013806403
4,8,11,10,-0.00022328287013806403
4,8,11,11,-0.0005292067071422935
5,6,1,1,5.3891448974609375
5,6,1,2,5.174624443054199
5,6,1,3,5.148245334625244
5,6,1,4,5.071831703186035
5,6,1,5,5.42577600479126
5,6,1,6,5.420165061950684
5,6,1,7,5.414426326751709
5,6,1,8,5.376186847686768
5,6,1,9,5.308363437652588
5,6,1,10,5.606557369232178
5,6,1,11,5.496631145477295
5,6,2,1,9.095654487609863
5,6,2,2,8.92047119140625
5,6,2,3,8.858413696289062
5,6,2,4,8.782224655151367
5,6,2,5,9.115254402160645
5,6,2,6,9.10964298248291
5,6,2,7,9.103904724121094
5,6,2,8,9.054863929748535
5,6,2,9,9.018109321594238
5,6,2,10,9.296785354614258
5,6,2,11,9.119161605834961
5,6,3,1,9.065384864807129
5,6,3,2,8.8902006149292
5,6,3,3,8.828143119812012
5,6,3,4,8.751954078674316
5,6,3,5,9.084983825683594
5,6,3,6,9.07937240600586
5,6,3,7,9.073634147644043
5,6,3,8,9.024593353271484
5,6,3,9,8.987838745117188
5,6,3,10,9.266514778137207
5,6,3,11,9.08889102935791
5,6,4,1,9.071884155273438
5,6,4,2,8.896700859069824
5,6,4,3,8.834643363952637
5,6,4,4,8.758454322814941
5,6,4,5,9.091484069824219
5,6,4,6,9.085872650146484
5,6,4,7,9.080134391784668
5,6,4,8,9.03109359741211
5,6,4,9,8.994338989257812
5,6,4,10,9.273015022277832
5,6,4,11,9.095391273498535
5,6,5,1,4.839598655700684
5,6,5,2,4.638626575469971
5,6,5,3,4.602631092071533
5,6,5,4,4.526361465454102
5,6,5,5,4.8588032722473145
5,6,5,6,4.853192329406738
5,6,5,7,4.847453594207764
5,6,5,8,4.826125621795654
5,6,5,9,4.759799957275391
5,6,5,10,5.039554119110107
5,6,5,11,4.9333391189575195
5,6,6,1,4.800326347351074
5,6,6,2,4.599348545074463
5,6,6,3,4.563358783721924
5,6,6,4,4.487089157104492
5,6,6,5,4.819530963897705
5,6,6,6,4.813920021057129
5,6,6,7,4.808181285858154
5,6,6,8,4.786853313446045
5,6,6,9,4.720527648925781
5,6,6,10,5.000281810760498
5,6,6,11,4.89406681060791
5,6,7,1,5.311179161071777
5,6,7,2,5.108306407928467
5,6,7,3,5.071672439575195
5,6,7,4,4.99262809753418
5,6,7,5,5.332592964172363
5,6,7,6,5.326982498168945
5,6,7,7,5.321243762969971
5,6,7,8,5.326039791107178
5,6,7,9,5.216385841369629
5,6,7,10,5.511362075805664
5,6,7,11,5.467217922210693
5,6,8,1,5.266707420349121
5,6,8,2,5.037283897399902
5,6,8,3,5.027225017547607
5,6,8,4,4.948184490203857
5,6,8,5,5.2881364822387695
5,6,8,6,5.282525539398193
5,6,8,7,5.276786804199219
5,6,8,8,5.425240993499756
5,6,8,9,5.182145118713379
5,6,8,10,5.466899394989014
5,6,8,11,5.674349784851074
5,6,9,1,4.765676975250244
5,6,9,2,4.56469202041626
5,6,9,3,4.528709411621094
5,6,9,4,4.452439785003662
5,6,9,5,4.784881591796875
5,6,9,6,4.779270648956299
5,6,9,7,4.773531913757324
5,6,9,8,4.752203941345215
5,6,9,9,4.685878276824951
5,6,9,10,4.965632438659668
5,6,9,11,4.85941743850708
5,6,10,1,5.326136112213135
5,6,10,2,5.124569416046143
5,6,10,3,5.086629390716553
5,6,10,4,5.007585048675537
5,6,10,5,5.347549915313721
5,6,10,6,5.3419389724731445
5,6,10,7,5.33620023727417
5,6,10,8,5.334540367126465
5,6,10,9,5.230916976928711
5,6,10,10,5.526318550109863
5,6,10,11,5.442503452301025
5,6,11,1,5.2426652908325195
5,6,11,2,4.992695331573486
5,6,11,3,5.003458023071289
5,6,11,4,4.924443244934082
5,6,11,5,5.264141082763672
5,6,11,6,5.258530139923096
5,6,11,7,5.252791404724121
5,6,11,8,5.583672523498535
5,6,11,9,5.222042560577393
5,6,11,10,5.442885875701904
5,6,11,11,5.860501289367676
5,7,1,1,-0.21844351291656494
5,7,1,2,-0.11885565519332886
5,7,1,3,-0.13549074530601501
5,7,1,4,-0.13488943874835968
5,7,1,5,-0.7271593809127808
5,7,1,6,-0.5970519781112671
5,7,1,7,-0.6431958675384521
5,7,1,8,-0.1331048309803009
5,7,1,9,-0.20971636474132538
5,7,1,10,-0.12383657693862915
5,7,1,11,-0.12363019585609436
5,7,2,1,-0.21525001525878906
5,7,2,2,-0.11566217243671417
5,7,2,3,-0.13229726254940033
5,7,2,4,-0.131695955991745
5,7,2,5,-0.7239658832550049
5,7,2,6,-0.5868867039680481
5,7,2,7,-0.6400023698806763
5,7,2,8,-0.12991134822368622
5,7,2,9,-0.2065228819847107
5,7,2,10,-0.12064309418201447
5,7,2,11,-0.12043671309947968
5,7,3,1,-0.21525001525878906
5,7,3,2,-0.11566217243671417
5,7,3,3,-0.13229726254940033
5,7,3,4,-0.131695955991745
5,7,3,5,-0.7239658832550049
5,7,3,6,-0.5868866443634033
5,7,3,7,-0.6400023698806763
5,7,3,8,-0.12991134822368622
5,7,3,9,-0.2065228819847107
5,7,3,10,-0.12064309418201447
5,7,3,11,-0.12043671309947968
5,7,4,1,-0.21525001525878906
5,7,4,2,-0.11566217243671417
5,7,4,3,-0.13229726254940033
5,7,4,4,-0.131695955991745
5,7,4,5,-0.7239658832550049
5,7,4,6,-0.5868866443634033
5,7,4,7,-0.6400023698806763
5,7,4,8,-0.12991134822368622
5,7,4,9,-0.2065228819847107
5,7,4,10,-0.12064309418201447
5,7,4,11,-0.12043671309947968
5,7,5,1,-0.21732282638549805
5,7,5,2,-0.11773496866226196
5,7,5,3,-0.13437005877494812
5,7,5,4,-0.13376875221729279
5,7,5,5,-0.7260386943817139
5,7,5,6,-0.5957292318344116
5,7,5,7,-0.6420751810073853
5,7,5,8,-0.131984144449234
5,7,5,9,-0.20859567821025848
5,7,5,10,-0.12271589040756226
5,7,5,11,-0.12250950932502747
5,7,6,1,-0.21732282638549805
5,7,6,2,-0.11773496866226196
5,7,6,3,-0.13437005877494812
5,7,6,4,-0.13376875221729279
5,7,6,5,-0.7260386943817139
5,7,6,6,-0.5954883694648743
5,7,6,7,-0.6420751810073853
5,7,6,8,-0.131984144449234
5,7,6,9,-0.20859567821025848
5,7,6,10,-0.12271589040756226
5,7,6,11,-0.12250950932502747
5,7,7,1,-0.21695885062217712
5,7,7,2,-0.11737097799777985
5,7,7,3,-0.134006068110466
5,7,7,4,-0.13340476155281067
5,7,7,5,-0.7256746888160706
5,7,7,6,-0.5950931906700134
5,7,7,7,-0.6417112350463867
5,7,7,8,-0.1316201537847519
5,7,7,9,-0.20823167264461517
5,7,7,10,-0.12235189974308014
5,7,7,11,-0.12214551866054535
5,7,8,1,-0.21695885062217712
5,7,8,2,-0.11737097799777985
5,7,8,3,-0.134006068110466
5,7,8,4,-0.13340476155281067
5,7,8,5,-0.7256746888160706
5,7,8,6,-0.5950800180435181
5,7,8,7,-0.6417112350463867
5,7,8,8,-0.1316201537847519
5,7,8,9,-0.20823167264461517
5,7,8,10,-0.12235189974308014
5,7,8,11,-0.12214551866054535
5,7,9,1,-0.21732282638549805
5,7,9,2,-0.11773496866226196
5,7,9,3,-0.13437005877494812
5,7,9,4,-0.13376875221729279
5,7,9,5,-0.7260386943817139
5,7,9,6,-0.59546959400177
5,7,9,7,-0.6420751810073853
5,7,9,8,-0.131984144449234
5,7,9,9,-0.20859567821025848
5,7,9,10,-0.12271589040756226
5,7,9,11,-0.12250950932502747
5,7,10,1,-0.21695885062217712
5,7,10,2,-0.11737097799777985
5,7,10,3,-0.134006068110466
5,7,10,4,-0.13340476155281067
5,7,10,5,-0.7256746888160706
5,7,10,6,-0.5951021313667297
5,7,10,7,-0.6417112350463867
5,7,10,8,-0.1316201537847519
5,7,10,9,-0.20823167264461517
5,7,10,10,-0.12235189974308014
5,7,10,11,-0.12214551866054535
5,7,11,1,-0.21695885062217712
5,7,11,2,-0.11737097799777985
5,7,11,3,-0.134006068110466
5,7,11,4,-0.13340476155281067
5,7,11,5,-0.7256746888160706
5,7,11,6,-0.5950800180435181
5,7,11,7,-0.6417112350463867
5,7,11,8,-0.1316201537847519
5,7,11,9,-0.20823167264461517
5,7,11,10,-0.12235189974308014
5,7,11,11,-0.12214551866054535
5,8,1,1,-1.6380703449249268
5,8,1,2,-2.2048566341400146
5,8,1,3,-1.8970458507537842
5,8,1,4,-1.9803540706634521
5,8,1,5,-1.5982691049575806
5,8,1,6,-1.600330114364624
5,8,1,7,-1.6841707229614258
5,8,1,8,-0.5310350656509399
5,8,1,9,0.04379384219646454
5,8,1,10,-1.560434341430664
5,8,1,11,0.9675998687744141
5,8,2,1,-1.6380265951156616
5,8,2,2,-2.140298366546631
5,8,2,3,-1.8501014709472656
5,8,2,4,-1.9268240928649902
5,8,2,5,-1.5980603694915771
5,8,2,6,-1.6001213788986206
5,8,2,7,-1.6839611530303955
5,8,2,8,-0.5425259470939636
5,8,2,9,0.03550136089324951
5,8,2,10,-1.560148000717163
5,8,2,11,0.9347498416900635
5,8,3,1,-1.6380481719970703
5,8,3,2,-2.132107734680176
5,8,3,3,-1.8598054647445679
5,8,3,4,-1.9095609188079834
5,8,3,5,-1.598089337348938
5,8,3,6,-1.6001503467559814
5,8,3,7,-1.6839901208877563
5,8,3,8,-0.7034308314323425
5,8,3,9,-0.17270079255104065
5,8,3,10,-1.560173511505127
5,8,3,11,0.7323483824729919
5,8,4,1,-1.6380265951156616
5,8,4,2,-2.140298366546631
5,8,4,3,-1.8501014709472656
5,8,4,4,-1.9268240928649902
5,8,4,5,-1.5980603694915771
5,8,4,6,-1.6001213788986206
5,8,4,7,-1.6839611530303955
5,8,4,8,-0.5425259470939636
5,8,4,9,0.03551018238067627
5,8,4,10,-1.560148000717163
5,8,4,11,0.9347810745239258
5,8,5,1,-1.637618064880371
5,8,5,2,-2.212749481201172
5,8,5,3,-1.8505260944366455
5,8,5,4,-1.9595177173614502
5,8,5,5,-1.5978413820266724
5,8,5,6,-1.5999023914337158
5,8,5,7,-1.6837420463562012
5,8,5,8,-0.1593911051750183
5,8,5,9,0.5756516456604004
5,8,5,10,-1.5599710941314697
5,8,5,11,1.546188235282898
5,8,6,1,-1.63773775100708
5,8,6,2,-2.1908962726593018
5,8,6,3,-1.8226388692855835
5,8,6,4,-1.970853328704834
5,8,6,5,-1.5980156660079956
5,8,6,6,-1.600076675415039
5,8,6,7,-1.683916449546814
5,8,6,8,0.0832023173570633
5,8,6,9,0.8052617311477661
5,8,6,10,-1.5601530075073242
5,8,6,11,1.7081223726272583
5,8,7,1,-1.7777609825134277
5,8,7,2,-2.091627359390259
5,8,7,3,-1.564833641052246
5,8,7,4,-2.140036106109619
5,8,7,5,-1.787660837173462
5,8,7,6,-1.7897218465805054
5,8,7,7,-2.0115702152252197
5,8,7,8,1.7611680030822754
5,8,7,9,2.946073055267334
5,8,7,10,-1.6609965562820435
5,8,7,11,3.255856513977051
5,8,8,1,-1.7267093658447266
5,8,8,2,-2.1709558963775635
5,8,8,3,-1.7224514484405518
5,8,8,4,-2.1874570846557617
5,8,8,5,-1.688807487487793
5,8,8,6,-1.6908683776855469
5,8,8,7,-1.8531724214553833
5,8,8,8,1.0437648296356201
5,8,8,9,2.132981777191162
5,8,8,10,-1.6355680227279663
5,8,8,11,2.484102249145508
5,8,9,1,-1.6376731395721436
5,8,9,2,-2.184809684753418
5,8,9,3,-1.841117024421692
5,8,9,4,-1.9970186948776245
5,8,9,5,-1.597930908203125
5,8,9,6,-1.599991798400879
5,8,9,7,-1.6838315725326538
5,8,9,8,0.07986007630825043
5,8,9,9,0.7735815048217773
5,8,9,10,-1.5600628852844238
5,8,9,11,1.6127033233642578
5,8,10,1,-1.7765181064605713
5,8,10,2,-2.1590278148651123
5,8,10,3,-1.6221232414245605
5,8,10,4,-2.1562438011169434
5,8,10,5,-1.827763319015503
5,8,10,6,-1.8298242092132568
5,8,10,7,-2.058135986328125
5,8,10,8,1.4367073774337769
5,8,10,9,2.6336545944213867
5,8,10,10,-1.654603362083435
5,8,10,11,3.105776786804199
5,8,11,1,-1.6976237297058105
5,8,11,2,-2.210700035095215
5,8,11,3,-1.8450212478637695
5,8,11,4,-2.193556547164917
5,8,11,5,-1.6444206237792969
5,8,11,6,-1.6464816331863403
5,8,11,7,-1.747464656829834
5,8,11,8,0.7011496424674988
5,8,11,9,1.646141767501831
5,8,11,10,-1.6118865013122559
5,8,11,11,2.1637446880340576
5,9,1,1,-0.020403429865837097
5,9,1,2,-0.020817898213863373
5,9,1,3,-0.020817898213863373
5,9,1,4,-0.020817898213863373
5,9,1,5,-0.10950178653001785
5,9,1,6,-0.019585266709327698
5,9,1,7,-0.019585266709327698
5,9,1,8,-0.0179453045129776
5,9,1,9,-0.0179453045129776
5,9,1,10,-0.0179453045129776
5,9,1,11,-0.0179453045129776
5,9,2,1,-0.020403429865837097
5,9,2,2,-0.020817898213863373
5,9,2,3,-0.020817898213863373
5,9,2,4,-0.020817898213863373
5,9,2,5,-0.10950178653001785
5,9,2,6,-0.019585266709327698
5,9,2,7,-0.019585266709327698
5,9,2,8,-0.0179453045129776
5,9,2,9,-0.0179453045129776
5,9,2,10,-0.0179453045129776
5,9,2,11,-0.0179453045129776
5,9,3,1,-0.020403429865837097
5,9,3,2,-0.020817898213863373
5,9,3,3,-0.020817898213863373
5,9,3,4,-0.020817898213863373
5,9,3,5,-0.10950178653001785
5,9,3,6,-0.019585266709327698
5,9,3,7,-0.019585266709327698
5,9,3,8,-0.0179453045129776
5,9,3,9,-0.0179453045129776
5,9,3,10,-0.0179453045129776
5,9,3,11,-0.0179453045129776
5,9,4,1,-0.020403429865837097
5,9,4,2,-0.020817898213863373
5,9,4,3,-0.020817898213863373
5,9,4,4,-0.020817898213863373
5,9,4,5,-0.10950178653001785
5,9,4,6,-0.019585266709327698
5,9,4,7,-0.019585266709327698
5,9,4,8,-0.0179453045129776
5,9,4,9,-0.0179453045129776
5,9,4,10,-0.0179453045129776
5,9,4,11,-0.0179453045129776
5,9,5,1,-0.020403429865837097
5,9,5,2,-0.020817898213863373
5,9,5,3,-0.020817898213863373
5,9,5,4,-0.020817898213863373
5,9,5,5,-0.10950178653001785
5,9,5,6,-0.019585266709327698
5,9,5,7,-0.019585266709327698
5,9,5,8,-0.0179453045129776
5,9,5,9,-0.0179453045129776
5,9,5,10,-0.0179453045129776
5,9,5,11,-0.0179453045129776
5,9,6,1,-0.020403429865837097
5,9,6,2,-0.020817898213863373
5,9,6,3,-0.020817898213863373
5,9,6,4,-0.020817898213863373
5,9,6,5,-0.10950178653001785
5,9,6,6,-0.019585266709327698
5,9,6,7,-0.019585266709327698
5,9,6,8,-0.0179453045129776
5,9,6,9,-0.0179453045129776
5,9,6,10,-0.0179453045129776
5,9,6,11,-0.0179453045129776
5,9,7,1,-0.020403429865837097
5,9,7,2,-0.020817898213863373
5,9,7,3,-0.020817898213863373
5,9,7,4,-0.020817898213863373
5,9,7,5,-0.10950765013694763
5,9,7,6,-0.019585266709327698
5,9,7,7,-0.019585266709327698
5,9,7,8,-0.0179453045129776
5,9,7,9,-0.0179453045129776
5,9,7,10,-0.0179453045129776
5,9,7,11,-0.0179453045129776
5,9,8,1,-0.020403429865837097
5,9,8,2,-0.020817898213863373
5,9,8,3,-0.020817898213863373
5,9,8,4,-0.020817898213863373
5,9,8,5,-0.10950178653001785
5,9,8,6,-0.019585266709327698
5,9,8,7,-0.019585266709327698
5,9,8,8,-0.0179453045129776
5,9,8,9,-0.0179453045129776
5,9,8,10,-0.0179453045129776
5,9,8,11,-0.0179453045129776
5,9,9,1,-0.020403429865837097
5,9,9,2,-0.020817898213863373
5,9,9,3,-0.020817898213863373
5,9,9,4,-0.020817898213863373
5,9,9,5,-0.10950178653001785
5,9,9,6,-0.019585266709327698
5,9,9,7,-0.019585266709327698
5,9,9,8,-0.0179453045129776
5,9,9,9,-0.0179453045129776
5,9,9,10,-0.0179453045129776
5,9,9,11,-0.0179453045129776
5,9,10,1,-0.020403429865837097
5,9,10,2,-0.020817898213863373
5,9,10,3,-0.020817898213863373
5,9,10,4,-0.020817898213863373
5,9,10,5,-0.10955262184143066
5,9,10,6,-0.019585266709327698
5,9,10,7,-0.019585266709327698
5,9,10,8,-0.0179453045129776
5,9,10,9,-0.0179453045129776
5,9,10,10,-0.0179453045129776
5,9,10,11,-0.0179453045129776
5,9,11,1,-0.020403429865837097
5,9,11,2,-0.020817898213863373
5,9,11,3,-0.020817898213863373
5,9,11,4,-0.020817898213863373
5,9,11,5,-0.10950178653001785
5,9,11,6,-0.019585266709327698
5,9,11,7,-0.019585266709327698
5,9,11,8,-0.0179453045129776
5,9,11,9,-0.0179453045129776
5,9,11,10,-0.0179453045129776
5,9,11,11,-0.0179453045129776
6,7,1,1,-0.1683797836303711
6,7,1,2,-0.25660523772239685
6,7,1,3,-0.3678782880306244
6,7,1,4,-0.4305576980113983
6,7,1,5,-0.29923707246780396
6,7,1,6,-0.27522996068000793
6,7,1,7,-0.3686436414718628
6,7,1,8,-0.24399548768997192
6,7,1,9,-0.21127930283546448
6,7,1,10,-0.2260800302028656
6,7,1,11,-0.019601792097091675
6,7,2,1,0.5379437208175659
6,7,2,2,0.4836384057998657
6,7,2,3,0.3423379063606262
6,7,2,4,0.2803941071033478
6,7,2,5,0.3986898362636566
6,7,2,6,0.4277358651161194
6,7,2,7,0.3292832374572754
6,7,2,8,0.4566449522972107
6,7,2,9,0.5034830570220947
6,7,2,10,0.43314260244369507
6,7,2,11,0.6793317794799805
6,7,3,1,0.5077300667762756
6,7,3,2,0.45342472195625305
6,7,3,3,0.31212419271469116
6,7,3,4,0.2501803934574127
6,7,3,5,0.36847615242004395
6,7,3,6,0.3975221514701843
6,7,3,7,0.2990695536136627
6,7,3,8,0.42643123865127563
6,7,3,9,0.47326940298080444
6,7,3,10,0.40292888879776
6,7,3,11,0.6491181254386902
6,7,4,1,0.5107502341270447
6,7,4,2,0.4564448893070221
6,7,4,3,0.3151443600654602
6,7,4,4,0.25320056080818176
6,7,4,5,0.371496319770813
6,7,4,6,0.40054231882095337
6,7,4,7,0.30208972096443176
6,7,4,8,0.4294514060020447
6,7,4,9,0.4762895703315735
6,7,4,10,0.40594905614852905
6,7,4,11,0.6521382927894592
6,7,5,1,0.5609737634658813
6,7,5,2,0.4950322210788727
6,7,5,3,0.3612726032733917
6,7,5,4,0.29796603322029114
6,7,5,5,0.42274975776672363
6,7,5,6,0.4520293176174164
6,7,5,7,0.3533431589603424
6,7,5,8,0.48665377497673035
6,7,5,9,0.5143383741378784
6,7,5,10,0.4872574508190155
6,7,5,11,0.7024720907211304
6,7,6,1,0.4569176137447357
6,7,6,2,0.40772539377212524
6,7,6,3,0.2576923370361328
6,7,6,4,0.19222162663936615
6,7,6,5,0.31864437460899353
6,7,6,6,0.3479239344596863
6,7,6,7,0.2492377758026123
6,7,6,8,0.26998281478881836
6,7,6,9,0.3619542121887207
6,7,6,10,0.24173948168754578
6,7,6,11,0.5986183285713196
6,7,7,1,0.595801830291748
6,7,7,2,0.529860258102417
6,7,7,3,0.3961006999015808
6,7,7,4,0.33279410004615784
6,7,7,5,0.45757782459259033
6,7,7,6,0.48685741424560547
6,7,7,7,0.3881712555885315
6,7,7,8,0.5214810371398926
6,7,7,9,0.5491664409637451
6,7,7,10,0.5220671892166138
6,7,7,11,0.7373001575469971
6,7,8,1,0.11875344812870026
6,7,8,2,0.04468585550785065
6,7,8,3,-0.07643206417560577
6,7,8,4,-0.13815295696258545
6,7,8,5,-0.021166980266571045
6,7,8,6,0.004341796040534973
6,7,8,7,-0.09057360887527466
6,7,8,8,0.04077650606632233
6,7,8,9,0.08595062792301178
6,7,8,10,0.05008886754512787
6,7,8,11,0.25944507122039795
6,7,9,1,0.103212371468544
6,7,9,2,0.029144778847694397
6,7,9,3,-0.09197314828634262
6,7,9,4,-0.1536940336227417
6,7,9,5,-0.03670807182788849
6,7,9,6,-0.011199280619621277
6,7,9,7,-0.10611467808485031
6,7,9,8,0.025235429406166077
6,7,9,9,0.07040955126285553
6,7,9,10,0.03454779088497162
6,7,9,11,0.24390394985675812
6,7,10,1,0.5387985706329346
6,7,10,2,0.42706549167633057
6,7,10,3,0.3377661108970642
6,7,10,4,0.27430421113967896
6,7,10,5,0.4004671573638916
6,7,10,6,0.42639946937561035
6,7,10,7,0.33106058835983276
6,7,10,8,0.6565461754798889
6,7,10,9,0.5022525191307068
6,7,10,10,0.8237982392311096
6,7,10,11,0.6796614527702332
6,7,11,1,0.10686783492565155
6,7,11,2,0.032800257205963135
6,7,11,3,-0.08831767737865448
6,7,11,4,-0.15003854036331177
6,7,11,5,-0.03305259346961975
6,7,11,6,-0.007543817162513733
6,7,11,7,-0.10245920717716217
6,7,11,8,0.028890907764434814
6,7,11,9,0.07406501471996307
6,7,11,10,0.03820328414440155
6,7,11,11,0.24755944311618805
6,8,1,1,-0.024372532963752747
6,8,1,2,0.02405339479446411
6,8,1,3,0.05484362691640854
6,8,1,4,0.054773591458797455
6,8,1,5,0.08134248107671738
6,8,1,6,0.08134248107671738
6,8,1,7,0.08134248107671738
6,8,1,8,0.12321465462446213
6,8,1,9,0.2770342528820038
6,8,1,10,0.10323622077703476
6,8,1,11,0.5095763206481934
6,8,2,1,7.787719368934631e-05
6,8,2,2,0.04850378632545471
6,8,2,3,0.07929402589797974
6,8,2,4,0.07922399044036865
6,8,2,5,0.10579290986061096
6,8,2,6,0.10579290986061096
6,8,2,7,0.10579290986061096
6,8,2,8,0.1476650834083557
6,8,2,9,0.30148470401763916
6,8,2,10,0.12768661975860596
6,8,2,11,0.5340267419815063
6,8,3,1,7.787719368934631e-05
6,8,3,2,0.04850378632545471
6,8,3,3,0.07929402589797974
6,8,3,4,0.07922399044036865
6,8,3,5,0.10579290986061096
6,8,3,6,0.10579290986061096
6,8,3,7,0.10579290986061096
6,8,3,8,0.1476650834083557
6,8,3,9,0.30148470401763916
6,8,3,10,0.12768661975860596
6,8,3,11,0.5340267419815063
6,8,4,1,7.787719368934631e-05
6,8,4,2,0.04850378632545471
6,8,4,3,0.07929402589797974
6,8,4,4,0.07922399044036865
6,8,4,5,0.10579290986061096
6,8,4,6,0.10579290986061096
6,8,4,7,0.10579290986061096
6,8,4,8,0.1476650834083557
6,8,4,9,0.30148470401763916
6,8,4,10,0.12768661975860596
6,8,4,11,0.5340267419815063
6,8,5,1,-9.814649820327759e-05
6,8,5,2,0.048327699303627014
6,8,5,3,0.07911793887615204
6,8,5,4,0.07904790341854095
6,8,5,5,0.10561682283878326
6,8,5,6,0.10561682283878326
6,8,5,7,0.10561682283878326
6,8,5,8,0.14748899638652802
6,8,5,9,0.3013085722923279
6,8,5,10,0.12751053273677826
6,8,5,11,0.5338506698608398
6,8,6,1,0.009008556604385376
6,8,6,2,0.05743440240621567
6,8,6,3,0.08822464197874069
6,8,6,4,0.08815460652112961
6,8,6,5,0.11472352594137192
6,8,6,6,0.11472352594137192
6,8,6,7,0.11472352594137192
6,8,6,8,0.15659570693969727
6,8,6,9,0.3104152977466583
6,8,6,10,0.1366172432899475
6,8,6,11,0.5429573655128479
6,8,7,1,-9.814649820327759e-05
6,8,7,2,0.048327699303627014
6,8,7,3,0.07911793887615204
6,8,7,4,0.07904790341854095
6,8,7,5,0.10561682283878326
6,8,7,6,0.10561682283878326
6,8,7,7,0.10561682283878326
6,8,7,8,0.14748899638652802
6,8,7,9,0.3013085722923279
6,8,7,10,0.12751053273677826
6,8,7,11,0.5338506698608398
6,8,8,1,-0.02081219106912613
6,8,8,2,0.027613714337348938
6,8,8,3,0.05840395390987396
6,8,8,4,0.05833391845226288
6,8,8,5,0.0849028080701828
6,8,8,6,0.0849028080701828
6,8,8,7,0.0849028080701828
6,8,8,8,0.12677498161792755
6,8,8,9,0.2805945873260498
6,8,8,10,0.10679654777050018
6,8,8,11,0.513136625289917
6,8,9,1,-0.02081219106912613
6,8,9,2,0.027613714337348938
6,8,9,3,0.05840395390987396
6,8,9,4,0.05833391845226288
6,8,9,5,0.0849028080701828
6,8,9,6,0.0849028080701828
6,8,9,7,0.0849028080701828
6,8,9,8,0.12677498161792755
6,8,9,9,0.2805945873260498
6,8,9,10,0.10679654777050018
6,8,9,11,0.513136625289917
6,8,10,1,-0.02068810909986496
6,8,10,2,0.027737796306610107
6,8,10,3,0.05852803587913513
6,8,10,4,0.05845800042152405
6,8,10,5,0.08502689003944397
6,8,10,6,0.08502689003944397
6,8,10,7,0.08502689003944397
6,8,10,8,0.12689906358718872
6,8,10,9,0.2807186543941498
6,8,10,10,0.10692062973976135
6,8,10,11,0.5132607221603394
6,8,11,1,-0.02081219106912613
6,8,11,2,0.027613714337348938
6,8,11,3,0.05840395390987396
6,8,11,4,0.05833391845226288
6,8,11,5,0.0849028080701828
6,8,11,6,0.0849028080701828
6,8,11,7,0.0849028080701828
6,8,11,8,0.12677498161792755
6,8,11,9,0.2805945873260498
6,8,11,10,0.10679654777050018
6,8,11,11,0.513136625289917
6,9,1,1,0.21381251513957977
6,9,1,2,0.18549023568630219
6,9,1,3,0.18547354638576508
6,9,1,4,0.18549023568630219
6,9,1,5,0.15976399183273315
6,9,1,6,0.19012287259101868
6,9,1,7,0.19012287259101868
6,9,1,8,0.24441295862197876
6,9,1,9,0.24441295862197876
6,9,1,10,0.24441295862197876
6,9,1,11,0.24441295862197876
6,9,2,1,0.21380500495433807
6,9,2,2,0.18548272550106049
6,9,2,3,0.18546603620052338
6,9,2,4,0.18548272550106049
6,9,2,5,0.15975648164749146
6,9,2,6,0.19011536240577698
6,9,2,7,0.19011536240577698
6,9,2,8,0.24440544843673706
6,9,2,9,0.24440544843673706
6,9,2,10,0.24440544843673706
6,9,2,11,0.24440544843673706
6,9,3,1,0.21380500495433807
6,9,3,2,0.18548272550106049
6,9,3,3,0.18546603620052338
6,9,3,4,0.18548272550106049
6,9,3,5,0.15975648164749146
6,9,3,6,0.19011536240577698
6,9,3,7,0.19011536240577698
6,9,3,8,0.24440544843673706
6,9,3,9,0.24440544843673706
6,9,3,10,0.24440544843673706
6,9,3,11,0.24440544843673706
6,9,4,1,0.21380500495433807
6,9,4,2,0.18548272550106049
6,9,4,3,0.18546603620052338
6,9,4,4,0.18548272550106049
6,9,4,5,0.15975648164749146
6,9,4,6,0.19011536240577698
6,9,4,7,0.19011536240577698
6,9,4,8,0.24440544843673706
6,9,4,9,0.24440544843673706
6,9,4,10,0.24440544843673706
6,9,4,11,0.24440544843673706
6,9,5,1,0.21369145810604095
6,9,5,2,0.18536733090877533
6,9,5,3,0.18535064160823822
6,9,5,4,0.18536733090877533
6,9,5,5,0.15964066982269287
6,9,5,6,0.1899995505809784
6,9,5,7,0.1899995505809784
6,9,5,8,0.24429023265838623
6,9,5,9,0.24429023265838623
6,9,5,10,0.24429023265838623
6,9,5,11,0.24429023265838623
6,9,6,1,0.21444271504878998
6,9,6,2,0.1861204355955124
6,9,6,3,0.18610374629497528
6,9,6,4,0.1861204355955124
6,9,6,5,0.16039419174194336
6,9,6,6,0.19075307250022888
6,9,6,7,0.19075307250022888
6,9,6,8,0.24504315853118896
6,9,6,9,0.24504315853118896
6,9,6,10,0.24504315853118896
6,9,6,11,0.24504315853118896
6,9,7,1,0.21370016038417816
6,9,7,2,0.18537788093090057
6,9,7,3,0.18536119163036346
6,9,7,4,0.18537788093090057
6,9,7,5,0.15965163707733154
6,9,7,6,0.19001051783561707
6,9,7,7,0.19001051783561707
6,9,7,8,0.24430060386657715
6,9,7,9,0.24430060386657715
6,9,7,10,0.24430060386657715
6,9,7,11,0.24430060386657715
6,9,8,1,0.2138097733259201
6,9,8,2,0.18548749387264252
6,9,8,3,0.1854708045721054
6,9,8,4,0.18548749387264252
6,9,8,5,0.1597612500190735
6,9,8,6,0.190120130777359
6,9,8,7,0.190120130777359
6,9,8,8,0.2444102168083191
6,9,8,9,0.2444102168083191
6,9,8,10,0.2444102168083191
6,9,8,11,0.2444102168083191
6,9,9,1,0.2138097733259201
6,9,9,2,0.18548749387264252
6,9,9,3,0.1854708045721054
6,9,9,4,0.18548749387264252
6,9,9,5,0.1597612500190735
6,9,9,6,0.190120130777359
6,9,9,7,0.190120130777359
6,9,9,8,0.2444102168083191
6,9,9,9,0.2444102168083191
6,9,9,10,0.2444102168083191
6,9,9,11,0.2444102168083191
6,9,10,1,0.21377494931221008
6,9,10,2,0.18541356921195984
6,9,10,3,0.18539687991142273
6,9,10,4,0.18541356921195984
6,9,10,5,0.15967807173728943
6,9,10,6,0.19003695249557495
6,9,10,7,0.19003695249557495
6,9,10,8,0.24433818459510803
6,9,10,9,0.24433818459510803
6,9,10,10,0.24433818459510803
6,9,10,11,0.24433818459510803
6,9,11,1,0.2138097733259201
6,9,11,2,0.18548749387264252
6,9,11,3,0.1854708045721054
6,9,11,4,0.18548749387264252
6,9,11,5,0.1597612500190735
6,9,11,6,0.190120130777359
6,9,11,7,0.190120130777359
6,9,11,8,0.2444102168083191
6,9,11,9,0.2444102168083191
6,9,11,10,0.2444102168083191
6,9,11,11,0.2444102168083191
7,8,1,1,0.3640758991241455
7,8,1,2,0.21274828910827637
7,8,1,3,0.14155244827270508
7,8,1,4,0.07659651339054108
7,8,1,5,0.3977808356285095
7,8,1,6,0.3926812708377838
7,8,1,7,0.3918105661869049
7,8,1,8,0.4186699092388153
7,8,1,9,0.3304525315761566
7,8,1,10,0.5388309955596924
7,8,1,11,0.28046172857284546
7,8,2,1,0.43660908937454224
7,8,2,2,0.3212531805038452
7,8,2,3,0.21912625432014465
7,8,2,4,0.15493398904800415
7,8,2,5,0.46030962467193604
7,8,2,6,0.45521003007888794
7,8,2,7,0.45433932542800903
7,8,2,8,0.46784675121307373
7,8,2,9,0.4147413372993469
7,8,2,10,0.6021591424942017
7,8,2,11,0.36077696084976196
7,8,3,1,0.406854510307312
7,8,3,2,0.291498601436615
7,8,3,3,0.18937166035175323
7,8,3,4,0.12517939507961273
7,8,3,5,0.43055498600006104
7,8,3,6,0.4254554510116577
7,8,3,7,0.4245847463607788
7,8,3,8,0.4380921721458435
7,8,3,9,0.3849867582321167
7,8,3,10,0.5724045634269714
7,8,3,11,0.33102235198020935
7,8,4,1,0.40942078828811646
7,8,4,2,0.2940649390220642
7,8,4,3,0.19193798303604126
7,8,4,4,0.12774571776390076
7,8,4,5,0.43312132358551025
7,8,4,6,0.42802172899246216
7,8,4,7,0.42715102434158325
7,8,4,8,0.4406585097312927
7,8,4,9,0.3875530958175659
7,8,4,10,0.5749708414077759
7,8,4,11,0.3335886597633362
7,8,5,1,-0.15473197400569916
7,8,5,2,-0.6489802598953247
7,8,5,3,-0.672523558139801
7,8,5,4,-0.7704354524612427
7,8,5,5,0.010289713740348816
7,8,5,6,-0.005769297480583191
7,8,5,7,-0.006640002131462097
7,8,5,8,-0.51981520652771
7,8,5,9,-0.4680899977684021
7,8,5,10,0.0993986576795578
7,8,5,11,-0.4044208526611328
7,8,6,1,0.129209503531456
7,8,6,2,-0.3559158444404602
7,8,6,3,-0.3816598653793335
7,8,6,4,-0.4159882068634033
7,8,6,5,0.24876360595226288
7,8,6,6,0.24366404116153717
7,8,6,7,0.24279333651065826
7,8,6,8,0.3798993229866028
7,8,6,9,0.20087485015392303
7,8,6,10,0.39327728748321533
7,8,6,11,0.1004313975572586
7,8,7,1,0.0348123162984848
7,8,7,2,-0.4964994192123413
7,8,7,3,-0.42578136920928955
7,8,7,4,-0.45261847972869873
7,8,7,5,0.1443978101015091
7,8,7,6,0.1392982453107834
7,8,7,7,0.13842754065990448
7,8,7,8,0.36709266901016235
7,8,7,9,0.2361585646867752
7,8,7,10,0.2943677306175232
7,8,7,11,0.206044003367424
7,8,8,1,0.5386520624160767
7,8,8,2,0.4030287265777588
7,8,8,3,0.321780800819397
7,8,8,4,0.2582768201828003
7,8,8,5,0.5610339641571045
7,8,8,6,0.5559344291687012
7,8,8,7,0.5550637245178223
7,8,8,8,0.5929112434387207
7,8,8,9,0.5169663429260254
7,8,8,10,0.703211784362793
7,8,8,11,0.46038803458213806
7,8,9,1,0.5400285124778748
7,8,9,2,0.4044051468372345
7,8,9,3,0.3231572210788727
7,8,9,4,0.259653240442276
7,8,9,5,0.5624104142189026
7,8,9,6,0.5573108196258545
7,8,9,7,0.5564401149749756
7,8,9,8,0.594287633895874
7,8,9,9,0.5183427333831787
7,8,9,10,0.7045881748199463
7,8,9,11,0.46176445484161377
7,8,10,1,0.5121034979820251
7,8,10,2,0.3764801025390625
7,8,10,3,0.2952321767807007
7,8,10,4,0.2317282259464264
7,8,10,5,0.534485399723053
7,8,10,6,0.5293858051300049
7,8,10,7,0.528515100479126
7,8,10,8,0.5663626194000244
7,8,10,9,0.4904177188873291
7,8,10,10,0.6766631603240967
7,8,10,11,0.43383944034576416
7,8,11,1,0.9987833499908447
7,8,11,2,0.8496865034103394
7,8,11,3,0.7778589725494385
7,8,11,4,0.7108915448188782
7,8,11,5,1.0235131978988647
7,8,11,6,1.0184136629104614
7,8,11,7,1.0175429582595825
7,8,11,8,1.1710392236709595
7,8,11,9,0.9682207107543945
7,8,11,10,1.1636106967926025
7,8,11,11,0.9110034704208374
7,9,1,1,0.5132614970207214
7,9,1,2,0.5167217254638672
7,9,1,3,0.5167217254638672
7,9,1,4,0.5167217254638672
7,9,1,5,0.5171204805374146
7,9,1,6,0.5167997479438782
7,9,1,7,0.5167997479438782
7,9,1,8,0.5169938802719116
7,9,1,9,0.5169938802719116
7,9,1,10,0.5169938802719116
7,9,1,11,0.5169938802719116
7,9,2,1,0.517911434173584
7,9,2,2,0.521371603012085
7,9,2,3,0.521371603012085
7,9,2,4,0.521371603012085
7,9,2,5,0.5217703580856323
7,9,2,6,0.521449625492096
7,9,2,7,0.521449625492096
7,9,2,8,0.5216437578201294
7,9,2,9,0.5216437578201294
7,9,2,10,0.5216437578201294
7,9,2,11,0.5216437578201294
7,9,3,1,0.517911434173584
7,9,3,2,0.521371603012085
7,9,3,3,0.521371603012085
7,9,3,4,0.521371603012085
7,9,3,5,0.5217703580856323
7,9,3,6,0.521449625492096
7,9,3,7,0.521449625492096
7,9,3,8,0.5216437578201294
7,9,3,9,0.5216437578201294
7,9,3,10,0.5216437578201294
7,9,3,11,0.5216437578201294
7,9,4,1,0.517911434173584
7,9,4,2,0.521371603012085
7,9,4,3,0.521371603012085
7,9,4,4,0.521371603012085
7,9,4,5,0.5217703580856323
7,9,4,6,0.521449625492096
7,9,4,7,0.521449625492096
7,9,4,8,0.5216437578201294
7,9,4,9,0.5216437578201294
7,9,4,10,0.5216437578201294
7,9,4,11,0.5216437578201294
7,9,5,1,0.5357679128646851
7,9,5,2,0.5392281413078308
7,9,5,3,0.5392281413078308
7,9,5,4,0.5392281413078308
7,9,5,5,0.5396268963813782
7,9,5,6,0.5393061637878418
7,9,5,7,0.5393061637878418
7,9,5,8,0.5395002961158752
7,9,5,9,0.5395002961158752
7,9,5,10,0.5395002961158752
7,9,5,11,0.5395002961158752
7,9,6,1,0.5175145864486694
7,9,6,2,0.5209748148918152
7,9,6,3,0.5209748148918152
7,9,6,4,0.5209748148918152
7,9,6,5,0.5213735699653625
7,9,6,6,0.5210528373718262
7,9,6,7,0.5210528373718262
7,9,6,8,0.5212469696998596
7,9,6,9,0.5212469696998596
7,9,6,10,0.5212469696998596
7,9,6,11,0.5212469696998596
7,9,7,1,0.5175158381462097
7,9,7,2,0.5209760665893555
7,9,7,3,0.5209760665893555
7,9,7,4,0.5209760665893555
7,9,7,5,0.5213748216629028
7,9,7,6,0.5210540890693665
7,9,7,7,0.5210540890693665
7,9,7,8,0.5212482213973999
7,9,7,9,0.5212482213973999
7,9,7,10,0.5212482213973999
7,9,7,11,0.5212482213973999
7,9,8,1,0.5137572884559631
7,9,8,2,0.5172174572944641
7,9,8,3,0.5172174572944641
7,9,8,4,0.5172174572944641
7,9,8,5,0.5176162719726562
7,9,8,6,0.5172954797744751
7,9,8,7,0.5172954797744751
7,9,8,8,0.5174896717071533
7,9,8,9,0.5174896717071533
7,9,8,10,0.5174896717071533
7,9,8,11,0.5174896717071533
7,9,9,1,0.5137572884559631
7,9,9,2,0.5172174572944641
7,9,9,3,0.5172174572944641
7,9,9,4,0.5172174572944641
7,9,9,5,0.5176162719726562
7,9,9,6,0.5172954797744751
7,9,9,7,0.5172954797744751
7,9,9,8,0.5174896717071533
7,9,9,9,0.5174896717071533
7,9,9,10,0.5174896717071533
7,9,9,11,0.5174896717071533
7,9,10,1,0.5137572884559631
7,9,10,2,0.5172174572944641
7,9,10,3,0.5172174572944641
7,9,10,4,0.5172174572944641
7,9,10,5,0.5176162719726562
7,9,10,6,0.5172954797744751
7,9,10,7,0.5172954797744751
7,9,10,8,0.5174896717071533
7,9,10,9,0.5174896717071533
7,9,10,10,0.5174896717071533
7,9,10,11,0.5174896717071533
7,9,11,1,0.5145297050476074
7,9,11,2,0.5179899334907532
7,9,11,3,0.5179899334907532
7,9,11,4,0.5179899334907532
7,9,11,5,0.5183887481689453
7,9,11,6,0.5180679559707642
7,9,11,7,0.5180679559707642
7,9,11,8,0.5182621479034424
7,9,11,9,0.5182621479034424
7,9,11,10,0.5182621479034424
7,9,11,11,0.5182621479034424
8,9,1,1,-0.9605825543403625
8,9,1,2,-0.7936924695968628
8,9,1,3,-0.755538284778595
8,9,1,4,-0.7583930492401123
8,9,1,5,-1.5588605403900146
8,9,1,6,-1.9163439273834229
8,9,1,7,-1.7400083541870117
8,9,1,8,-0.523875892162323
8,9,1,9,-0.5506418943405151
8,9,1,10,-0.43529343605041504
8,9,1,11,-0.6047163605690002
8,9,2,1,-0.13056375086307526
8,9,2,2,-0.025329381227493286
8,9,2,3,0.012824773788452148
8,9,2,4,0.009970024228096008
8,9,2,5,-0.5471089482307434
8,9,2,6,-0.9920368194580078
8,9,2,7,-0.8335591554641724
8,9,2,8,0.22621619701385498
8,9,2,9,0.19945324957370758
8,9,2,10,0.31479573249816895
8,9,2,11,0.14537876844406128
8,9,3,1,-0.15933923423290253
8,9,3,2,-0.05410487949848175
8,9,3,3,-0.015950724482536316
8,9,3,4,-0.018805474042892456
8,9,3,5,-0.5748864412307739
8,9,3,6,-1.0208123922348022
8,9,3,7,-0.8623346090316772
8,9,3,8,0.19744069874286652
8,9,3,9,0.17067775130271912
8,9,3,10,0.2860202193260193
8,9,3,11,0.11660327017307281
8,9,4,1,-0.1460079699754715
8,9,4,2,-0.040773481130599976
8,9,4,3,-0.002619326114654541
8,9,4,4,-0.005474075675010681
8,9,4,5,-0.5349121689796448
8,9,4,6,-1.007948875427246
8,9,4,7,-0.8494710922241211
8,9,4,8,0.2107686698436737
8,9,4,9,0.1840057075023651
8,9,4,10,0.2993481755256653
8,9,4,11,0.12993124127388
8,9,5,1,-0.3947046995162964
8,9,5,2,-0.21021758019924164
8,9,5,3,-0.1720634549856186
8,9,5,4,-0.17491911351680756
8,9,5,5,-1.3532081842422485
8,9,5,6,-1.572551965713501
8,9,5,7,-1.3455220460891724
8,9,5,8,0.05706540495157242
8,9,5,9,0.030309997498989105
8,9,5,10,0.14565834403038025
8,9,5,11,-0.02377195656299591
8,9,6,1,-0.5423345565795898
8,9,6,2,-0.30093616247177124
8,9,6,3,-0.27225279808044434
8,9,6,4,-0.2751086354255676
8,9,6,5,-1.5130788087844849
8,9,6,6,-1.9214110374450684
8,9,6,7,-1.8216359615325928
8,9,6,8,-0.09795556962490082
8,9,6,9,-0.07412922382354736
8,9,6,10,-0.017280668020248413
8,9,6,11,-0.1495746523141861
8,9,7,1,-0.3520925045013428
8,9,7,2,-0.1675577610731125
8,9,7,3,-0.12940360605716705
8,9,7,4,-0.13225926458835602
8,9,7,5,-1.298648476600647
8,9,7,6,-1.5879201889038086
8,9,7,7,-1.3603018522262573
8,9,7,8,0.10290161520242691
8,9,7,9,0.0761462077498436
8,9,7,10,0.19149455428123474
8,9,7,11,0.022064246237277985
8,9,8,1,-0.5920701026916504
8,9,8,2,-0.5054854154586792
8,9,8,3,-0.4673312306404114
8,9,8,4,-0.4701859951019287
8,9,8,5,-1.032718300819397
8,9,8,6,-1.416593313217163
8,9,8,7,-1.243643045425415
8,9,8,8,-0.24149256944656372
8,9,8,9,-0.26825201511383057
8,9,8,10,-0.15291371941566467
8,9,8,11,-0.3223264813423157
8,9,9,1,-0.6105497479438782
8,9,9,2,-0.523965060710907
8,9,9,3,-0.48581087589263916
8,9,9,4,-0.4886656403541565
8,9,9,5,-1.0442898273468018
8,9,9,6,-1.435077428817749
8,9,9,7,-1.2621269226074219
8,9,9,8,-0.25997215509414673
8,9,9,9,-0.2867316007614136
8,9,9,10,-0.17139330506324768
8,9,9,11,-0.3408060669898987
8,9,10,1,-0.11436539888381958
8,9,10,2,-0.026327669620513916
8,9,10,3,0.011832714080810547
8,9,10,4,0.008976399898529053
8,9,10,5,-0.6744964122772217
8,9,10,6,-0.16980458796024323
8,9,10,7,0.14708781242370605
8,9,10,8,0.31082695722579956
8,9,10,9,0.277202844619751
8,9,10,10,0.397402822971344
8,9,10,11,0.22692662477493286
8,9,11,1,-0.6518219709396362
8,9,11,2,-0.565237283706665
8,9,11,3,-0.5270830392837524
8,9,11,4,-0.5299378633499146
8,9,11,5,-1.0773251056671143
8,9,11,6,-1.476351022720337
8,9,11,7,-1.3034007549285889
8,9,11,8,-0.3012442886829376
8,9,11,9,-0.32800376415252686
8,9,11,10,-0.21266549825668335
8,9,11,11,-0.38207828998565674
