res i,res j,rot A_i,rot B_j,E_ij
1,2,1,1,-0.9128541350364685
1,2,1,2,-0.7437810301780701
1,2,1,3,-1.4325392246246338
1,2,1,4,-1.2903978824615479
1,2,1,5,-1.166977882385254
1,2,1,6,-0.8728336095809937
1,2,1,7,-1.212693214416504
1,2,1,8,-0.9021138548851013
1,2,1,9,-0.8623542189598083
1,2,1,10,-0.8624569177627563
1,2,1,11,-0.6316392421722412
1,2,1,12,-0.6750116348266602
1,2,1,13,-0.5952404737472534
1,2,1,14,-1.5095493793487549
1,2,2,1,-0.86989426612854
1,2,2,2,-0.695940375328064
1,2,2,3,-1.391000509262085
1,2,2,4,-1.2488590478897095
1,2,2,5,-1.1254677772521973
1,2,2,6,-0.8313190937042236
1,2,2,7,-1.1711831092834473
1,2,2,8,-0.8606094717979431
1,2,2,9,-0.8208498358726501
1,2,2,10,-0.8209525346755981
1,2,2,11,-0.5900747776031494
1,2,2,12,-0.6334863901138306
1,2,2,13,-0.5537152290344238
1,2,2,14,-1.4677048921585083
1,2,3,1,-0.8479050397872925
1,2,3,2,-0.6739511489868164
1,2,3,3,-1.3690112829208374
1,2,3,4,-1.226869821548462
1,2,3,5,-1.1034786701202393
1,2,3,6,-0.8093299269676208
1,2,3,7,-1.1491940021514893
1,2,3,8,-0.8386203050613403
1,2,3,9,-0.7988606691360474
1,2,3,10,-0.7989633083343506
1,2,3,11,-0.5680855512619019
1,2,3,12,-0.611497163772583
1,2,3,13,-0.5317260026931763
1,2,3,14,-1.4457156658172607
1,2,4,1,-0.8726471662521362
1,2,4,2,-0.6986932754516602
1,2,4,3,-1.3937535285949707
1,2,4,4,-1.2516119480133057
1,2,4,5,-1.128220796585083
1,2,4,6,-0.8340720534324646
1,2,4,7,-1.173936128616333
1,2,4,8,-0.8633624315261841
1,2,4,9,-0.8236027956008911
1,2,4,10,-0.8237054347991943
1,2,4,11,-0.5928277373313904
1,2,4,12,-0.6362392902374268
1,2,4,13,-0.55646812915802
1,2,4,14,-1.470457911491394
1,2,5,1,-1.2032461166381836
1,2,5,2,-1.027787685394287
1,2,5,3,-1.7225641012191772
1,2,5,4,-1.5804225206375122
1,2,5,5,-1.4570075273513794
1,2,5,6,-1.1602944135665894
1,2,5,7,-1.502722978591919
1,2,5,8,-1.1921381950378418
1,2,5,9,-1.1523785591125488
1,2,5,10,-1.1524810791015625
1,2,5,11,-0.9215956926345825
1,2,5,12,-0.9649527072906494
1,2,5,13,-0.8851815462112427
1,2,5,14,-1.7991530895233154
1,2,6,1,-1.4368443489074707
1,2,6,2,-1.2466204166412354
1,2,6,3,-1.9455283880233765
1,2,6,4,-1.8033868074417114
1,2,6,5,-1.6794357299804688
1,2,6,6,-1.382778286933899
1,2,6,7,-1.7251510620117188
1,2,6,8,-1.413480281829834
1,2,6,9,-1.373720645904541
1,2,6,10,-1.3738232851028442
1,2,6,11,-1.156015157699585
1,2,6,12,-1.1976515054702759
1,2,6,13,-1.1178791522979736
1,2,6,14,-2.0330705642700195
1,2,7,1,-1.1060051918029785
1,2,7,2,-0.9305472373962402
1,2,7,3,-1.6253236532211304
1,2,7,4,-1.4831821918487549
1,2,7,5,-1.359769344329834
1,2,7,6,-1.065799593925476
1,2,7,7,-1.405484676361084
1,2,7,8,-1.094897985458374
1,2,7,9,-1.055138349533081
1,2,7,10,-1.0552409887313843
1,2,7,11,-0.8243551850318909
1,2,7,12,-0.8677148818969727
1,2,7,13,-0.7879437208175659
1,2,7,14,-1.7018707990646362
1,2,8,1,-0.887259840965271
1,2,8,2,-0.7194617390632629
1,2,8,3,-1.4085347652435303
1,2,8,4,-1.2663933038711548
1,2,8,5,-1.142993688583374
1,2,8,6,-0.8488414883613586
1,2,8,7,-1.188709020614624
1,2,8,8,-0.878135621547699
1,2,8,9,-0.8383759260177612
1,2,8,10,-0.8384786248207092
1,2,8,11,-0.6076101660728455
1,2,8,12,-0.6510083675384521
1,2,8,13,-0.5712372660636902
1,2,8,14,-1.485239028930664
1,2,9,1,-0.9000281095504761
1,2,9,2,-0.7322300672531128
1,2,9,3,-1.4213030338287354
1,2,9,4,-1.2791615724563599
1,2,9,5,-1.155761957168579
1,2,9,6,-0.8616097569465637
1,2,9,7,-1.201477289199829
1,2,9,8,-0.890903890132904
1,2,9,9,-0.8511441946029663
1,2,9,10,-0.8512468934059143
1,2,9,11,-0.6203784346580505
1,2,9,12,-0.6637766361236572
1,2,9,13,-0.5840055346488953
1,2,9,14,-1.4980072975158691
1,2,10,1,1.5494381189346313
1,2,10,2,1.6724164485931396
1,2,10,3,0.9990677833557129
1,2,10,4,1.1412092447280884
1,2,10,5,1.2829796075820923
1,2,10,6,1.4909071922302246
1,2,10,7,1.2428715229034424
1,2,10,8,1.5281543731689453
1,2,10,9,1.5679142475128174
1,2,10,10,1.5678114891052246
1,2,10,11,1.8354839086532593
1,2,10,12,1.7932451963424683
1,2,10,13,1.8730164766311646
1,2,10,14,1.2013845443725586
1,2,11,1,0.30252277851104736
1,2,11,2,0.47275203466415405
1,2,11,3,-0.21620535850524902
1,2,11,4,-0.07406386733055115
1,2,11,5,0.04936668276786804
1,2,11,6,0.34336188435554504
1,2,11,7,0.0036512911319732666
1,2,11,8,0.3142392039299011
1,2,11,9,0.35399889945983887
1,2,11,10,0.35389620065689087
1,2,11,11,0.5847009420394897
1,2,11,12,0.541362464427948
1,2,11,13,0.6211336851119995
1,2,11,14,-0.29271405935287476
1,2,12,1,1.69871187210083
1,2,12,2,1.8133885860443115
1,2,12,3,1.1390767097473145
1,2,12,4,1.281219720840454
1,2,12,5,1.41401207447052
1,2,12,6,1.6533340215682983
1,2,12,7,1.3691600561141968
1,2,12,8,1.666114330291748
1,2,12,9,1.7058740854263306
1,2,12,10,1.7057714462280273
1,2,12,11,1.9885143041610718
1,2,12,12,1.9398444890975952
1,2,12,13,2.019615650177002
1,2,12,14,1.2173205614089966
1,2,13,1,0.9527848362922668
1,2,13,2,1.1226764917373657
1,2,13,3,0.4337710738182068
1,2,13,4,0.5759125351905823
1,2,13,5,0.6995161771774292
1,2,13,6,0.9916359186172485
1,2,13,7,0.6538054943084717
1,2,13,8,0.9637531042098999
1,2,13,9,1.0035127401351929
1,2,13,10,1.0034101009368896
1,2,13,11,1.2461858987808228
1,2,13,12,1.2022340297698975
1,2,13,13,1.2820053100585938
1,2,13,14,0.3740079402923584
1,2,14,1,0.21596020460128784
1,2,14,2,0.3844375014305115
1,2,14,3,-0.30451926589012146
1,2,14,4,-0.16237777471542358
1,2,14,5,-0.03892779350280762
1,2,14,6,0.24823766946792603
1,2,14,7,-0.08464318513870239
1,2,14,8,0.22592884302139282
1,2,14,9,0.26568853855133057
1,2,14,10,0.26558583974838257
1,2,14,11,0.4963880181312561
1,2,14,12,0.4530818462371826
1,2,14,13,0.5328530669212341
1,2,14,14,-0.3749292492866516
1,3,1,1,-0.08912761509418488
1,3,1,2,-0.08914200961589813
1,3,1,3,-0.08912761509418488
1,3,1,4,-0.08912761509418488
1,3,1,5,-0.08912761509418488
1,3,1,6,-0.08912761509418488
1,3,1,7,-0.08912761509418488
1,3,1,8,-0.08912761509418488
1,3,1,9,-0.08912761509418488
1,3,1,10,-0.08912761509418488
1,3,1,11,-0.08912761509418488
1,3,1,12,-0.08912761509418488
1,3,1,13,-0.08912761509418488
1,3,1,14,-0.08912761509418488
1,3,2,1,-0.08934284746646881
1,3,2,2,-0.08935725688934326
1,3,2,3,-0.08934284746646881
1,3,2,4,-0.08934284746646881
1,3,2,5,-0.08934284746646881
1,3,2,6,-0.08934284746646881
1,3,2,7,-0.08934284746646881
1,3,2,8,-0.08934284746646881
1,3,2,9,-0.08934284746646881
1,3,2,10,-0.08934284746646881
1,3,2,11,-0.08934284746646881
1,3,2,12,-0.08934284746646881
1,3,2,13,-0.08934284746646881
1,3,2,14,-0.08934284746646881
1,3,3,1,-0.08934284746646881
1,3,3,2,-0.08935725688934326
1,3,3,3,-0.08934284746646881
1,3,3,4,-0.08934284746646881
1,3,3,5,-0.08934284746646881
1,3,3,6,-0.08934284746646881
1,3,3,7,-0.08934284746646881
1,3,3,8,-0.08934284746646881
1,3,3,9,-0.08934284746646881
1,3,3,10,-0.08934284746646881
1,3,3,11,-0.08934284746646881
1,3,3,12,-0.08934284746646881
1,3,3,13,-0.08934284746646881
1,3,3,14,-0.08934284746646881
1,3,4,1,-0.08934284746646881
1,3,4,2,-0.08935725688934326
1,3,4,3,-0.08934284746646881
1,3,4,4,-0.08934284746646881
1,3,4,5,-0.08934284746646881
1,3,4,6,-0.08934284746646881
1,3,4,7,-0.08934284746646881
1,3,4,8,-0.08934284746646881
1,3,4,9,-0.08934284746646881
1,3,4,10,-0.08934284746646881
1,3,4,11,-0.08934284746646881
1,3,4,12,-0.08934284746646881
1,3,4,13,-0.08934284746646881
1,3,4,14,-0.08934284746646881
1,3,5,1,-0.09279520809650421
1,3,5,2,-0.09280961006879807
1,3,5,3,-0.09279520809650421
1,3,5,4,-0.09279520809650421
1,3,5,5,-0.09279520809650421
1,3,5,6,-0.09279520809650421
1,3,5,7,-0.09279520809650421
1,3,5,8,-0.09279520809650421
1,3,5,9,-0.09279520809650421
1,3,5,10,-0.09279520809650421
1,3,5,11,-0.09279520809650421
1,3,5,12,-0.09279520809650421
1,3,5,13,-0.09279520809650421
1,3,5,14,-0.09279520809650421
1,3,6,1,-0.1552361100912094
1,3,6,2,-0.14919592440128326
1,3,6,3,-0.15523898601531982
1,3,6,4,-0.15523892641067505
1,3,6,5,-0.15523497760295868
1,3,6,6,-0.15523497760295868
1,3,6,7,-0.15523497760295868
1,3,6,8,-0.1933278888463974
1,3,6,9,-0.15686742961406708
1,3,6,10,-0.2222399264574051
1,3,6,11,-0.1545216590166092
1,3,6,12,-0.1545216590166092
1,3,6,13,-0.1545216590166092
1,3,6,14,-0.1701507568359375
1,3,7,1,-0.09268917888402939
1,3,7,2,-0.09270358085632324
1,3,7,3,-0.09268917888402939
1,3,7,4,-0.09268917888402939
1,3,7,5,-0.09268917888402939
1,3,7,6,-0.09268917888402939
1,3,7,7,-0.09268917888402939
1,3,7,8,-0.09268917888402939
1,3,7,9,-0.09268917888402939
1,3,7,10,-0.09268917888402939
1,3,7,11,-0.09268917888402939
1,3,7,12,-0.09268917888402939
1,3,7,13,-0.09268917888402939
1,3,7,14,-0.09268917888402939
1,3,8,1,-0.08948027342557907
1,3,8,2,-0.08949467539787292
1,3,8,3,-0.08948027342557907
1,3,8,4,-0.08948027342557907
1,3,8,5,-0.08948027342557907
1,3,8,6,-0.08948027342557907
1,3,8,7,-0.08948027342557907
1,3,8,8,-0.08948027342557907
1,3,8,9,-0.08948027342557907
1,3,8,10,-0.08948027342557907
1,3,8,11,-0.08948027342557907
1,3,8,12,-0.08948027342557907
1,3,8,13,-0.08948027342557907
1,3,8,14,-0.08948027342557907
1,3,9,1,-0.08948027342557907
1,3,9,2,-0.08949467539787292
1,3,9,3,-0.08948027342557907
1,3,9,4,-0.08948027342557907
1,3,9,5,-0.08948027342557907
1,3,9,6,-0.08948027342557907
1,3,9,7,-0.08948027342557907
1,3,9,8,-0.08948027342557907
1,3,9,9,-0.08948027342557907
1,3,9,10,-0.08948027342557907
1,3,9,11,-0.08948027342557907
1,3,9,12,-0.08948027342557907
1,3,9,13,-0.08948027342557907
1,3,9,14,-0.08948027342557907
1,3,10,1,0.30605852603912354
1,3,10,2,0.30604398250579834
1,3,10,3,0.30605852603912354
1,3,10,4,0.30605852603912354
1,3,10,5,0.30605852603912354
1,3,10,6,0.30605852603912354
1,3,10,7,0.30605852603912354
1,3,10,8,0.3086719512939453
1,3,10,9,0.30605852603912354
1,3,10,10,0.31144648790359497
1,3,10,11,0.30605852603912354
1,3,10,12,0.30605852603912354
1,3,10,13,0.30605852603912354
1,3,10,14,0.30653899908065796
1,3,11,1,0.11544426530599594
1,3,11,2,0.11539026349782944
1,3,11,3,0.11544402688741684
1,3,11,4,0.11544426530599594
1,3,11,5,0.11544426530599594
1,3,11,6,0.11544426530599594
1,3,11,7,0.11544426530599594
1,3,11,8,0.1619514673948288
1,3,11,9,0.12042680382728577
1,3,11,10,0.2226841002702713
1,3,11,11,0.11504790931940079
1,3,11,12,0.11504790931940079
1,3,11,13,0.11504790931940079
1,3,11,14,0.17577432096004486
1,3,12,1,0.34424450993537903
1,3,12,2,0.34418946504592896
1,3,12,3,0.34424450993537903
1,3,12,4,0.34424450993537903
1,3,12,5,0.34424450993537903
1,3,12,6,0.34424450993537903
1,3,12,7,0.34424450993537903
1,3,12,8,0.3735223412513733
1,3,12,9,0.34786826372146606
1,3,12,10,0.4243890047073364
1,3,12,11,0.3438347280025482
1,3,12,12,0.3438347280025482
1,3,12,13,0.3438347280025482
1,3,12,14,0.35362035036087036
1,3,13,1,0.27893075346946716
1,3,13,2,0.2767682671546936
1,3,13,3,0.2789258360862732
1,3,13,4,0.27893075346946716
1,3,13,5,0.27893075346946716
1,3,13,6,0.27893075346946716
1,3,13,7,0.27893075346946716
1,3,13,8,0.38476693630218506
1,3,13,9,0.2875315845012665
1,3,13,10,0.4747993052005768
1,3,13,11,0.2780320644378662
1,3,13,12,0.2780320644378662
1,3,13,13,0.2780320644378662
1,3,13,14,0.3421269655227661
1,3,14,1,-0.04995350539684296
1,3,14,2,-0.049968913197517395
1,3,14,3,-0.04995350539684296
1,3,14,4,-0.04995350539684296
1,3,14,5,-0.04995350539684296
1,3,14,6,-0.04995350539684296
1,3,14,7,-0.04995350539684296
1,3,14,8,-0.044159114360809326
1,3,14,9,-0.049803197383880615
1,3,14,10,-0.04053664952516556
1,3,14,11,-0.049953654408454895
1,3,14,12,-0.049953654408454895
1,3,14,13,-0.049953654408454895
1,3,14,14,-0.038089580833911896
1,4,1,1,0.0
1,4,1,2,0.0
1,4,1,3,0.0
1,4,1,4,0.0
1,4,1,5,-0.00019835673447232693
1,4,1,6,0.0
1,4,1,7,0.0
1,4,1,8,0.0
1,4,1,9,0.0
1,4,1,10,0.0
1,4,1,11,0.0
1,4,1,12,0.0
1,4,1,13,0.0
1,4,1,14,0.0
1,4,2,1,0.0
1,4,2,2,0.0
1,4,2,3,0.0
1,4,2,4,0.0
1,4,2,5,-0.00019835673447232693
1,4,2,6,0.0
1,4,2,7,0.0
1,4,2,8,0.0
1,4,2,9,0.0
1,4,2,10,0.0
1,4,2,11,0.0
1,4,2,12,0.0
1,4,2,13,0.0
1,4,2,14,0.0
1,4,3,1,0.0
1,4,3,2,0.0
1,4,3,3,0.0
1,4,3,4,0.0
1,4,3,5,-0.00019835673447232693
1,4,3,6,0.0
1,4,3,7,0.0
1,4,3,8,0.0
1,4,3,9,0.0
1,4,3,10,0.0
1,4,3,11,0.0
1,4,3,12,0.0
1,4,3,13,0.0
1,4,3,14,0.0
1,4,4,1,0.0
1,4,4,2,0.0
1,4,4,3,0.0
1,4,4,4,0.0
1,4,4,5,-0.00019835673447232693
1,4,4,6,0.0
1,4,4,7,0.0
1,4,4,8,0.0
1,4,4,9,0.0
1,4,4,10,0.0
1,4,4,11,0.0
1,4,4,12,0.0
1,4,4,13,0.0
1,4,4,14,0.0
1,4,5,1,0.0
1,4,5,2,0.0
1,4,5,3,0.0
1,4,5,4,0.0
1,4,5,5,-0.00019835741841234267
1,4,5,6,0.0
1,4,5,7,0.0
1,4,5,8,0.0
1,4,5,9,0.0
1,4,5,10,0.0
1,4,5,11,0.0
1,4,5,12,0.0
1,4,5,13,0.0
1,4,5,14,0.0
1,4,6,1,0.0
1,4,6,2,0.0
1,4,6,3,0.0
1,4,6,4,0.0
1,4,6,5,-0.00019835711282212287
1,4,6,6,0.0
1,4,6,7,0.0
1,4,6,8,0.0
1,4,6,9,0.0
1,4,6,10,0.0
1,4,6,11,0.0
1,4,6,12,0.0
1,4,6,13,0.0
1,4,6,14,0.0
1,4,7,1,0.0
1,4,7,2,0.0
1,4,7,3,0.0
1,4,7,4,0.0
1,4,7,5,-0.00019835673447232693
1,4,7,6,0.0
1,4,7,7,0.0
1,4,7,8,0.0
1,4,7,9,0.0
1,4,7,10,0.0
1,4,7,11,0.0
1,4,7,12,0.0
1,4,7,13,0.0
1,4,7,14,0.0
1,4,8,1,0.0
1,4,8,2,0.0
1,4,8,3,0.0
1,4,8,4,0.0
1,4,8,5,-0.00019835673447232693
1,4,8,6,0.0
1,4,8,7,0.0
1,4,8,8,0.0
1,4,8,9,0.0
1,4,8,10,0.0
1,4,8,11,0.0
1,4,8,12,0.0
1,4,8,13,0.0
1,4,8,14,0.0
1,4,9,1,0.0
1,4,9,2,0.0
1,4,9,3,0.0
1,4,9,4,0.0
1,4,9,5,-0.00019835673447232693
1,4,9,6,0.0
1,4,9,7,0.0
1,4,9,8,0.0
1,4,9,9,0.0
1,4,9,10,0.0
1,4,9,11,0.0
1,4,9,12,0.0
1,4,9,13,0.0
1,4,9,14,0.0
1,4,10,1,0.0
1,4,10,2,0.0
1,4,10,3,0.0
1,4,10,4,0.0
1,4,10,5,-0.0019983649253845215
1,4,10,6,0.0
1,4,10,7,0.0
1,4,10,8,0.0
1,4,10,9,0.0
1,4,10,10,0.0
1,4,10,11,0.0
1,4,10,12,0.0
1,4,10,13,0.0
1,4,10,14,0.0
1,4,11,1,0.0
1,4,11,2,0.0
1,4,11,3,0.0
1,4,11,4,0.0
1,4,11,5,-0.00019835673447232693
1,4,11,6,0.0
1,4,11,7,0.0
1,4,11,8,0.0
1,4,11,9,0.0
1,4,11,10,0.0
1,4,11,11,0.0
1,4,11,12,0.0
1,4,11,13,0.0
1,4,11,14,0.0
1,4,12,1,0.0
1,4,12,2,0.0
1,4,12,3,0.0
1,4,12,4,0.0
1,4,12,5,-0.00023708635126240551
1,4,12,6,0.0
1,4,12,7,0.0
1,4,12,8,0.0
1,4,12,9,0.0
1,4,12,10,0.0
1,4,12,11,0.0
1,4,12,12,0.0
1,4,12,13,0.0
1,4,12,14,0.0
1,4,13,1,0.0
1,4,13,2,0.0
1,4,13,3,0.0
1,4,13,4,0.0
1,4,13,5,-0.00019835673447232693
1,4,13,6,0.0
1,4,13,7,0.0
1,4,13,8,0.0
1,4,13,9,0.0
1,4,13,10,0.0
1,4,13,11,0.0
1,4,13,12,0.0
1,4,13,13,0.0
1,4,13,14,0.0
1,4,14,1,0.0
1,4,14,2,0.0
1,4,14,3,0.0
1,4,14,4,0.0
1,4,14,5,-0.00019835673447232693
1,4,14,6,0.0
1,4,14,7,0.0
1,4,14,8,0.0
1,4,14,9,0.0
1,4,14,10,0.0
1,4,14,11,0.0
1,4,14,12,0.0
1,4,14,13,0.0
1,4,14,14,0.0
1,5,1,1,0.0
1,5,1,2,0.0
1,5,1,3,0.0
1,5,1,4,0.0
1,5,1,5,0.0
1,5,1,6,0.0
1,5,1,7,0.0
1,5,1,8,0.0
1,5,1,9,0.0
1,5,1,10,0.0
1,5,1,11,0.0
1,5,1,12,0.0
1,5,1,13,0.0
1,5,1,14,0.0
1,5,2,1,0.0
1,5,2,2,0.0
1,5,2,3,0.0
1,5,2,4,0.0
1,5,2,5,0.0
1,5,2,6,0.0
1,5,2,7,0.0
1,5,2,8,0.0
1,5,2,9,0.0
1,5,2,10,0.0
1,5,2,11,0.0
1,5,2,12,0.0
1,5,2,13,0.0
1,5,2,14,0.0
1,5,3,1,0.0
1,5,3,2,0.0
1,5,3,3,0.0
1,5,3,4,0.0
1,5,3,5,0.0
1,5,3,6,0.0
1,5,3,7,0.0
1,5,3,8,0.0
1,5,3,9,0.0
1,5,3,10,0.0
1,5,3,11,0.0
1,5,3,12,0.0
1,5,3,13,0.0
1,5,3,14,0.0
1,5,4,1,0.0
1,5,4,2,0.0
1,5,4,3,0.0
1,5,4,4,0.0
1,5,4,5,0.0
1,5,4,6,0.0
1,5,4,7,0.0
1,5,4,8,0.0
1,5,4,9,0.0
1,5,4,10,0.0
1,5,4,11,0.0
1,5,4,12,0.0
1,5,4,13,0.0
1,5,4,14,0.0
1,5,5,1,0.0
1,5,5,2,0.0
1,5,5,3,0.0
1,5,5,4,0.0
1,5,5,5,0.0
1,5,5,6,0.0
1,5,5,7,0.0
1,5,5,8,0.0
1,5,5,9,0.0
1,5,5,10,0.0
1,5,5,11,0.0
1,5,5,12,0.0
1,5,5,13,0.0
1,5,5,14,0.0
1,5,6,1,0.0
1,5,6,2,0.0
1,5,6,3,0.0
1,5,6,4,0.0
1,5,6,5,0.0
1,5,6,6,0.0
1,5,6,7,0.0
1,5,6,8,0.0
1,5,6,9,0.0
1,5,6,10,0.0
1,5,6,11,0.0
1,5,6,12,0.0
1,5,6,13,0.0
1,5,6,14,0.0
1,5,7,1,0.0
1,5,7,2,0.0
1,5,7,3,0.0
1,5,7,4,0.0
1,5,7,5,0.0
1,5,7,6,0.0
1,5,7,7,0.0
1,5,7,8,0.0
1,5,7,9,0.0
1,5,7,10,0.0
1,5,7,11,0.0
1,5,7,12,0.0
1,5,7,13,0.0
1,5,7,14,0.0
1,5,8,1,0.0
1,5,8,2,0.0
1,5,8,3,0.0
1,5,8,4,0.0
1,5,8,5,0.0
1,5,8,6,0.0
1,5,8,7,0.0
1,5,8,8,0.0
1,5,8,9,0.0
1,5,8,10,0.0
1,5,8,11,0.0
1,5,8,12,0.0
1,5,8,13,0.0
1,5,8,14,0.0
1,5,9,1,0.0
1,5,9,2,0.0
1,5,9,3,0.0
1,5,9,4,0.0
1,5,9,5,0.0
1,5,9,6,0.0
1,5,9,7,0.0
1,5,9,8,0.0
1,5,9,9,0.0
1,5,9,10,0.0
1,5,9,11,0.0
1,5,9,12,0.0
1,5,9,13,0.0
1,5,9,14,0.0
1,5,10,1,0.0
1,5,10,2,0.0
1,5,10,3,0.0
1,5,10,4,0.0
1,5,10,5,0.0
1,5,10,6,0.0
1,5,10,7,0.0
1,5,10,8,0.0
1,5,10,9,0.0
1,5,10,10,0.0
1,5,10,11,0.0
1,5,10,12,0.0
1,5,10,13,0.0
1,5,10,14,0.0
1,5,11,1,0.0
1,5,11,2,0.0
1,5,11,3,0.0
1,5,11,4,0.0
1,5,11,5,0.0
1,5,11,6,0.0
1,5,11,7,0.0
1,5,11,8,0.0
1,5,11,9,0.0
1,5,11,10,0.0
1,5,11,11,0.0
1,5,11,12,0.0
1,5,11,13,0.0
1,5,11,14,0.0
1,5,12,1,0.0
1,5,12,2,0.0
1,5,12,3,0.0
1,5,12,4,0.0
1,5,12,5,0.0
1,5,12,6,0.0
1,5,12,7,0.0
1,5,12,8,0.0
1,5,12,9,0.0
1,5,12,10,0.0
1,5,12,11,0.0
1,5,12,12,0.0
1,5,12,13,0.0
1,5,12,14,0.0
1,5,13,1,0.0
1,5,13,2,0.0
1,5,13,3,0.0
1,5,13,4,0.0
1,5,13,5,0.0
1,5,13,6,0.0
1,5,13,7,0.0
1,5,13,8,0.0
1,5,13,9,0.0
1,5,13,10,0.0
1,5,13,11,0.0
1,5,13,12,0.0
1,5,13,13,0.0
1,5,13,14,0.0
1,5,14,1,0.0
1,5,14,2,0.0
1,5,14,3,0.0
1,5,14,4,0.0
1,5,14,5,0.0
1,5,14,6,0.0
1,5,14,7,0.0
1,5,14,8,0.0
1,5,14,9,0.0
1,5,14,10,0.0
1,5,14,11,0.0
1,5,14,12,0.0
1,5,14,13,0.0
1,5,14,14,0.0
1,6,1,1,0.0
1,6,1,2,0.0
1,6,1,3,0.0
1,6,1,4,0.0
1,6,1,5,0.0
1,6,1,6,0.0
1,6,1,7,0.0
1,6,1,8,0.0
1,6,1,9,0.0
1,6,1,10,0.0
1,6,1,11,0.0
1,6,1,12,0.0
1,6,1,13,0.0
1,6,1,14,0.0
1,6,2,1,0.0
1,6,2,2,0.0
1,6,2,3,0.0
1,6,2,4,0.0
1,6,2,5,0.0
1,6,2,6,0.0
1,6,2,7,0.0
1,6,2,8,0.0
1,6,2,9,0.0
1,6,2,10,0.0
1,6,2,11,0.0
1,6,2,12,0.0
1,6,2,13,0.0
1,6,2,14,0.0
1,6,3,1,0.0
1,6,3,2,0.0
1,6,3,3,0.0
1,6,3,4,0.0
1,6,3,5,0.0
1,6,3,6,0.0
1,6,3,7,0.0
1,6,3,8,0.0
1,6,3,9,0.0
1,6,3,10,0.0
1,6,3,11,0.0
1,6,3,12,0.0
1,6,3,13,0.0
1,6,3,14,0.0
1,6,4,1,0.0
1,6,4,2,0.0
1,6,4,3,0.0
1,6,4,4,0.0
1,6,4,5,0.0
1,6,4,6,0.0
1,6,4,7,0.0
1,6,4,8,0.0
1,6,4,9,0.0
1,6,4,10,0.0
1,6,4,11,0.0
1,6,4,12,0.0
1,6,4,13,0.0
1,6,4,14,0.0
1,6,5,1,0.0
1,6,5,2,0.0
1,6,5,3,0.0
1,6,5,4,0.0
1,6,5,5,0.0
1,6,5,6,0.0
1,6,5,7,0.0
1,6,5,8,0.0
1,6,5,9,0.0
1,6,5,10,0.0
1,6,5,11,0.0
1,6,5,12,0.0
1,6,5,13,0.0
1,6,5,14,0.0
1,6,6,1,0.0
1,6,6,2,0.0
1,6,6,3,0.0
1,6,6,4,0.0
1,6,6,5,0.0
1,6,6,6,0.0
1,6,6,7,0.0
1,6,6,8,0.0
1,6,6,9,0.0
1,6,6,10,0.0
1,6,6,11,0.0
1,6,6,12,0.0
1,6,6,13,0.0
1,6,6,14,0.0
1,6,7,1,0.0
1,6,7,2,0.0
1,6,7,3,0.0
1,6,7,4,0.0
1,6,7,5,0.0
1,6,7,6,0.0
1,6,7,7,0.0
1,6,7,8,0.0
1,6,7,9,0.0
1,6,7,10,0.0
1,6,7,11,0.0
1,6,7,12,0.0
1,6,7,13,0.0
1,6,7,14,0.0
1,6,8,1,0.0
1,6,8,2,0.0
1,6,8,3,0.0
1,6,8,4,0.0
1,6,8,5,0.0
1,6,8,6,0.0
1,6,8,7,0.0
1,6,8,8,0.0
1,6,8,9,0.0
1,6,8,10,0.0
1,6,8,11,0.0
1,6,8,12,0.0
1,6,8,13,0.0
1,6,8,14,0.0
1,6,9,1,0.0
1,6,9,2,0.0
1,6,9,3,0.0
1,6,9,4,0.0
1,6,9,5,0.0
1,6,9,6,0.0
1,6,9,7,0.0
1,6,9,8,0.0
1,6,9,9,0.0
1,6,9,10,0.0
1,6,9,11,0.0
1,6,9,12,0.0
1,6,9,13,0.0
1,6,9,14,0.0
1,6,10,1,0.0
1,6,10,2,0.0
1,6,10,3,0.0
1,6,10,4,0.0
1,6,10,5,0.0
1,6,10,6,0.0
1,6,10,7,0.0
1,6,10,8,0.0
1,6,10,9,0.0
1,6,10,10,0.0
1,6,10,11,0.0
1,6,10,12,0.0
1,6,10,13,0.0
1,6,10,14,0.0
1,6,11,1,0.0
1,6,11,2,0.0
1,6,11,3,0.0
1,6,11,4,0.0
1,6,11,5,0.0
1,6,11,6,0.0
1,6,11,7,0.0
1,6,11,8,0.0
1,6,11,9,0.0
1,6,11,10,0.0
1,6,11,11,0.0
1,6,11,12,0.0
1,6,11,13,0.0
1,6,11,14,0.0
1,6,12,1,0.0
1,6,12,2,0.0
1,6,12,3,0.0
1,6,12,4,0.0
1,6,12,5,0.0
1,6,12,6,0.0
1,6,12,7,0.0
1,6,12,8,0.0
1,6,12,9,0.0
1,6,12,10,0.0
1,6,12,11,0.0
1,6,12,12,0.0
1,6,12,13,0.0
1,6,12,14,0.0
1,6,13,1,0.0
1,6,13,2,0.0
1,6,13,3,0.0
1,6,13,4,0.0
1,6,13,5,0.0
1,6,13,6,0.0
1,6,13,7,0.0
1,6,13,8,0.0
1,6,13,9,0.0
1,6,13,10,0.0
1,6,13,11,0.0
1,6,13,12,0.0
1,6,13,13,0.0
1,6,13,14,0.0
1,6,14,1,0.0
1,6,14,2,0.0
1,6,14,3,0.0
1,6,14,4,0.0
1,6,14,5,0.0
1,6,14,6,0.0
1,6,14,7,0.0
1,6,14,8,0.0
1,6,14,9,0.0
1,6,14,10,0.0
1,6,14,11,0.0
1,6,14,12,0.0
1,6,14,13,0.0
1,6,14,14,0.0
1,7,1,1,0.0
1,7,1,2,0.0
1,7,1,3,0.0
1,7,1,4,0.0
1,7,1,5,0.0
1,7,1,6,0.0
1,7,1,7,0.0
1,7,1,8,0.0
1,7,1,9,0.0
1,7,1,10,0.0
1,7,1,11,0.0
1,7,1,12,0.0
1,7,1,13,0.0
1,7,1,14,0.0
1,7,2,1,0.0
1,7,2,2,0.0
1,7,2,3,0.0
1,7,2,4,0.0
1,7,2,5,0.0
1,7,2,6,0.0
1,7,2,7,0.0
1,7,2,8,0.0
1,7,2,9,0.0
1,7,2,10,0.0
1,7,2,11,0.0
1,7,2,12,0.0
1,7,2,13,0.0
1,7,2,14,0.0
1,7,3,1,0.0
1,7,3,2,0.0
1,7,3,3,0.0
1,7,3,4,0.0
1,7,3,5,0.0
1,7,3,6,0.0
1,7,3,7,0.0
1,7,3,8,0.0
1,7,3,9,0.0
1,7,3,10,0.0
1,7,3,11,0.0
1,7,3,12,0.0
1,7,3,13,0.0
1,7,3,14,0.0
1,7,4,1,0.0
1,7,4,2,0.0
1,7,4,3,0.0
1,7,4,4,0.0
1,7,4,5,0.0
1,7,4,6,0.0
1,7,4,7,0.0
1,7,4,8,0.0
1,7,4,9,0.0
1,7,4,10,0.0
1,7,4,11,0.0
1,7,4,12,0.0
1,7,4,13,0.0
1,7,4,14,0.0
1,7,5,1,0.0
1,7,5,2,0.0
1,7,5,3,0.0
1,7,5,4,0.0
1,7,5,5,0.0
1,7,5,6,0.0
1,7,5,7,0.0
1,7,5,8,0.0
1,7,5,9,0.0
1,7,5,10,0.0
1,7,5,11,0.0
1,7,5,12,0.0
1,7,5,13,0.0
1,7,5,14,0.0
1,7,6,1,0.0
1,7,6,2,0.0
1,7,6,3,0.0
1,7,6,4,0.0
1,7,6,5,0.0
1,7,6,6,0.0
1,7,6,7,0.0
1,7,6,8,0.0
1,7,6,9,0.0
1,7,6,10,0.0
1,7,6,11,0.0
1,7,6,12,0.0
1,7,6,13,0.0
1,7,6,14,0.0
1,7,7,1,0.0
1,7,7,2,0.0
1,7,7,3,0.0
1,7,7,4,0.0
1,7,7,5,0.0
1,7,7,6,0.0
1,7,7,7,0.0
1,7,7,8,0.0
1,7,7,9,0.0
1,7,7,10,0.0
1,7,7,11,0.0
1,7,7,12,0.0
1,7,7,13,0.0
1,7,7,14,0.0
1,7,8,1,0.0
1,7,8,2,0.0
1,7,8,3,0.0
1,7,8,4,0.0
1,7,8,5,0.0
1,7,8,6,0.0
1,7,8,7,0.0
1,7,8,8,0.0
1,7,8,9,0.0
1,7,8,10,0.0
1,7,8,11,0.0
1,7,8,12,0.0
1,7,8,13,0.0
1,7,8,14,0.0
1,7,9,1,0.0
1,7,9,2,0.0
1,7,9,3,0.0
1,7,9,4,0.0
1,7,9,5,0.0
1,7,9,6,0.0
1,7,9,7,0.0
1,7,9,8,0.0
1,7,9,9,0.0
1,7,9,10,0.0
1,7,9,11,0.0
1,7,9,12,0.0
1,7,9,13,0.0
1,7,9,14,0.0
1,7,10,1,0.0
1,7,10,2,0.0
1,7,10,3,0.0
1,7,10,4,0.0
1,7,10,5,0.0
1,7,10,6,0.0
1,7,10,7,0.0
1,7,10,8,0.0
1,7,10,9,0.0
1,7,10,10,0.0
1,7,10,11,0.0
1,7,10,12,0.0
1,7,10,13,0.0
1,7,10,14,0.0
1,7,11,1,0.0
1,7,11,2,0.0
1,7,11,3,0.0
1,7,11,4,0.0
1,7,11,5,0.0
1,7,11,6,0.0
1,7,11,7,0.0
1,7,11,8,0.0
1,7,11,9,0.0
1,7,11,10,0.0
1,7,11,11,0.0
1,7,11,12,0.0
1,7,11,13,0.0
1,7,11,14,0.0
1,7,12,1,0.0
1,7,12,2,0.0
1,7,12,3,0.0
1,7,12,4,0.0
1,7,12,5,0.0
1,7,12,6,0.0
1,7,12,7,0.0
1,7,12,8,0.0
1,7,12,9,0.0
1,7,12,10,0.0
1,7,12,11,0.0
1,7,12,12,0.0
1,7,12,13,0.0
1,7,12,14,0.0
1,7,13,1,0.0
1,7,13,2,0.0
1,7,13,3,0.0
1,7,13,4,0.0
1,7,13,5,0.0
1,7,13,6,0.0
1,7,13,7,0.0
1,7,13,8,0.0
1,7,13,9,0.0
1,7,13,10,0.0
1,7,13,11,0.0
1,7,13,12,0.0
1,7,13,13,0.0
1,7,13,14,0.0
1,7,14,1,0.0
1,7,14,2,0.0
1,7,14,3,0.0
1,7,14,4,0.0
1,7,14,5,0.0
1,7,14,6,0.0
1,7,14,7,0.0
1,7,14,8,0.0
1,7,14,9,0.0
1,7,14,10,0.0
1,7,14,11,0.0
1,7,14,12,0.0
1,7,14,13,0.0
1,7,14,14,0.0
2,3,1,1,0.5065943598747253
2,3,1,2,0.5126587152481079
2,3,1,3,0.32169678807258606
2,3,1,4,0.26581209897994995
2,3,1,5,0.16686180233955383
2,3,1,6,0.3441123068332672
2,3,1,7,0.06569182872772217
2,3,1,8,0.5559823513031006
2,3,1,9,0.5309573411941528
2,3,1,10,0.43159860372543335
2,3,1,11,0.24737197160720825
2,3,1,12,0.24737197160720825
2,3,1,13,0.24737197160720825
2,3,1,14,0.22282883524894714
2,3,2,1,0.7953845262527466
2,3,2,2,0.7841710448265076
2,3,2,3,0.5901114344596863
2,3,2,4,0.5342268347740173
2,3,2,5,0.48270541429519653
2,3,2,6,0.6956316828727722
2,3,2,7,0.38134223222732544
2,3,2,8,0.8248078227043152
2,3,2,9,0.7997829914093018
2,3,2,10,0.701270580291748
2,3,2,11,0.513671875
2,3,2,12,0.513671875
2,3,2,13,0.513671875
2,3,2,14,0.4891253709793091
2,3,3,1,0.8226069808006287
2,3,3,2,0.8113933801651001
2,3,3,3,0.6173338294029236
2,3,3,4,0.5614492297172546
2,3,3,5,0.5099278092384338
2,3,3,6,0.7333625555038452
2,3,3,7,0.40856462717056274
2,3,3,8,0.8520302176475525
2,3,3,9,0.8270053267478943
2,3,3,10,0.7284929752349854
2,3,3,11,0.5408942699432373
2,3,3,12,0.5408942699432373
2,3,3,13,0.5408942699432373
2,3,3,14,0.5163477659225464
2,3,4,1,0.8014404773712158
2,3,4,2,0.790226936340332
2,3,4,3,0.5961673259735107
2,3,4,4,0.5402827262878418
2,3,4,5,0.488761305809021
2,3,4,6,0.7016874551773071
2,3,4,7,0.3873981535434723
2,3,4,8,0.8308637142181396
2,3,4,9,0.8058388233184814
2,3,4,10,0.7073265314102173
2,3,4,11,0.5197278261184692
2,3,4,12,0.5197278261184692
2,3,4,13,0.5197278261184692
2,3,4,14,0.49518129229545593
2,3,5,1,0.6197091341018677
2,3,5,2,0.6120642423629761
2,3,5,3,0.41788333654403687
2,3,5,4,0.36199867725372314
2,3,5,5,0.3176153302192688
2,3,5,6,0.5335270166397095
2,3,5,7,0.20337623357772827
2,3,5,8,0.6500988006591797
2,3,5,9,0.6250599026679993
2,3,5,10,0.5265754461288452
2,3,5,11,0.33843910694122314
2,3,5,12,0.33843910694122314
2,3,5,13,0.33843910694122314
2,3,5,14,0.31389421224594116
2,3,6,1,0.5715880990028381
2,3,6,2,0.5599052309989929
2,3,6,3,0.3657243251800537
2,3,6,4,0.30983966588974
2,3,6,5,0.26039189100265503
2,3,6,6,0.46894514560699463
2,3,6,7,0.16034561395645142
2,3,6,8,0.6012296676635742
2,3,6,9,0.5761907696723938
2,3,6,10,0.47770631313323975
2,3,6,11,0.2897576093673706
2,3,6,12,0.2897576093673706
2,3,6,13,0.2897576093673706
2,3,6,14,0.26521146297454834
2,3,7,1,0.6076908111572266
2,3,7,2,0.5960078835487366
2,3,7,3,0.40182697772979736
2,3,7,4,0.34594231843948364
2,3,7,5,0.2964945435523987
2,3,7,6,0.5050476789474487
2,3,7,7,0.19644826650619507
2,3,7,8,0.6373323202133179
2,3,7,9,0.6122934818267822
2,3,7,10,0.5138090252876282
2,3,7,11,0.32586026191711426
2,3,7,12,0.32586026191711426
2,3,7,13,0.32586026191711426
2,3,7,14,0.30131417512893677
2,3,8,1,0.04843670129776001
2,3,8,2,0.1353505253791809
2,3,8,3,-0.06325697898864746
2,3,8,4,-0.1191415786743164
2,3,8,5,-0.657701849937439
2,3,8,6,-0.5437688231468201
2,3,8,7,-0.6944921612739563
2,3,8,8,0.2156955599784851
2,3,8,9,0.17881882190704346
2,3,8,10,0.08336889743804932
2,3,8,11,-0.11898314952850342
2,3,8,12,-0.11900818347930908
2,3,8,13,-0.11898314952850342
2,3,8,14,-0.14424073696136475
2,3,9,1,-0.09182673692703247
2,3,9,2,0.021938025951385498
2,3,9,3,-0.17374712228775024
2,3,9,4,-0.22963184118270874
2,3,9,5,-0.8205836415290833
2,3,9,6,-0.7292140126228333
2,3,9,7,-0.9496662020683289
2,3,9,8,0.11921602487564087
2,3,9,9,0.0929408073425293
2,3,9,10,-0.03599345684051514
2,3,9,11,-0.2903493046760559
2,3,9,12,-0.29042643308639526
2,3,9,13,-0.29032212495803833
2,3,9,14,-0.31525033712387085
2,3,10,1,-0.10401642322540283
2,3,10,2,-0.06523311138153076
2,3,10,3,-0.22415930032730103
2,3,10,4,-0.28004390001296997
2,3,10,5,-0.7511215806007385
2,3,10,6,-0.7664902806282043
2,3,10,7,-0.7828351855278015
2,3,10,8,0.05524247884750366
2,3,10,9,0.030158519744873047
2,3,10,10,-0.0678553581237793
2,3,10,11,-0.2643570303916931
2,3,10,12,-0.2643570303916931
2,3,10,13,-0.2643570303916931
2,3,10,14,-0.28948885202407837
2,3,11,1,1.0435209274291992
2,3,11,2,1.0303223133087158
2,3,11,3,0.8382237553596497
2,3,11,4,0.7823390960693359
2,3,11,5,0.7342724800109863
2,3,11,6,0.8727517127990723
2,3,11,7,0.6295739412307739
2,3,11,8,1.0704967975616455
2,3,11,9,1.0454808473587036
2,3,11,10,0.9469224214553833
2,3,11,11,0.7621802091598511
2,3,11,12,0.7621802091598511
2,3,11,13,0.7621802091598511
2,3,11,14,0.7376416325569153
2,3,12,1,-0.4277995824813843
2,3,12,2,-0.609455943107605
2,3,12,3,-0.5004174709320068
2,3,12,4,-0.5745030641555786
2,3,12,5,-0.14770543575286865
2,3,12,6,-1.4959132671356201
2,3,12,7,-0.14483541250228882
2,3,12,8,-0.25633060932159424
2,3,12,9,-0.16038906574249268
2,3,12,10,-0.22688722610473633
2,3,12,11,-0.2922648787498474
2,3,12,12,-0.17791974544525146
2,3,12,13,-0.31434720754623413
2,3,12,14,-0.3461250066757202
2,3,13,1,0.37079715728759766
2,3,13,2,0.2289055585861206
2,3,13,3,0.2876323461532593
2,3,13,4,0.22978806495666504
2,3,13,5,0.33310309052467346
2,3,13,6,-0.6249499320983887
2,3,13,7,0.34341078996658325
2,3,13,8,0.4389709234237671
2,3,13,9,0.6068581938743591
2,3,13,10,0.5112429857254028
2,3,13,11,0.39372342824935913
2,3,13,12,0.4400259256362915
2,3,13,13,0.3871481418609619
2,3,13,14,0.35048961639404297
2,3,14,1,1.2541790008544922
2,3,14,2,1.2414201498031616
2,3,14,3,1.0487791299819946
2,3,14,4,0.9928945302963257
2,3,14,5,0.9125723242759705
2,3,14,6,1.0821988582611084
2,3,14,7,0.8466215133666992
2,3,14,8,1.2832236289978027
2,3,14,9,1.2581779956817627
2,3,14,10,1.1596698760986328
2,3,14,11,0.9743192195892334
2,3,14,12,0.9743192195892334
2,3,14,13,0.9743192195892334
2,3,14,14,0.9497808218002319
2,4,1,1,0.09217855334281921
2,4,1,2,0.24112284183502197
2,4,1,3,0.24114644527435303
2,4,1,4,0.24114644527435303
2,4,1,5,-0.9287087917327881
2,4,1,6,-0.6198067665100098
2,4,1,7,-0.7023900747299194
2,4,1,8,0.12956279516220093
2,4,1,9,0.25954902172088623
2,4,1,10,0.2595413327217102
2,4,1,11,0.39848899841308594
2,4,1,12,0.25911182165145874
2,4,1,13,0.25948306918144226
2,4,1,14,0.25875982642173767
2,4,2,1,0.30004584789276123
2,4,2,2,0.4304058849811554
2,4,2,3,0.4304121732711792
2,4,2,4,0.4304121732711792
2,4,2,5,-0.5512642860412598
2,4,2,6,-0.2813684940338135
2,4,2,7,-0.39716845750808716
2,4,2,8,0.2988864779472351
2,4,2,9,0.44933342933654785
2,4,2,10,0.4492773413658142
2,4,2,11,0.5617243051528931
2,4,2,12,0.44869211316108704
2,4,2,13,0.4491792917251587
2,4,2,14,0.4474671185016632
2,4,3,1,0.3018341660499573
2,4,3,2,0.43219420313835144
2,4,3,3,0.43220049142837524
2,4,3,4,0.43220049142837524
2,4,3,5,-0.5526890754699707
2,4,3,6,-0.27956050634384155
2,4,3,7,-0.39536052942276
2,4,3,8,0.3186684548854828
2,4,3,9,0.4511217474937439
2,4,3,10,0.45106565952301025
2,4,3,11,0.5635631084442139
2,4,3,12,0.4504804313182831
2,4,3,13,0.45096760988235474
2,4,3,14,0.44925543665885925
2,4,4,1,0.3109310269355774
2,4,4,2,0.44129204750061035
2,4,4,3,0.44129836559295654
2,4,4,4,0.44129836559295654
2,4,4,5,-0.5402017831802368
2,4,4,6,-0.26045477390289307
2,4,4,7,-0.38673147559165955
2,4,4,8,0.19177532196044922
2,4,4,9,0.46021968126296997
2,4,4,10,0.46016359329223633
2,4,4,11,0.4834192395210266
2,4,4,12,0.45957836508750916
2,4,4,13,0.4600655436515808
2,4,4,14,0.4583533704280853
2,4,5,1,-0.4905281066894531
2,4,5,2,-0.19381070137023926
2,4,5,3,-0.21254616975784302
2,4,5,4,-0.1956242322921753
2,4,5,5,3.7702255249023438
2,4,5,6,3.885324478149414
2,4,5,7,3.884509325027466
2,4,5,8,25.337657928466797
2,4,5,9,-0.1922653317451477
2,4,5,10,-0.19116228818893433
2,4,5,11,4.876532554626465
2,4,5,12,-0.15953528881072998
2,4,5,13,-0.1770932674407959
2,4,5,14,-0.08001112937927246
2,4,6,1,-0.5630797147750854
2,4,6,2,-0.358044296503067
2,4,6,3,-0.336372047662735
2,4,6,4,-0.33678069710731506
2,4,6,5,3.6927552223205566
2,4,6,6,4.113114356994629
2,4,6,7,4.25738525390625
2,4,6,8,27.387739181518555
2,4,6,9,-0.27210670709609985
2,4,6,10,-0.26611965894699097
2,4,6,11,6.270196437835693
2,4,6,12,-0.20695185661315918
2,4,6,13,-0.24077343940734863
2,4,6,14,-0.10516488552093506
2,4,7,1,-0.5351597666740417
2,4,7,2,-0.2977076470851898
2,4,7,3,-0.2966076135635376
2,4,7,4,-0.2970162630081177
2,4,7,5,3.6614990234375
2,4,7,6,4.240379333496094
2,4,7,7,4.258058071136475
2,4,7,8,26.855112075805664
2,4,7,9,-0.23884892463684082
2,4,7,10,-0.2525637745857239
2,4,7,11,5.868161201477051
2,4,7,12,-0.2539391815662384
2,4,7,13,-0.21845665574073792
2,4,7,14,-0.17516037821769714
2,4,8,1,-0.4784771502017975
2,4,8,2,-0.2894938886165619
2,4,8,3,-0.2895108759403229
2,4,8,4,-0.2895108759403229
2,4,8,5,-1.5584840774536133
2,4,8,6,-1.2611109018325806
2,4,8,7,-1.3062946796417236
2,4,8,8,0.028112560510635376
2,4,8,9,-0.27045029401779175
2,4,8,10,-0.2705219089984894
2,4,8,11,0.028272390365600586
2,4,8,12,-0.2711365818977356
2,4,8,13,-0.2706229090690613
2,4,8,14,-0.27268239855766296
2,4,9,1,0.11350607872009277
2,4,9,2,0.34296929836273193
2,4,9,3,0.34062039852142334
2,4,9,4,0.34062039852142334
2,4,9,5,-0.929513692855835
2,4,9,6,-0.6875485181808472
2,4,9,7,-0.7927182912826538
2,4,9,8,0.19689863920211792
2,4,9,9,0.32592761516571045
2,4,9,10,0.3240153193473816
2,4,9,11,0.31619447469711304
2,4,9,12,0.32005202770233154
2,4,9,13,0.32578420639038086
2,4,9,14,0.3225959539413452
2,4,10,1,-0.442128986120224
2,4,10,2,-0.2540014386177063
2,4,10,3,-0.25401824712753296
2,4,10,4,-0.25401824712753296
2,4,10,5,-1.5307940244674683
2,4,10,6,-1.2121690511703491
2,4,10,7,-1.3082997798919678
2,4,10,8,-0.24053320288658142
2,4,10,9,-0.23449623584747314
2,4,10,10,-0.23457476496696472
2,4,10,11,-0.17730680108070374
2,4,10,12,-0.23521146178245544
2,4,10,13,-0.23466885089874268
2,4,10,14,-0.23674875497817993
2,4,11,1,0.3542186915874481
2,4,11,2,0.4851020276546478
2,4,11,3,0.4851263761520386
2,4,11,4,0.4851263761520386
2,4,11,5,-0.4831514358520508
2,4,11,6,-0.20593202114105225
2,4,11,7,-0.2978264093399048
2,4,11,8,0.4716918170452118
2,4,11,9,0.5018848180770874
2,4,11,10,0.501879870891571
2,4,11,11,0.7507877349853516
2,4,11,12,0.5014612674713135
2,4,11,13,0.5018206834793091
2,4,11,14,0.5011116862297058
2,4,12,1,-0.44092151522636414
2,4,12,2,-0.29143059253692627
2,4,12,3,-0.2920498549938202
2,4,12,4,-0.2920498549938202
2,4,12,5,-1.4231948852539062
2,4,12,6,-1.1206190586090088
2,4,12,7,-1.1502496004104614
2,4,12,8,0.7278200387954712
2,4,12,9,-0.27641192078590393
2,4,12,10,-0.276634156703949
2,4,12,11,0.6020491123199463
2,4,12,12,-0.2781946063041687
2,4,12,13,-0.2767093777656555
2,4,12,14,-0.2826603353023529
2,4,13,1,-0.38235774636268616
2,4,13,2,-0.23026210069656372
2,4,13,3,-0.23084431886672974
2,4,13,4,-0.23084431886672974
2,4,13,5,-1.261894702911377
2,4,13,6,-1.0231122970581055
2,4,13,7,-0.9811553359031677
2,4,13,8,0.9644648432731628
2,4,13,9,-0.21262946724891663
2,4,13,10,-0.2115148901939392
2,4,13,11,0.783428430557251
2,4,13,12,-0.20996761322021484
2,4,13,13,-0.2129269242286682
2,4,13,14,-0.21629226207733154
2,4,14,1,-0.08658397197723389
2,4,14,2,-0.10862326622009277
2,4,14,3,0.14407062530517578
2,4,14,4,0.08669883012771606
2,4,14,5,9.152436256408691
2,4,14,6,9.284889221191406
2,4,14,7,10.783550262451172
2,4,14,8,115.14422607421875
2,4,14,9,0.5666196346282959
2,4,14,10,0.654862642288208
2,4,14,11,50.700721740722656
2,4,14,12,0.9373613595962524
2,4,14,13,0.6566449403762817
2,4,14,14,1.0836021900177002
2,5,1,1,-0.016939643770456314
2,5,1,2,-0.016939643770456314
2,5,1,3,-0.016939643770456314
2,5,1,4,-0.016939643770456314
2,5,1,5,-0.016939643770456314
2,5,1,6,-0.01694423332810402
2,5,1,7,-0.016939643770456314
2,5,1,8,-0.016939643770456314
2,5,1,9,-0.016939643770456314
2,5,1,10,-0.016939643770456314
2,5,1,11,-0.016852855682373047
2,5,1,12,-0.016939643770456314
2,5,1,13,-0.016939643770456314
2,5,1,14,-0.016939643770456314
2,5,2,1,-0.016939643770456314
2,5,2,2,-0.016939643770456314
2,5,2,3,-0.016939643770456314
2,5,2,4,-0.016939643770456314
2,5,2,5,-0.016939643770456314
2,5,2,6,-0.01694423332810402
2,5,2,7,-0.016939643770456314
2,5,2,8,-0.016939643770456314
2,5,2,9,-0.016939643770456314
2,5,2,10,-0.016939643770456314
2,5,2,11,-0.016852855682373047
2,5,2,12,-0.016939643770456314
2,5,2,13,-0.016939643770456314
2,5,2,14,-0.016939643770456314
2,5,3,1,-0.016939643770456314
2,5,3,2,-0.016939643770456314
2,5,3,3,-0.016939643770456314
2,5,3,4,-0.016939643770456314
2,5,3,5,-0.016939643770456314
2,5,3,6,-0.01694423332810402
2,5,3,7,-0.016939643770456314
2,5,3,8,-0.016939643770456314
2,5,3,9,-0.016939643770456314
2,5,3,10,-0.016939643770456314
2,5,3,11,-0.016852855682373047
2,5,3,12,-0.016939643770456314
2,5,3,13,-0.016939643770456314
2,5,3,14,-0.016939643770456314
2,5,4,1,-0.016939643770456314
2,5,4,2,-0.016939643770456314
2,5,4,3,-0.016939643770456314
2,5,4,4,-0.016939643770456314
2,5,4,5,-0.016939643770456314
2,5,4,6,-0.01694423332810402
2,5,4,7,-0.016939643770456314
2,5,4,8,-0.016939643770456314
2,5,4,9,-0.016939643770456314
2,5,4,10,-0.016939643770456314
2,5,4,11,-0.016852855682373047
2,5,4,12,-0.016939643770456314
2,5,4,13,-0.016939643770456314
2,5,4,14,-0.016939643770456314
2,5,5,1,0.0002634021220728755
2,5,5,2,0.0002634021220728755
2,5,5,3,0.0002634021220728755
2,5,5,4,0.0002634021220728755
2,5,5,5,0.0002634021220728755
2,5,5,6,0.0002588120405562222
2,5,5,7,0.0002634021220728755
2,5,5,8,0.0002634021220728755
2,5,5,9,0.0002634021220728755
2,5,5,10,0.0002634021220728755
2,5,5,11,0.000350189337041229
2,5,5,12,0.0002634021220728755
2,5,5,13,0.0002634021220728755
2,5,5,14,0.0002634021220728755
2,5,6,1,-0.016939643770456314
2,5,6,2,-0.016939643770456314
2,5,6,3,-0.016939643770456314
2,5,6,4,-0.016939643770456314
2,5,6,5,-0.016939643770456314
2,5,6,6,-0.01694423332810402
2,5,6,7,-0.016939643770456314
2,5,6,8,-0.016939643770456314
2,5,6,9,-0.016939643770456314
2,5,6,10,-0.016939643770456314
2,5,6,11,-0.016852855682373047
2,5,6,12,-0.016939643770456314
2,5,6,13,-0.016939643770456314
2,5,6,14,-0.016939643770456314
2,5,7,1,-0.016939643770456314
2,5,7,2,-0.016939643770456314
2,5,7,3,-0.016939643770456314
2,5,7,4,-0.016939643770456314
2,5,7,5,-0.016939643770456314
2,5,7,6,-0.01694423332810402
2,5,7,7,-0.016939643770456314
2,5,7,8,-0.016939643770456314
2,5,7,9,-0.016939643770456314
2,5,7,10,-0.016939643770456314
2,5,7,11,-0.016852855682373047
2,5,7,12,-0.016939643770456314
2,5,7,13,-0.016939643770456314
2,5,7,14,-0.016939643770456314
2,5,8,1,-0.016939643770456314
2,5,8,2,-0.016939643770456314
2,5,8,3,-0.016939643770456314
2,5,8,4,-0.016939643770456314
2,5,8,5,-0.016939643770456314
2,5,8,6,-0.01694423332810402
2,5,8,7,-0.016939643770456314
2,5,8,8,-0.016939643770456314
2,5,8,9,-0.016939643770456314
2,5,8,10,-0.016939643770456314
2,5,8,11,-0.016852855682373047
2,5,8,12,-0.016939643770456314
2,5,8,13,-0.016939643770456314
2,5,8,14,-0.016939643770456314
2,5,9,1,-0.012149721384048462
2,5,9,2,-0.012149721384048462
2,5,9,3,-0.012149721384048462
2,5,9,4,-0.012149721384048462
2,5,9,5,-0.012149721384048462
2,5,9,6,-0.012154310941696167
2,5,9,7,-0.012149721384048462
2,5,9,8,-0.012149721384048462
2,5,9,9,-0.012149721384048462
2,5,9,10,-0.012149721384048462
2,5,9,11,-0.01206293422728777
2,5,9,12,-0.012149721384048462
2,5,9,13,-0.012149721384048462
2,5,9,14,-0.012149721384048462
2,5,10,1,-0.016939643770456314
2,5,10,2,-0.016939643770456314
2,5,10,3,-0.016939643770456314
2,5,10,4,-0.016939643770456314
2,5,10,5,-0.016939643770456314
2,5,10,6,-0.01694423332810402
2,5,10,7,-0.016939643770456314
2,5,10,8,-0.016939643770456314
2,5,10,9,-0.016939643770456314
2,5,10,10,-0.016939643770456314
2,5,10,11,-0.016852855682373047
2,5,10,12,-0.016939643770456314
2,5,10,13,-0.016939643770456314
2,5,10,14,-0.016939643770456314
2,5,11,1,-0.016939643770456314
2,5,11,2,-0.016939643770456314
2,5,11,3,-0.016939643770456314
2,5,11,4,-0.016939643770456314
2,5,11,5,-0.016939643770456314
2,5,11,6,-0.01694423332810402
2,5,11,7,-0.016939643770456314
2,5,11,8,-0.016939643770456314
2,5,11,9,-0.016939643770456314
2,5,11,10,-0.016939643770456314
2,5,11,11,-0.016852855682373047
2,5,11,12,-0.016939643770456314
2,5,11,13,-0.016939643770456314
2,5,11,14,-0.016939643770456314
2,5,12,1,-0.016939643770456314
2,5,12,2,-0.016939643770456314
2,5,12,3,-0.016939643770456314
2,5,12,4,-0.016939643770456314
2,5,12,5,-0.016939643770456314
2,5,12,6,-0.01694423332810402
2,5,12,7,-0.016939643770456314
2,5,12,8,-0.016939643770456314
2,5,12,9,-0.016939643770456314
2,5,12,10,-0.016939643770456314
2,5,12,11,-0.016852855682373047
2,5,12,12,-0.016939643770456314
2,5,12,13,-0.016939643770456314
2,5,12,14,-0.016939643770456314
2,5,13,1,-0.016939643770456314
2,5,13,2,-0.016939643770456314
2,5,13,3,-0.016939643770456314
2,5,13,4,-0.016939643770456314
2,5,13,5,-0.016939643770456314
2,5,13,6,-0.01694423332810402
2,5,13,7,-0.016939643770456314
2,5,13,8,-0.016939643770456314
2,5,13,9,-0.016939643770456314
2,5,13,10,-0.016939643770456314
2,5,13,11,-0.016852855682373047
2,5,13,12,-0.016939643770456314
2,5,13,13,-0.016939643770456314
2,5,13,14,-0.016939643770456314
2,5,14,1,-0.014326507225632668
2,5,14,2,-0.014326507225632668
2,5,14,3,-0.014326507225632668
2,5,14,4,-0.014326507225632668
2,5,14,5,-0.014326507225632668
2,5,14,6,-0.014331096783280373
2,5,14,7,-0.014326507225632668
2,5,14,8,-0.014326507225632668
2,5,14,9,-0.014326507225632668
2,5,14,10,-0.014326507225632668
2,5,14,11,-0.0142397191375494
2,5,14,12,-0.014326507225632668
2,5,14,13,-0.014326507225632668
2,5,14,14,-0.014326507225632668
2,6,1,1,-1.7097383533837274e-05
2,6,1,2,-1.7097383533837274e-05
2,6,1,3,-1.7097383533837274e-05
2,6,1,4,-1.7097383533837274e-05
2,6,1,5,-1.7097383533837274e-05
2,6,1,6,-1.7097383533837274e-05
2,6,1,7,-1.7097383533837274e-05
2,6,1,8,-1.7097383533837274e-05
2,6,1,9,-1.7097383533837274e-05
2,6,1,10,-1.7097383533837274e-05
2,6,1,11,-1.7097383533837274e-05
2,6,1,12,-1.7097383533837274e-05
2,6,1,13,-1.7097383533837274e-05
2,6,1,14,-1.7097383533837274e-05
2,6,2,1,-1.7097383533837274e-05
2,6,2,2,-1.7097383533837274e-05
2,6,2,3,-1.7097383533837274e-05
2,6,2,4,-1.7097383533837274e-05
2,6,2,5,-1.7097383533837274e-05
2,6,2,6,-1.7097383533837274e-05
2,6,2,7,-1.7097383533837274e-05
2,6,2,8,-1.7097383533837274e-05
2,6,2,9,-1.7097383533837274e-05
2,6,2,10,-1.7097383533837274e-05
2,6,2,11,-1.7097383533837274e-05
2,6,2,12,-1.7097383533837274e-05
2,6,2,13,-1.7097383533837274e-05
2,6,2,14,-1.7097383533837274e-05
2,6,3,1,-1.7097383533837274e-05
2,6,3,2,-1.7097383533837274e-05
2,6,3,3,-1.7097383533837274e-05
2,6,3,4,-1.7097383533837274e-05
2,6,3,5,-1.7097383533837274e-05
2,6,3,6,-1.7097383533837274e-05
2,6,3,7,-1.7097383533837274e-05
2,6,3,8,-1.7097383533837274e-05
2,6,3,9,-1.7097383533837274e-05
2,6,3,10,-1.7097383533837274e-05
2,6,3,11,-1.7097383533837274e-05
2,6,3,12,-1.7097383533837274e-05
2,6,3,13,-1.7097383533837274e-05
2,6,3,14,-1.7097383533837274e-05
2,6,4,1,-1.7097383533837274e-05
2,6,4,2,-1.7097383533837274e-05
2,6,4,3,-1.7097383533837274e-05
2,6,4,4,-1.7097383533837274e-05
2,6,4,5,-1.7097383533837274e-05
2,6,4,6,-1.7097383533837274e-05
2,6,4,7,-1.7097383533837274e-05
2,6,4,8,-1.7097383533837274e-05
2,6,4,9,-1.7097383533837274e-05
2,6,4,10,-1.7097383533837274e-05
2,6,4,11,-1.7097383533837274e-05
2,6,4,12,-1.7097383533837274e-05
2,6,4,13,-1.7097383533837274e-05
2,6,4,14,-1.7097383533837274e-05
2,6,5,1,-1.7097383533837274e-05
2,6,5,2,-1.7097383533837274e-05
2,6,5,3,-1.7097383533837274e-05
2,6,5,4,-1.7097383533837274e-05
2,6,5,5,-1.7097383533837274e-05
2,6,5,6,-1.7097383533837274e-05
2,6,5,7,-1.7097383533837274e-05
2,6,5,8,-1.7097383533837274e-05
2,6,5,9,-1.7097383533837274e-05
2,6,5,10,-1.7097383533837274e-05
2,6,5,11,-1.7097383533837274e-05
2,6,5,12,-1.7097383533837274e-05
2,6,5,13,-1.7097383533837274e-05
2,6,5,14,-1.7097383533837274e-05
2,6,6,1,-1.7097383533837274e-05
2,6,6,2,-1.7097383533837274e-05
2,6,6,3,-1.7097383533837274e-05
2,6,6,4,-1.7097383533837274e-05
2,6,6,5,-1.7097383533837274e-05
2,6,6,6,-1.7097383533837274e-05
2,6,6,7,-1.7097383533837274e-05
2,6,6,8,-1.7097383533837274e-05
2,6,6,9,-1.7097383533837274e-05
2,6,6,10,-1.7097383533837274e-05
2,6,6,11,-1.7097383533837274e-05
2,6,6,12,-1.7097383533837274e-05
2,6,6,13,-1.7097383533837274e-05
2,6,6,14,-1.7097383533837274e-05
2,6,7,1,-1.7097383533837274e-05
2,6,7,2,-1.7097383533837274e-05
2,6,7,3,-1.7097383533837274e-05
2,6,7,4,-1.7097383533837274e-05
2,6,7,5,-1.7097383533837274e-05
2,6,7,6,-1.7097383533837274e-05
2,6,7,7,-1.7097383533837274e-05
2,6,7,8,-1.7097383533837274e-05
2,6,7,9,-1.7097383533837274e-05
2,6,7,10,-1.7097383533837274e-05
2,6,7,11,-1.7097383533837274e-05
2,6,7,12,-1.7097383533837274e-05
2,6,7,13,-1.7097383533837274e-05
2,6,7,14,-1.7097383533837274e-05
2,6,8,1,-1.7097383533837274e-05
2,6,8,2,-1.7097383533837274e-05
2,6,8,3,-1.7097383533837274e-05
2,6,8,4,-1.7097383533837274e-05
2,6,8,5,-1.7097383533837274e-05
2,6,8,6,-1.7097383533837274e-05
2,6,8,7,-1.7097383533837274e-05
2,6,8,8,-1.7097383533837274e-05
2,6,8,9,-1.7097383533837274e-05
2,6,8,10,-1.7097383533837274e-05
2,6,8,11,-1.7097383533837274e-05
2,6,8,12,-1.7097383533837274e-05
2,6,8,13,-1.7097383533837274e-05
2,6,8,14,-1.7097383533837274e-05
2,6,9,1,-1.1351803550496697e-05
2,6,9,2,-1.1351803550496697e-05
2,6,9,3,-1.1351803550496697e-05
2,6,9,4,-1.1351803550496697e-05
2,6,9,5,-1.1351803550496697e-05
2,6,9,6,-1.1351803550496697e-05
2,6,9,7,-1.1351803550496697e-05
2,6,9,8,-1.1351803550496697e-05
2,6,9,9,-1.1351803550496697e-05
2,6,9,10,-2.353027775825467e-05
2,6,9,11,-1.1351803550496697e-05
2,6,9,12,-1.1351803550496697e-05
2,6,9,13,-1.1351803550496697e-05
2,6,9,14,-1.1351803550496697e-05
2,6,10,1,-1.7097383533837274e-05
2,6,10,2,-1.7097383533837274e-05
2,6,10,3,-1.7097383533837274e-05
2,6,10,4,-1.7097383533837274e-05
2,6,10,5,-1.7097383533837274e-05
2,6,10,6,-1.7097383533837274e-05
2,6,10,7,-1.7097383533837274e-05
2,6,10,8,-1.7097383533837274e-05
2,6,10,9,-1.7097383533837274e-05
2,6,10,10,-1.7097383533837274e-05
2,6,10,11,-1.7097383533837274e-05
2,6,10,12,-1.7097383533837274e-05
2,6,10,13,-1.7097383533837274e-05
2,6,10,14,-1.7097383533837274e-05
2,6,11,1,-1.7097383533837274e-05
2,6,11,2,-1.7097383533837274e-05
2,6,11,3,-1.7097383533837274e-05
2,6,11,4,-1.7097383533837274e-05
2,6,11,5,-1.7097383533837274e-05
2,6,11,6,-1.7097383533837274e-05
2,6,11,7,-1.7097383533837274e-05
2,6,11,8,-1.7097383533837274e-05
2,6,11,9,-1.7097383533837274e-05
2,6,11,10,-1.7097383533837274e-05
2,6,11,11,-1.7097383533837274e-05
2,6,11,12,-1.7097383533837274e-05
2,6,11,13,-1.7097383533837274e-05
2,6,11,14,-1.7097383533837274e-05
2,6,12,1,-1.7097383533837274e-05
2,6,12,2,-1.7097383533837274e-05
2,6,12,3,-1.7097383533837274e-05
2,6,12,4,-1.7097383533837274e-05
2,6,12,5,-1.7097383533837274e-05
2,6,12,6,-1.7097383533837274e-05
2,6,12,7,-1.7097383533837274e-05
2,6,12,8,-1.7097383533837274e-05
2,6,12,9,-1.7097383533837274e-05
2,6,12,10,-1.7097383533837274e-05
2,6,12,11,-1.7097383533837274e-05
2,6,12,12,-1.7097383533837274e-05
2,6,12,13,-1.7097383533837274e-05
2,6,12,14,-1.7097383533837274e-05
2,6,13,1,-1.7097383533837274e-05
2,6,13,2,-1.7097383533837274e-05
2,6,13,3,-1.7097383533837274e-05
2,6,13,4,-1.7097383533837274e-05
2,6,13,5,-1.7097383533837274e-05
2,6,13,6,-1.7097383533837274e-05
2,6,13,7,-1.7097383533837274e-05
2,6,13,8,-1.7097383533837274e-05
2,6,13,9,-1.7097383533837274e-05
2,6,13,10,-1.7097383533837274e-05
2,6,13,11,-1.7097383533837274e-05
2,6,13,12,-1.7097383533837274e-05
2,6,13,13,-1.7097383533837274e-05
2,6,13,14,-1.7097383533837274e-05
2,6,14,1,-1.7097383533837274e-05
2,6,14,2,-1.7097383533837274e-05
2,6,14,3,-1.7097383533837274e-05
2,6,14,4,-1.7097383533837274e-05
2,6,14,5,-1.7097383533837274e-05
2,6,14,6,-1.7097383533837274e-05
2,6,14,7,-1.7097383533837274e-05
2,6,14,8,-1.7097383533837274e-05
2,6,14,9,-1.7097383533837274e-05
2,6,14,10,-1.7097383533837274e-05
2,6,14,11,-1.7097383533837274e-05
2,6,14,12,-1.7097383533837274e-05
2,6,14,13,-1.7097383533837274e-05
2,6,14,14,-1.7097383533837274e-05
3,4,1,1,-1.3840676546096802
3,4,1,2,-1.350389003753662
3,4,1,3,-1.3962130546569824
3,4,1,4,-1.3552591800689697
3,4,1,5,-1.5718680620193481
3,4,1,6,-1.559241771697998
3,4,1,7,-1.6062726974487305
3,4,1,8,-1.3970444202423096
3,4,1,9,-1.2642383575439453
3,4,1,10,-1.2714189291000366
3,4,1,11,-1.4621524810791016
3,4,1,12,-1.1830081939697266
3,4,1,13,-1.2065863609313965
3,4,1,14,-1.1316962242126465
3,4,2,1,-0.6019743084907532
3,4,2,2,-0.5778619050979614
3,4,2,3,-0.6236859560012817
3,4,2,4,-0.5827321410179138
3,4,2,5,-0.7972930669784546
3,4,2,6,-0.786605179309845
3,4,2,7,-0.8336361646652222
3,4,2,8,-0.6244004368782043
3,4,2,9,-0.49193185567855835
3,4,2,10,-0.49911242723464966
3,4,2,11,-0.6895164847373962
3,4,2,12,-0.4107016324996948
3,4,2,13,-0.4342799186706543
3,4,2,14,-0.3593897223472595
3,4,3,1,-0.6372817158699036
3,4,3,2,-0.6131693720817566
3,4,3,3,-0.6589934229850769
3,4,3,4,-0.618039608001709
3,4,3,5,-0.8326005339622498
3,4,3,6,-0.8219125866889954
3,4,3,7,-0.8689436316490173
3,4,3,8,-0.6597078442573547
3,4,3,9,-0.5272393226623535
3,4,3,10,-0.5344198942184448
3,4,3,11,-0.7248238921165466
3,4,3,12,-0.4460090398788452
3,4,3,13,-0.4695873260498047
3,4,3,14,-0.3946971297264099
3,4,4,1,-0.6318567395210266
3,4,4,2,-0.6077443361282349
3,4,4,3,-0.6535683870315552
3,4,4,4,-0.6126145720481873
3,4,4,5,-0.827175498008728
3,4,4,6,-0.8164876103401184
3,4,4,7,-0.8635185956954956
3,4,4,8,-0.6542828679084778
3,4,4,9,-0.5218142867088318
3,4,4,10,-0.5289948582649231
3,4,4,11,-0.7193989157676697
3,4,4,12,-0.44058406352996826
3,4,4,13,-0.46416231989860535
3,4,4,14,-0.38927215337753296
3,4,5,1,-1.43552565574646
3,4,5,2,-1.3720301389694214
3,4,5,3,-1.4178541898727417
3,4,5,4,-1.3769004344940186
3,4,5,5,-1.5878814458847046
3,4,5,6,-1.5850969552993774
3,4,5,7,-1.6321278810501099
3,4,5,8,-1.4643162488937378
3,4,5,9,-1.3086425065994263
3,4,5,10,-1.3158119916915894
3,4,5,11,-1.5092569589614868
3,4,5,12,-1.2273852825164795
3,4,5,13,-1.2509807348251343
3,4,5,14,-1.1760733127593994
3,4,6,1,-1.1146399974822998
3,4,6,2,-1.0757560729980469
3,4,6,3,-1.1215801239013672
3,4,6,4,-1.080626368522644
3,4,6,5,-1.2947109937667847
3,4,6,6,-1.2846002578735352
3,4,6,7,-1.3316311836242676
3,4,6,8,-1.1224559545516968
3,4,6,9,-0.9896876215934753
3,4,6,10,-0.9968680739402771
3,4,6,11,-1.1876202821731567
3,4,6,12,-0.908457338809967
3,4,6,13,-0.9320356249809265
3,4,6,14,-0.8571454286575317
3,4,7,1,-1.2942641973495483
3,4,7,2,-1.2553845643997192
3,4,7,3,-1.3012086153030396
3,4,7,4,-1.2602547407150269
3,4,7,5,-1.4758700132369995
3,4,7,6,-1.4642313718795776
3,4,7,7,-1.51126229763031
3,4,7,8,-1.3020387887954712
3,4,7,9,-1.1693142652511597
3,4,7,10,-1.1764949560165405
3,4,7,11,-1.3672499656677246
3,4,7,12,-1.088084101676941
3,4,7,13,-1.1116623878479004
3,4,7,14,-1.0367722511291504
3,4,8,1,-0.9819812774658203
3,4,8,2,-0.9584540128707886
3,4,8,3,-1.0042780637741089
3,4,8,4,-0.9633243083953857
3,4,8,5,-1.1799757480621338
3,4,8,6,-1.1672229766845703
3,4,8,7,-1.2142539024353027
3,4,8,8,-1.0050201416015625
3,4,8,9,-0.8725571632385254
3,4,8,10,-0.8797377347946167
3,4,8,11,-1.0701675415039062
3,4,8,12,-0.7913269400596619
3,4,8,13,-0.8149051666259766
3,4,8,14,-0.7400150299072266
3,4,9,1,-0.9998184442520142
3,4,9,2,-0.9762911796569824
3,4,9,3,-1.0221152305603027
3,4,9,4,-0.9811614751815796
3,4,9,5,-1.197812795639038
3,4,9,6,-1.1850600242614746
3,4,9,7,-1.232090950012207
3,4,9,8,-1.0228571891784668
3,4,9,9,-0.8903942108154297
3,4,9,10,-0.897574782371521
3,4,9,11,-1.0880045890808105
3,4,9,12,-0.8091640472412109
3,4,9,13,-0.8327422738075256
3,4,9,14,-0.7578520774841309
3,4,10,1,-0.9941608905792236
3,4,10,2,-0.9706336259841919
3,4,10,3,-1.0164576768875122
3,4,10,4,-0.9755039215087891
3,4,10,5,-1.1921552419662476
3,4,10,6,-1.179402470588684
3,4,10,7,-1.2264333963394165
3,4,10,8,-1.0171997547149658
3,4,10,9,-0.8847366571426392
3,4,10,10,-0.8919172286987305
3,4,10,11,-1.08234703540802
3,4,10,12,-0.8035064935684204
3,4,10,13,-0.8270847201347351
3,4,10,14,-0.7521946430206299
3,4,11,1,-1.1734983921051025
3,4,11,2,-1.1500709056854248
3,4,11,3,-1.1958949565887451
3,4,11,4,-1.1549410820007324
3,4,11,5,-1.3704197406768799
3,4,11,6,-1.3589026927947998
3,4,11,7,-1.4059336185455322
3,4,11,8,-1.196727991104126
3,4,11,9,-1.0640883445739746
3,4,11,10,-1.0712687969207764
3,4,11,11,-1.2618664503097534
3,4,11,12,-0.9828580617904663
3,4,11,13,-1.0064363479614258
3,4,11,14,-0.931546151638031
3,4,12,1,-1.180842638015747
3,4,12,2,-1.1574153900146484
3,4,12,3,-1.2032394409179688
3,4,12,4,-1.162285566329956
3,4,12,5,-1.3777642250061035
3,4,12,6,-1.3662471771240234
3,4,12,7,-1.4132781028747559
3,4,12,8,-1.20407235622406
3,4,12,9,-1.0714328289031982
3,4,12,10,-1.07861328125
3,4,12,11,-1.2692108154296875
3,4,12,12,-0.9902025461196899
3,4,12,13,-1.0137808322906494
3,4,12,14,-0.9388905763626099
3,4,13,1,-1.1682685613632202
3,4,13,2,-1.144841194152832
3,4,13,3,-1.1906652450561523
3,4,13,4,-1.1497113704681396
3,4,13,5,-1.365190029144287
3,4,13,6,-1.353672981262207
3,4,13,7,-1.4007039070129395
3,4,13,8,-1.1914982795715332
3,4,13,9,-1.0588586330413818
3,4,13,10,-1.0660390853881836
3,4,13,11,-1.256636619567871
3,4,13,12,-0.9776283502578735
3,4,13,13,-1.001206636428833
3,4,13,14,-0.9263164401054382
3,4,14,1,-1.148728370666504
3,4,14,2,-1.125300407409668
3,4,14,3,-1.1711244583129883
3,4,14,4,-1.1301708221435547
3,4,14,5,-1.345646619796753
3,4,14,6,-1.334132194519043
3,4,14,7,-1.3811631202697754
3,4,14,8,-1.171959400177002
3,4,14,9,-1.0393168926239014
3,4,14,10,-1.0464974641799927
3,4,14,11,-1.2370965480804443
3,4,14,12,-0.9580866694450378
3,4,14,13,-0.9816648960113525
3,4,14,14,-0.9067747592926025
3,5,1,1,-1.9686861038208008
3,5,1,2,-2.034031391143799
3,5,1,3,-1.9004122018814087
3,5,1,4,-1.9004265069961548
3,5,1,5,-1.8502415418624878
3,5,1,6,-2.2892279624938965
3,5,1,7,-1.6797086000442505
3,5,1,8,-1.8528026342391968
3,5,1,9,-1.6147955656051636
3,5,1,10,-1.9099258184432983
3,5,1,11,2.732553482055664
3,5,1,12,-1.6655796766281128
3,5,1,13,-1.699988842010498
3,5,1,14,-1.7005839347839355
3,5,2,1,-1.8678631782531738
3,5,2,2,-1.9332189559936523
3,5,2,3,-1.799599528312683
3,5,2,4,-1.7996138334274292
3,5,2,5,-1.749503254890442
3,5,2,6,-2.1880762577056885
3,5,2,7,-1.5797141790390015
3,5,2,8,-1.7519840002059937
3,5,2,9,-1.5139769315719604
3,5,2,10,-1.8091073036193848
3,5,2,11,2.8277127742767334
3,5,2,12,-1.5647610425949097
3,5,2,13,-1.5991716384887695
3,5,2,14,-1.5997668504714966
3,5,3,1,-1.8678631782531738
3,5,3,2,-1.9332189559936523
3,5,3,3,-1.799599528312683
3,5,3,4,-1.7996138334274292
3,5,3,5,-1.749503254890442
3,5,3,6,-2.1880762577056885
3,5,3,7,-1.5797141790390015
3,5,3,8,-1.7519840002059937
3,5,3,9,-1.5139769315719604
3,5,3,10,-1.8091073036193848
3,5,3,11,2.8277127742767334
3,5,3,12,-1.5647610425949097
3,5,3,13,-1.5991716384887695
3,5,3,14,-1.5997668504714966
3,5,4,1,-1.8678631782531738
3,5,4,2,-1.9332189559936523
3,5,4,3,-1.799599528312683
3,5,4,4,-1.7996138334274292
3,5,4,5,-1.749503254890442
3,5,4,6,-2.1880762577056885
3,5,4,7,-1.5797141790390015
3,5,4,8,-1.7519840002059937
3,5,4,9,-1.5139769315719604
3,5,4,10,-1.8091073036193848
3,5,4,11,2.8277127742767334
3,5,4,12,-1.5647610425949097
3,5,4,13,-1.5991716384887695
3,5,4,14,-1.5997668504714966
3,5,5,1,-1.8942832946777344
3,5,5,2,-1.9596277475357056
3,5,5,3,-1.8260083198547363
3,5,5,4,-1.8260226249694824
3,5,5,5,-1.775803565979004
3,5,5,6,-2.2146427631378174
3,5,5,7,-1.605269193649292
3,5,5,8,-1.7783981561660767
3,5,5,9,-1.5403910875320435
3,5,5,10,-1.8355214595794678
3,5,5,11,2.792048454284668
3,5,5,12,-1.5911751985549927
3,5,5,13,-1.6255844831466675
3,5,5,14,-1.6261796951293945
3,5,6,1,-1.925394058227539
3,5,6,2,-1.990738034248352
3,5,6,3,-1.8571186065673828
3,5,6,4,-1.857132911682129
3,5,6,5,-1.8069173097610474
3,5,6,6,-2.2459988594055176
3,5,6,7,-1.6363829374313354
3,5,6,8,-1.8095102310180664
3,5,6,9,-1.5715031623840332
3,5,6,10,-1.866633415222168
3,5,6,11,2.777303695678711
3,5,6,12,-1.6222872734069824
3,5,6,13,-1.6566963195800781
3,5,6,14,-1.6572914123535156
3,5,7,1,-1.925762414932251
3,5,7,2,-1.9911062717437744
3,5,7,3,-1.8574869632720947
3,5,7,4,-1.8575012683868408
3,5,7,5,-1.8072856664657593
3,5,7,6,-2.2463672161102295
3,5,7,7,-1.6367512941360474
3,5,7,8,-1.8098784685134888
3,5,7,9,-1.5718713998794556
3,5,7,10,-1.8670017719268799
3,5,7,11,2.776935577392578
3,5,7,12,-1.6226555109024048
3,5,7,13,-1.6570645570755005
3,5,7,14,-1.6576597690582275
3,5,8,1,-1.8757256269454956
3,5,8,2,-1.9410789012908936
3,5,8,3,-1.8074593544006348
3,5,8,4,-1.8074736595153809
3,5,8,5,-1.7565679550170898
3,5,8,6,-2.1946988105773926
3,5,8,7,-1.5874955654144287
3,5,8,8,-1.7598457336425781
3,5,8,9,-1.521838665008545
3,5,8,10,-1.8169690370559692
3,5,8,11,2.8239426612854004
3,5,8,12,-1.5726227760314941
3,5,8,13,-1.6070350408554077
3,5,8,14,-1.6076302528381348
3,5,9,1,-1.8757256269454956
3,5,9,2,-1.9410789012908936
3,5,9,3,-1.8074593544006348
3,5,9,4,-1.8074736595153809
3,5,9,5,-1.7565679550170898
3,5,9,6,-2.1946988105773926
3,5,9,7,-1.5874955654144287
3,5,9,8,-1.7598457336425781
3,5,9,9,-1.521838665008545
3,5,9,10,-1.8169690370559692
3,5,9,11,2.8239426612854004
3,5,9,12,-1.5726227760314941
3,5,9,13,-1.6070350408554077
3,5,9,14,-1.6076302528381348
3,5,10,1,-1.8757256269454956
3,5,10,2,-1.9410789012908936
3,5,10,3,-1.8074593544006348
3,5,10,4,-1.8074736595153809
3,5,10,5,-1.7565679550170898
3,5,10,6,-2.1946988105773926
3,5,10,7,-1.5874955654144287
3,5,10,8,-1.7598457336425781
3,5,10,9,-1.521838665008545
3,5,10,10,-1.8169690370559692
3,5,10,11,2.8239426612854004
3,5,10,12,-1.5726227760314941
3,5,10,13,-1.6070350408554077
3,5,10,14,-1.6076302528381348
3,5,11,1,-1.9142632484436035
3,5,11,2,-1.9796264171600342
3,5,11,3,-1.8460071086883545
3,5,11,4,-1.8460214138031006
3,5,11,5,-1.7992480993270874
3,5,11,6,-2.238999128341675
3,5,11,7,-1.6259024143218994
3,5,11,8,-1.7983851432800293
3,5,11,9,-1.5603781938552856
3,5,11,10,-1.85550856590271
3,5,11,11,2.829906463623047
3,5,11,12,-1.6111621856689453
3,5,11,13,-1.6455713510513306
3,5,11,14,-1.646166443824768
3,5,12,1,-1.9142632484436035
3,5,12,2,-1.9796264171600342
3,5,12,3,-1.8460071086883545
3,5,12,4,-1.8460214138031006
3,5,12,5,-1.7992480993270874
3,5,12,6,-2.238999128341675
3,5,12,7,-1.6259024143218994
3,5,12,8,-1.7983851432800293
3,5,12,9,-1.5603781938552856
3,5,12,10,-1.85550856590271
3,5,12,11,2.829906463623047
3,5,12,12,-1.6111621856689453
3,5,12,13,-1.6455713510513306
3,5,12,14,-1.646166443824768
3,5,13,1,-1.914326786994934
3,5,13,2,-1.9796898365020752
3,5,13,3,-1.8460705280303955
3,5,13,4,-1.8460848331451416
3,5,13,5,-1.7993115186691284
3,5,13,6,-2.239062547683716
3,5,13,7,-1.6259658336639404
3,5,13,8,-1.7984486818313599
3,5,13,9,-1.5604416131973267
3,5,13,10,-1.855571985244751
3,5,13,11,2.8298428058624268
3,5,13,12,-1.6112257242202759
3,5,13,13,-1.6456347703933716
3,5,13,14,-1.6462299823760986
3,5,14,1,-1.9142842292785645
3,5,14,2,-1.9796472787857056
3,5,14,3,-1.8460280895233154
3,5,14,4,-1.8460423946380615
3,5,14,5,-1.7993063926696777
3,5,14,6,-2.239027261734009
3,5,14,7,-1.6259191036224365
3,5,14,8,-1.7984061241149902
3,5,14,9,-1.560399055480957
3,5,14,10,-1.8555294275283813
3,5,14,11,2.8477606773376465
3,5,14,12,-1.6111831665039062
3,5,14,13,-1.6455923318862915
3,5,14,14,-1.646187424659729
3,6,1,1,-3.2563700675964355
3,6,1,2,-3.351348876953125
3,6,1,3,-3.3172686100006104
3,6,1,4,-3.333082675933838
3,6,1,5,-3.108257532119751
3,6,1,6,-3.0576257705688477
3,6,1,7,-3.1625874042510986
3,6,1,8,-3.2245821952819824
3,6,1,9,-3.5330939292907715
3,6,1,10,-3.593247890472412
3,6,1,11,-3.277562141418457
3,6,1,12,-3.580413341522217
3,6,1,13,-3.277562141418457
3,6,1,14,-3.277562141418457
3,6,2,1,-2.9601900577545166
3,6,2,2,-3.040029764175415
3,6,2,3,-2.993764638900757
3,6,2,4,-3.0279006958007812
3,6,2,5,-2.8812570571899414
3,6,2,6,-2.865601062774658
3,6,2,7,-2.8122200965881348
3,6,2,8,-2.992746353149414
3,6,2,9,-3.1155457496643066
3,6,2,10,-3.222285747528076
3,6,2,11,-2.9896907806396484
3,6,2,12,-3.0983757972717285
3,6,2,13,-2.9896907806396484
3,6,2,14,-2.9896907806396484
3,6,3,1,-2.8745334148406982
3,6,3,2,-2.9548633098602295
3,6,3,3,-2.9085984230041504
3,6,3,4,-2.9427342414855957
3,6,3,5,-2.795894145965576
3,6,3,6,-2.780238151550293
3,6,3,7,-2.741802215576172
3,6,3,8,-2.9073710441589355
3,6,3,9,-3.0395779609680176
3,6,3,10,-3.1369009017944336
3,6,3,11,-2.9042773246765137
3,6,3,12,-3.0569753646850586
3,6,3,13,-2.9042773246765137
3,6,3,14,-2.9042773246765137
3,6,4,1,-2.892179012298584
3,6,4,2,-2.9741806983947754
3,6,4,3,-2.88401460647583
3,6,4,4,-2.9620518684387207
3,6,4,5,-2.9832940101623535
3,6,4,6,-2.9412364959716797
3,6,4,7,-2.979329824447632
3,6,4,8,-3.0760462284088135
3,6,4,9,-3.3627395629882812
3,6,4,10,-3.41866135597229
3,6,4,11,-2.9186484813690186
3,6,4,12,-3.427126884460449
3,6,4,13,-2.9186484813690186
3,6,4,14,-2.9186484813690186
3,6,5,1,-3.186872959136963
3,6,5,2,-3.523810625076294
3,6,5,3,-3.5563838481903076
3,6,5,4,-3.5291566848754883
3,6,5,5,-2.856586456298828
3,6,5,6,-2.8271327018737793
3,6,5,7,-3.0075063705444336
3,6,5,8,-3.185940742492676
3,6,5,9,-3.337184429168701
3,6,5,10,-2.7181873321533203
3,6,5,11,-3.3230409622192383
3,6,5,12,-3.3871636390686035
3,6,5,13,-3.3230295181274414
3,6,5,14,-3.323032855987549
3,6,6,1,-3.2631754875183105
3,6,6,2,-3.5956687927246094
3,6,6,3,-3.62357759475708
3,6,6,4,-3.5212037563323975
3,6,6,5,-2.5500407218933105
3,6,6,6,-2.3978567123413086
3,6,6,7,-3.070354700088501
3,6,6,8,-2.959519386291504
3,6,6,9,-3.0973005294799805
3,6,6,10,-2.348684549331665
3,6,6,11,-3.3540830612182617
3,6,6,12,-3.197848081588745
3,6,6,13,-3.3540797233581543
3,6,6,14,-3.35408353805542
3,6,7,1,-3.206407070159912
3,6,7,2,-3.593350410461426
3,6,7,3,-3.4906983375549316
3,6,7,4,-3.552093982696533
3,6,7,5,-3.1481571197509766
3,6,7,6,-2.941775321960449
3,6,7,7,-3.2007784843444824
3,6,7,8,-3.478437900543213
3,6,7,9,-4.057845592498779
3,6,7,10,-3.477442979812622
3,6,7,11,-3.3454623222351074
3,6,7,12,-4.251220226287842
3,6,7,13,-3.358025074005127
3,6,7,14,-3.338235855102539
3,6,8,1,-2.770258903503418
3,6,8,2,-2.8424577713012695
3,6,8,3,-2.8871543407440186
3,6,8,4,-2.829268455505371
3,6,8,5,-2.231146812438965
3,6,8,6,-2.312145709991455
3,6,8,7,-1.9756592512130737
3,6,8,8,-2.3903470039367676
3,6,8,9,-1.9823708534240723
3,6,8,10,-2.101145029067993
3,6,8,11,-2.807943105697632
3,6,8,12,-1.9159677028656006
3,6,8,13,-2.807943105697632
3,6,8,14,-2.807943105697632
3,6,9,1,-2.8316845893859863
3,6,9,2,-2.906526803970337
3,6,9,3,-2.899223804473877
3,6,9,4,-2.8933377265930176
3,6,9,5,-2.544896125793457
3,6,9,6,-2.5745859146118164
3,6,9,7,-2.4844677448272705
3,6,9,8,-2.6761467456817627
3,6,9,9,-2.4478094577789307
3,6,9,10,-2.508734703063965
3,6,9,11,-2.863328456878662
3,6,9,12,-2.3636298179626465
3,6,9,13,-2.863328456878662
3,6,9,14,-2.863328456878662
3,6,10,1,-2.7633585929870605
3,6,10,2,-2.8270957469940186
3,6,10,3,-2.893608331680298
3,6,10,4,-2.81390643119812
3,6,10,5,-2.0765602588653564
3,6,10,6,-2.182121753692627
3,6,10,7,-1.631019115447998
3,6,10,8,-2.2351951599121094
3,6,10,9,-1.8481974601745605
3,6,10,10,-2.01320743560791
3,6,10,11,-2.7919716835021973
3,6,10,12,-1.7444010972976685
3,6,10,13,-2.7919716835021973
3,6,10,14,-2.7919716835021973
3,6,11,1,-3.3571248054504395
3,6,11,2,-3.2887027263641357
3,6,11,3,-3.625548839569092
3,6,11,4,-3.231827735900879
3,6,11,5,-1.435447096824646
3,6,11,6,-1.6641888618469238
3,6,11,7,-1.1276054382324219
3,6,11,8,-1.7673101425170898
3,6,11,9,1.4392149448394775
3,6,11,10,0.5438123941421509
3,6,11,11,-3.1600098609924316
3,6,11,12,3.2206928730010986
3,6,11,13,-3.1526920795440674
3,6,11,14,-3.161813259124756
3,6,12,1,-3.2016186714172363
3,6,12,2,-3.165668487548828
3,6,12,3,-3.421140193939209
3,6,12,4,-3.1329219341278076
3,6,12,5,-1.6933858394622803
3,6,12,6,-1.9457250833511353
3,6,12,7,-1.282848834991455
3,6,12,8,-1.9397294521331787
3,6,12,9,0.15375900268554688
3,6,12,10,-0.31987565755844116
3,6,12,11,-3.096010684967041
3,6,12,12,0.9409557580947876
3,6,12,13,-3.093824863433838
3,6,12,14,-3.096010684967041
3,6,13,1,-3.1259336471557617
3,6,13,2,-3.000690460205078
3,6,13,3,-3.3554420471191406
3,6,13,4,-2.9393868446350098
3,6,13,5,-1.1171300411224365
3,6,13,6,-1.349711537361145
3,6,13,7,-0.2320370376110077
3,6,13,8,-1.3983529806137085
3,6,13,9,2.184678316116333
3,6,13,10,0.7815606594085693
3,6,13,11,-2.840060234069824
3,6,13,12,5.5730438232421875
3,6,13,13,-2.8322949409484863
3,6,13,14,-2.8393893241882324
3,6,14,1,-2.9333553314208984
3,6,14,2,-3.010984420776367
3,6,14,3,-2.99862003326416
3,6,14,4,-2.9800024032592773
3,6,14,5,-2.5850260257720947
3,6,14,6,-2.5207948684692383
3,6,14,7,-2.1443963050842285
3,6,14,8,-2.798978328704834
3,6,14,9,-2.6157584190368652
3,6,14,10,-2.83693265914917
3,6,14,11,-2.9431681632995605
3,6,14,12,-2.4255242347717285
3,6,14,13,-2.9431681632995605
3,6,14,14,-2.9431681632995605
3,7,1,1,-0.004066377878189087
3,7,1,2,-0.0040834322571754456
3,7,1,3,-0.0040834322571754456
3,7,1,4,-0.0040834322571754456
3,7,1,5,-0.0040834322571754456
3,7,1,6,-0.0040834322571754456
3,7,1,7,-0.0040834322571754456
3,7,1,8,-0.004086926579475403
3,7,1,9,-0.004086926579475403
3,7,1,10,-0.004086926579475403
3,7,1,11,-0.004086926579475403
3,7,1,12,-0.004086926579475403
3,7,1,13,-0.004086926579475403
3,7,1,14,-0.004087589681148529
3,7,2,1,0.009905315935611725
3,7,2,2,0.009917393326759338
3,7,2,3,0.009917393326759338
3,7,2,4,0.009917393326759338
3,7,2,5,0.009917393326759338
3,7,2,6,0.009917393326759338
3,7,2,7,0.009917393326759338
3,7,2,8,0.009912073612213135
3,7,2,9,0.009912073612213135
3,7,2,10,0.009912073612213135
3,7,2,11,0.009912073612213135
3,7,2,12,0.009912073612213135
3,7,2,13,0.009912073612213135
3,7,2,14,0.00991104543209076
3,7,3,1,0.009482525289058685
3,7,3,2,0.009442389011383057
3,7,3,3,0.009442389011383057
3,7,3,4,0.009442389011383057
3,7,3,5,0.009442389011383057
3,7,3,6,0.009442389011383057
3,7,3,7,0.009442389011383057
3,7,3,8,0.009442850947380066
3,7,3,9,0.009442850947380066
3,7,3,10,0.009442850947380066
3,7,3,11,0.009442850947380066
3,7,3,12,0.009442850947380066
3,7,3,13,0.009442850947380066
3,7,3,14,0.00944308191537857
3,7,4,1,0.009905315935611725
3,7,4,2,0.009917393326759338
3,7,4,3,0.009917393326759338
3,7,4,4,0.009917393326759338
3,7,4,5,0.009917393326759338
3,7,4,6,0.009917393326759338
3,7,4,7,0.009917393326759338
3,7,4,8,0.009912073612213135
3,7,4,9,0.009912073612213135
3,7,4,10,0.009912073612213135
3,7,4,11,0.009912073612213135
3,7,4,12,0.009912073612213135
3,7,4,13,0.009912073612213135
3,7,4,14,0.00991104543209076
3,7,5,1,0.005501419305801392
3,7,5,2,0.005481131374835968
3,7,5,3,0.005481131374835968
3,7,5,4,0.005481131374835968
3,7,5,5,0.005481131374835968
3,7,5,6,0.005481131374835968
3,7,5,7,0.005481131374835968
3,7,5,8,0.005477845668792725
3,7,5,9,0.005477845668792725
3,7,5,10,0.005477845668792725
3,7,5,11,0.005477845668792725
3,7,5,12,0.005477845668792725
3,7,5,13,0.005477845668792725
3,7,5,14,0.005477219820022583
3,7,6,1,0.005501583218574524
3,7,6,2,0.0054812803864479065
3,7,6,3,0.0054812803864479065
3,7,6,4,0.0054812803864479065
3,7,6,5,0.0054812803864479065
3,7,6,6,0.0054812803864479065
3,7,6,7,0.0054812803864479065
3,7,6,8,0.005478009581565857
3,7,6,9,0.005478009581565857
3,7,6,10,0.005478009581565857
3,7,6,11,0.005478009581565857
3,7,6,12,0.005478009581565857
3,7,6,13,0.005478009581565857
3,7,6,14,0.005477383732795715
3,7,7,1,0.005501583218574524
3,7,7,2,0.0054812803864479065
3,7,7,3,0.0054812803864479065
3,7,7,4,0.0054812803864479065
3,7,7,5,0.0054812803864479065
3,7,7,6,0.0054812803864479065
3,7,7,7,0.0054812803864479065
3,7,7,8,0.005478009581565857
3,7,7,9,0.005478009581565857
3,7,7,10,0.005478009581565857
3,7,7,11,0.005478009581565857
3,7,7,12,0.005478009581565857
3,7,7,13,0.005478009581565857
3,7,7,14,0.005477383732795715
3,7,8,1,0.008481957018375397
3,7,8,2,0.008503280580043793
3,7,8,3,0.008503280580043793
3,7,8,4,0.008503280580043793
3,7,8,5,0.008503280580043793
3,7,8,6,0.008503280580043793
3,7,8,7,0.008503280580043793
3,7,8,8,0.008497387170791626
3,7,8,9,0.008497387170791626
3,7,8,10,0.008497387170791626
3,7,8,11,0.008497387170791626
3,7,8,12,0.008497387170791626
3,7,8,13,0.008497387170791626
3,7,8,14,0.00849626213312149
3,7,9,1,0.011061258614063263
3,7,9,2,0.011094920337200165
3,7,9,3,0.011094920337200165
3,7,9,4,0.011094920337200165
3,7,9,5,0.011094920337200165
3,7,9,6,0.011094920337200165
3,7,9,7,0.011094920337200165
3,7,9,8,0.011087462306022644
3,7,9,9,0.011087462306022644
3,7,9,10,0.011087462306022644
3,7,9,11,0.011087462306022644
3,7,9,12,0.011087462306022644
3,7,9,13,0.011087462306022644
3,7,9,14,0.01108599454164505
3,7,10,1,0.009539425373077393
3,7,10,2,0.009560741484165192
3,7,10,3,0.009560741484165192
3,7,10,4,0.009560741484165192
3,7,10,5,0.009560741484165192
3,7,10,6,0.009560741484165192
3,7,10,7,0.009560741484165192
3,7,10,8,0.009554855525493622
3,7,10,9,0.009554855525493622
3,7,10,10,0.009554855525493622
3,7,10,11,0.009554855525493622
3,7,10,12,0.009554855525493622
3,7,10,13,0.009554855525493622
3,7,10,14,0.009553730487823486
3,7,11,1,0.022461436688899994
3,7,11,2,0.022499866783618927
3,7,11,3,0.022499866783618927
3,7,11,4,0.022499866783618927
3,7,11,5,0.022499866783618927
3,7,11,6,0.022499866783618927
3,7,11,7,0.022499866783618927
3,7,11,8,0.022492729127407074
3,7,11,9,0.022492729127407074
3,7,11,10,0.022492729127407074
3,7,11,11,0.022492729127407074
3,7,11,12,0.022492729127407074
3,7,11,13,0.022492729127407074
3,7,11,14,0.022491343319416046
3,7,12,1,0.02244819700717926
3,7,12,2,0.022486627101898193
3,7,12,3,0.022486627101898193
3,7,12,4,0.022486627101898193
3,7,12,5,0.022486627101898193
3,7,12,6,0.022486627101898193
3,7,12,7,0.022486627101898193
3,7,12,8,0.02247948944568634
3,7,12,9,0.02247948944568634
3,7,12,10,0.02247948944568634
3,7,12,11,0.02247948944568634
3,7,12,12,0.02247948944568634
3,7,12,13,0.02247948944568634
3,7,12,14,0.022478103637695312
3,7,13,1,0.03690394014120102
3,7,13,2,0.036942385137081146
3,7,13,3,0.036942385137081146
3,7,13,4,0.036942385137081146
3,7,13,5,0.036942385137081146
3,7,13,6,0.036942385137081146
3,7,13,7,0.036942385137081146
3,7,13,8,0.0369352325797081
3,7,13,9,0.0369352325797081
3,7,13,10,0.0369352325797081
3,7,13,11,0.0369352325797081
3,7,13,12,0.0369352325797081
3,7,13,13,0.0369352325797081
3,7,13,14,0.036933861672878265
3,7,14,1,0.3743163049221039
3,7,14,2,0.3771798312664032
3,7,14,3,0.3771798312664032
3,7,14,4,0.3771798312664032
3,7,14,5,0.3771425783634186
3,7,14,6,0.3771425783634186
3,7,14,7,0.3771425783634186
3,7,14,8,0.37726858258247375
3,7,14,9,0.37726858258247375
3,7,14,10,0.37726858258247375
3,7,14,11,0.37726858258247375
3,7,14,12,0.37726858258247375
3,7,14,13,0.37726858258247375
3,7,14,14,0.37716948986053467
4,5,1,1,9.613858222961426
4,5,1,2,9.170114517211914
4,5,1,3,8.976447105407715
4,5,1,4,8.985004425048828
4,5,1,5,9.394231796264648
4,5,1,6,9.436787605285645
4,5,1,7,9.339533805847168
4,5,1,8,9.458771705627441
4,5,1,9,9.317326545715332
4,5,1,10,9.607346534729004
4,5,1,11,10.234201431274414
4,5,1,12,9.660432815551758
4,5,1,13,9.205192565917969
4,5,1,14,9.176863670349121
4,5,2,1,9.81199836730957
4,5,2,2,8.960552215576172
4,5,2,3,8.917531967163086
4,5,2,4,8.982603073120117
4,5,2,5,9.671339988708496
4,5,2,6,9.733160018920898
4,5,2,7,9.6171293258667
4,5,2,8,10.085283279418945
4,5,2,9,9.967982292175293
4,5,2,10,10.332690238952637
4,5,2,11,10.414495468139648
4,5,2,12,10.937514305114746
4,5,2,13,9.337406158447266
4,5,2,14,9.380110740661621
4,5,3,1,9.642121315002441
4,5,3,2,8.839288711547852
4,5,3,3,8.594366073608398
4,5,3,4,8.555099487304688
4,5,3,5,9.531429290771484
4,5,3,6,9.629944801330566
4,5,3,7,9.477465629577637
4,5,3,8,8.93493938446045
4,5,3,9,8.918559074401855
4,5,3,10,8.760978698730469
4,5,3,11,10.21636962890625
4,5,3,12,8.783707618713379
4,5,3,13,8.951529502868652
4,5,3,14,8.98339557647705
4,5,4,1,9.869213104248047
4,5,4,2,9.039022445678711
4,5,4,3,8.916736602783203
4,5,4,4,8.973483085632324
4,5,4,5,9.729191780090332
4,5,4,6,9.799158096313477
4,5,4,7,9.674981117248535
4,5,4,8,9.924418449401855
4,5,4,9,9.730616569519043
4,5,4,10,10.244773864746094
4,5,4,11,10.473028182983398
4,5,4,12,10.831196784973145
4,5,4,13,9.327242851257324
4,5,4,14,9.33118724822998
4,5,5,1,10.106793403625488
4,5,5,2,9.796971321105957
4,5,5,3,9.5333251953125
4,5,5,4,9.531938552856445
4,5,5,5,9.878913879394531
4,5,5,6,9.970391273498535
4,5,5,7,9.824204444885254
4,5,5,8,9.883323669433594
4,5,5,9,9.740041732788086
4,5,5,10,10.016680717468262
4,5,5,11,10.579877853393555
4,5,5,12,9.96958065032959
4,5,5,13,9.698763847351074
4,5,5,14,9.672698974609375
4,5,6,1,10.07629680633545
4,5,6,2,9.765181541442871
4,5,6,3,9.502827644348145
4,5,6,4,9.50144100189209
4,5,6,5,9.848417282104492
4,5,6,6,9.937063217163086
4,5,6,7,9.793706893920898
4,5,6,8,9.852827072143555
4,5,6,9,9.709545135498047
4,5,6,10,9.986184120178223
4,5,6,11,10.549548149108887
4,5,6,12,9.939056396484375
4,5,6,13,9.668270111083984
4,5,6,14,9.642206192016602
4,5,7,1,10.108114242553711
4,5,7,2,9.826834678649902
4,5,7,3,9.53450870513916
4,5,7,4,9.533122062683105
4,5,7,5,9.880233764648438
4,5,7,6,9.969282150268555
4,5,7,7,9.82552433013916
4,5,7,8,9.884571075439453
4,5,7,9,9.70949935913086
4,5,7,10,10.017951965332031
4,5,7,11,10.581357955932617
4,5,7,12,9.947465896606445
4,5,7,13,9.70414924621582
4,5,7,14,9.678085327148438
4,5,8,1,9.392001152038574
4,5,8,2,9.07026195526123
4,5,8,3,8.844005584716797
4,5,8,4,8.850325584411621
4,5,8,5,9.159834861755371
4,5,8,6,9.220566749572754
4,5,8,7,9.105112075805664
4,5,8,8,9.264528274536133
4,5,8,9,9.148670196533203
4,5,8,10,9.415460586547852
4,5,8,11,9.981644630432129
4,5,8,12,9.309343338012695
4,5,8,13,9.021871566772461
4,5,8,14,8.991556167602539
4,5,9,1,10.126890182495117
4,5,9,2,9.50334644317627
4,5,9,3,9.659635543823242
4,5,9,4,9.835956573486328
4,5,9,5,9.959745407104492
4,5,9,6,10.05370807647705
4,5,9,7,9.906599998474121
4,5,9,8,11.934174537658691
4,5,9,9,11.665753364562988
4,5,9,10,12.519569396972656
4,5,9,11,10.734624862670898
4,5,9,12,13.307439804077148
4,5,9,13,10.141529083251953
4,5,9,14,10.224782943725586
4,5,10,1,9.97643756866455
4,5,10,2,9.234664916992188
4,5,10,3,9.565707206726074
4,5,10,4,9.660887718200684
4,5,10,5,9.819634437561035
4,5,10,6,9.868755340576172
4,5,10,7,9.766489028930664
4,5,10,8,11.944632530212402
4,5,10,9,11.929708480834961
4,5,10,10,12.535358428955078
4,5,10,11,10.617700576782227
4,5,10,12,13.446998596191406
4,5,10,13,10.148298263549805
4,5,10,14,10.295110702514648
4,5,11,1,9.375892639160156
4,5,11,2,9.071642875671387
4,5,11,3,8.827898025512695
4,5,11,4,8.834217071533203
4,5,11,5,9.143726348876953
4,5,11,6,9.20015811920166
4,5,11,7,9.089004516601562
4,5,11,8,9.247193336486816
4,5,11,9,9.116743087768555
4,5,11,10,9.398953437805176
4,5,11,11,9.968588829040527
4,5,11,12,9.283479690551758
4,5,11,13,9.009547233581543
4,5,11,14,8.979231834411621
4,5,12,1,9.99747371673584
4,5,12,2,9.237537384033203
4,5,12,3,9.920049667358398
4,5,12,4,10.012127876281738
4,5,12,5,9.791828155517578
4,5,12,6,9.78368854522705
4,5,12,7,9.738661766052246
4,5,12,8,13.091262817382812
4,5,12,9,13.171506881713867
4,5,12,10,14.02423095703125
4,5,12,11,10.758347511291504
4,5,12,12,15.795757293701172
4,5,12,13,10.627341270446777
4,5,12,14,10.82763671875
4,5,13,1,10.524279594421387
4,5,13,2,9.818647384643555
4,5,13,3,9.99766731262207
4,5,13,4,10.225793838500977
4,5,13,5,10.302860260009766
4,5,13,6,10.369834899902344
4,5,13,7,10.249714851379395
4,5,13,8,12.772132873535156
4,5,13,9,12.350996017456055
4,5,13,10,13.864530563354492
4,5,13,11,11.188492774963379
4,5,13,12,15.234548568725586
4,5,13,13,10.481607437133789
4,5,13,14,10.478217124938965
4,5,14,1,10.3873872756958
4,5,14,2,9.65271282196045
4,5,14,3,10.439480781555176
4,5,14,4,10.625240325927734
4,5,14,5,10.157456398010254
4,5,14,6,10.132219314575195
4,5,14,7,10.104276657104492
4,5,14,8,14.255948066711426
4,5,14,9,14.159954071044922
4,5,14,10,15.862308502197266
4,5,14,11,11.175464630126953
4,5,14,12,18.815284729003906
4,5,14,13,11.255529403686523
4,5,14,14,11.387514114379883
4,6,1,1,0.15595999360084534
4,6,1,2,0.008758418262004852
4,6,1,3,0.10552770644426346
4,6,1,4,0.10755398124456406
4,6,1,5,0.3942614495754242
4,6,1,6,0.38495001196861267
4,6,1,7,0.16828998923301697
4,6,1,8,0.48388856649398804
4,6,1,9,0.23673298954963684
4,6,1,10,0.3339753746986389
4,6,1,11,0.13755029439926147
4,6,1,12,0.1482301503419876
4,6,1,13,0.13755029439926147
4,6,1,14,0.13896730542182922
4,6,2,1,0.21717455983161926
4,6,2,2,0.0699729472398758
4,6,2,3,0.1667422354221344
4,6,2,4,0.168768510222435
4,6,2,5,0.45547598600387573
4,6,2,6,0.4461645483970642
4,6,2,7,0.2295045256614685
4,6,2,8,0.545103132724762
4,6,2,9,0.2979475259780884
4,6,2,10,0.39518994092941284
4,6,2,11,0.1987648457288742
4,6,2,12,0.20944470167160034
4,6,2,13,0.1987648457288742
4,6,2,14,0.20018185675144196
4,6,3,1,0.22612589597702026
4,6,3,2,0.0789242833852768
4,6,3,3,0.1756935715675354
4,6,3,4,0.1777198314666748
4,6,3,5,0.4644273519515991
4,6,3,6,0.4551159143447876
4,6,3,7,0.2384558618068695
4,6,3,8,0.5540544986724854
4,6,3,9,0.30689889192581177
4,6,3,10,0.40414124727249146
4,6,3,11,0.2077161967754364
4,6,3,12,0.21839603781700134
4,6,3,13,0.2077161967754364
4,6,3,14,0.20913320779800415
4,6,4,1,0.21717455983161926
4,6,4,2,0.0699729472398758
4,6,4,3,0.1667422354221344
4,6,4,4,0.168768510222435
4,6,4,5,0.45547598600387573
4,6,4,6,0.4461645483970642
4,6,4,7,0.2295045256614685
4,6,4,8,0.545103132724762
4,6,4,9,0.2979475259780884
4,6,4,10,0.39518994092941284
4,6,4,11,0.1987648457288742
4,6,4,12,0.20944470167160034
4,6,4,13,0.1987648457288742
4,6,4,14,0.20018185675144196
4,6,5,1,0.22273388504981995
4,6,5,2,0.07553227990865707
4,6,5,3,0.17230157554149628
4,6,5,4,0.17432785034179688
4,6,5,5,0.4610353112220764
4,6,5,6,0.4517238736152649
4,6,5,7,0.2350638508796692
4,6,5,8,0.5506624579429626
4,6,5,9,0.30350685119628906
4,6,5,10,0.4007492661476135
4,6,5,11,0.2043241709470749
4,6,5,12,0.21500402688980103
4,6,5,13,0.2043241709470749
4,6,5,14,0.20574118196964264
4,6,6,1,0.22273457050323486
4,6,6,2,0.07553297281265259
4,6,6,3,0.1723022758960724
4,6,6,4,0.1743285357952118
4,6,6,5,0.4610360264778137
4,6,6,6,0.4517245888710022
4,6,6,7,0.2350645363330841
4,6,6,8,0.5506631135940552
4,6,6,9,0.30350756645202637
4,6,6,10,0.40074992179870605
4,6,6,11,0.2043248564004898
4,6,6,12,0.21500471234321594
4,6,6,13,0.2043248564004898
4,6,6,14,0.20574186742305756
4,6,7,1,0.22273457050323486
4,6,7,2,0.07553297281265259
4,6,7,3,0.1723022758960724
4,6,7,4,0.1743285357952118
4,6,7,5,0.4610360264778137
4,6,7,6,0.4517245888710022
4,6,7,7,0.2350645363330841
4,6,7,8,0.5506631135940552
4,6,7,9,0.30350756645202637
4,6,7,10,0.40074992179870605
4,6,7,11,0.2043248564004898
4,6,7,12,0.21500471234321594
4,6,7,13,0.2043248564004898
4,6,7,14,0.20574186742305756
4,6,8,1,0.17796221375465393
4,6,8,2,0.03076063096523285
4,6,8,3,0.12752991914749146
4,6,8,4,0.12955619394779205
4,6,8,5,0.4162636995315552
4,6,8,6,0.40695226192474365
4,6,8,7,0.19029219448566437
4,6,8,8,0.5058907866477966
4,6,8,9,0.25873520970344543
4,6,8,10,0.3559775948524475
4,6,8,11,0.15955251455307007
4,6,8,12,0.170232355594635
4,6,8,13,0.15955251455307007
4,6,8,14,0.16096952557563782
4,6,9,1,0.16898232698440552
4,6,9,2,0.021780740469694138
4,6,9,3,0.11855003237724304
4,6,9,4,0.12057630717754364
4,6,9,5,0.40728381276130676
4,6,9,6,0.39797237515449524
4,6,9,7,0.18131230771541595
4,6,9,8,0.4969108998775482
4,6,9,9,0.24975532293319702
4,6,9,10,0.3469977378845215
4,6,9,11,0.15057262778282166
4,6,9,12,0.1612524688243866
4,6,9,13,0.15057262778282166
4,6,9,14,0.1519896388053894
4,6,10,1,0.16898439824581146
4,6,10,2,0.021782804280519485
4,6,10,3,0.11855209618806839
4,6,10,4,0.12057837098836899
4,6,10,5,0.4072858691215515
4,6,10,6,0.39797443151474
4,6,10,7,0.1813143789768219
4,6,10,8,0.49691295623779297
4,6,10,9,0.24975739419460297
4,6,10,10,0.34699979424476624
4,6,10,11,0.1505746990442276
4,6,10,12,0.16125454008579254
4,6,10,13,0.1505746990442276
4,6,10,14,0.15199171006679535
4,6,11,1,0.17796221375465393
4,6,11,2,0.03076063096523285
4,6,11,3,0.12752991914749146
4,6,11,4,0.12955619394779205
4,6,11,5,0.4162636995315552
4,6,11,6,0.40695226192474365
4,6,11,7,0.19029219448566437
4,6,11,8,0.5058907866477966
4,6,11,9,0.25873520970344543
4,6,11,10,0.3559775948524475
4,6,11,11,0.15955251455307007
4,6,11,12,0.170232355594635
4,6,11,13,0.15955251455307007
4,6,11,14,0.16096952557563782
4,6,12,1,0.16898439824581146
4,6,12,2,0.021782804280519485
4,6,12,3,0.11855209618806839
4,6,12,4,0.12057837098836899
4,6,12,5,0.4072858691215515
4,6,12,6,0.39797443151474
4,6,12,7,0.1813143789768219
4,6,12,8,0.49691295623779297
4,6,12,9,0.24975739419460297
4,6,12,10,0.34699979424476624
4,6,12,11,0.1505746990442276
4,6,12,12,0.16125454008579254
4,6,12,13,0.1505746990442276
4,6,12,14,0.15199171006679535
4,6,13,1,0.1689753234386444
4,6,13,2,0.021773722022771835
4,6,13,3,0.11854301393032074
4,6,13,4,0.12056928873062134
4,6,13,5,0.40727677941322327
4,6,13,6,0.39796534180641174
4,6,13,7,0.18130530416965485
4,6,13,8,0.4969038665294647
4,6,13,9,0.2497483193874359
4,6,13,10,0.346990704536438
4,6,13,11,0.15056562423706055
4,6,13,12,0.1612454652786255
4,6,13,13,0.15056562423706055
4,6,13,14,0.1519826352596283
4,6,14,1,0.16898080706596375
4,6,14,2,0.021779213100671768
4,6,14,3,0.11854850500822067
4,6,14,4,0.12057477980852127
4,6,14,5,0.407282292842865
4,6,14,6,0.39797085523605347
4,6,14,7,0.18131078779697418
4,6,14,8,0.49690937995910645
4,6,14,9,0.24975380301475525
4,6,14,10,0.3469962179660797
4,6,14,11,0.15057110786437988
4,6,14,12,0.16125094890594482
4,6,14,13,0.15057110786437988
4,6,14,14,0.15198811888694763
4,7,1,1,-0.00026004869141615927
4,7,1,2,-0.00026004869141615927
4,7,1,3,-0.00026004869141615927
4,7,1,4,-0.00026004869141615927
4,7,1,5,-0.00026004869141615927
4,7,1,6,-0.00026004869141615927
4,7,1,7,-0.00026004869141615927
4,7,1,8,-0.00026004869141615927
4,7,1,9,-0.00026004869141615927
4,7,1,10,-0.00026004869141615927
4,7,1,11,-0.00026004869141615927
4,7,1,12,-0.00026004869141615927
4,7,1,13,-0.00026004869141615927
4,7,1,14,-0.00026004869141615927
4,7,2,1,-0.00026004869141615927
4,7,2,2,-0.00026004869141615927
4,7,2,3,-0.00026004869141615927
4,7,2,4,-0.00026004869141615927
4,7,2,5,-0.00026004869141615927
4,7,2,6,-0.00026004869141615927
4,7,2,7,-0.00026004869141615927
4,7,2,8,-0.00026004869141615927
4,7,2,9,-0.00026004869141615927
4,7,2,10,-0.00026004869141615927
4,7,2,11,-0.00026004869141615927
4,7,2,12,-0.00026004869141615927
4,7,2,13,-0.00026004869141615927
4,7,2,14,-0.00026004869141615927
4,7,3,1,-0.00026004869141615927
4,7,3,2,-0.00026004869141615927
4,7,3,3,-0.00026004869141615927
4,7,3,4,-0.00026004869141615927
4,7,3,5,-0.00026004869141615927
4,7,3,6,-0.00026004869141615927
4,7,3,7,-0.00026004869141615927
4,7,3,8,-0.00026004869141615927
4,7,3,9,-0.00026004869141615927
4,7,3,10,-0.00026004869141615927
4,7,3,11,-0.00026004869141615927
4,7,3,12,-0.00026004869141615927
4,7,3,13,-0.00026004869141615927
4,7,3,14,-0.00026004869141615927
4,7,4,1,-0.00026004869141615927
4,7,4,2,-0.00026004869141615927
4,7,4,3,-0.00026004869141615927
4,7,4,4,-0.00026004869141615927
4,7,4,5,-0.00026004869141615927
4,7,4,6,-0.00026004869141615927
4,7,4,7,-0.00026004869141615927
4,7,4,8,-0.00026004869141615927
4,7,4,9,-0.00026004869141615927
4,7,4,10,-0.00026004869141615927
4,7,4,11,-0.00026004869141615927
4,7,4,12,-0.00026004869141615927
4,7,4,13,-0.00026004869141615927
4,7,4,14,-0.00026004869141615927
4,7,5,1,-0.00026004869141615927
4,7,5,2,-0.00026004869141615927
4,7,5,3,-0.00026004869141615927
4,7,5,4,-0.00026004869141615927
4,7,5,5,-0.00026004869141615927
4,7,5,6,-0.00026004869141615927
4,7,5,7,-0.00026004869141615927
4,7,5,8,-0.00026004869141615927
4,7,5,9,-0.00026004869141615927
4,7,5,10,-0.00026004869141615927
4,7,5,11,-0.00026004869141615927
4,7,5,12,-0.00026004869141615927
4,7,5,13,-0.00026004869141615927
4,7,5,14,-0.00026004869141615927
4,7,6,1,-0.00026004869141615927
4,7,6,2,-0.00026004869141615927
4,7,6,3,-0.00026004869141615927
4,7,6,4,-0.00026004869141615927
4,7,6,5,-0.00026004869141615927
4,7,6,6,-0.00026004869141615927
4,7,6,7,-0.00026004869141615927
4,7,6,8,-0.00026004869141615927
4,7,6,9,-0.00026004869141615927
4,7,6,10,-0.00026004869141615927
4,7,6,11,-0.00026004869141615927
4,7,6,12,-0.00026004869141615927
4,7,6,13,-0.00026004869141615927
4,7,6,14,-0.00026004869141615927
4,7,7,1,-0.00026004869141615927
4,7,7,2,-0.00026004869141615927
4,7,7,3,-0.00026004869141615927
4,7,7,4,-0.00026004869141615927
4,7,7,5,-0.00026004869141615927
4,7,7,6,-0.00026004869141615927
4,7,7,7,-0.00026004869141615927
4,7,7,8,-0.00026004869141615927
4,7,7,9,-0.00026004869141615927
4,7,7,10,-0.00026004869141615927
4,7,7,11,-0.00026004869141615927
4,7,7,12,-0.00026004869141615927
4,7,7,13,-0.00026004869141615927
4,7,7,14,-0.00026004869141615927
4,7,8,1,-0.00026004869141615927
4,7,8,2,-0.00026004869141615927
4,7,8,3,-0.00026004869141615927
4,7,8,4,-0.00026004869141615927
4,7,8,5,-0.00026004869141615927
4,7,8,6,-0.00026004869141615927
4,7,8,7,-0.00026004869141615927
4,7,8,8,-0.00026004869141615927
4,7,8,9,-0.00026004869141615927
4,7,8,10,-0.00026004869141615927
4,7,8,11,-0.00026004869141615927
4,7,8,12,-0.00026004869141615927
4,7,8,13,-0.00026004869141615927
4,7,8,14,-0.00026004869141615927
4,7,9,1,-0.00026004869141615927
4,7,9,2,-0.00026004869141615927
4,7,9,3,-0.00026004869141615927
4,7,9,4,-0.00026004869141615927
4,7,9,5,-0.00026004869141615927
4,7,9,6,-0.00026004869141615927
4,7,9,7,-0.00026004869141615927
4,7,9,8,-0.00026004869141615927
4,7,9,9,-0.00026004869141615927
4,7,9,10,-0.00026004869141615927
4,7,9,11,-0.00026004869141615927
4,7,9,12,-0.00026004869141615927
4,7,9,13,-0.00026004869141615927
4,7,9,14,-0.00026004869141615927
4,7,10,1,-0.00026004869141615927
4,7,10,2,-0.00026004869141615927
4,7,10,3,-0.00026004869141615927
4,7,10,4,-0.00026004869141615927
4,7,10,5,-0.00026004869141615927
4,7,10,6,-0.00026004869141615927
4,7,10,7,-0.00026004869141615927
4,7,10,8,-0.00026004869141615927
4,7,10,9,-0.00026004869141615927
4,7,10,10,-0.00026004869141615927
4,7,10,11,-0.00026004869141615927
4,7,10,12,-0.00026004869141615927
4,7,10,13,-0.00026004869141615927
4,7,10,14,-0.00026004869141615927
4,7,11,1,-0.00026004869141615927
4,7,11,2,-0.00026004869141615927
4,7,11,3,-0.00026004869141615927
4,7,11,4,-0.00026004869141615927
4,7,11,5,-0.00026004869141615927
4,7,11,6,-0.00026004869141615927
4,7,11,7,-0.00026004869141615927
4,7,11,8,-0.00026004869141615927
4,7,11,9,-0.00026004869141615927
4,7,11,10,-0.00026004869141615927
4,7,11,11,-0.00026004869141615927
4,7,11,12,-0.00026004869141615927
4,7,11,13,-0.00026004869141615927
4,7,11,14,-0.00026004869141615927
4,7,12,1,-0.00026004869141615927
4,7,12,2,-0.00026004869141615927
4,7,12,3,-0.00026004869141615927
4,7,12,4,-0.00026004869141615927
4,7,12,5,-0.00026004869141615927
4,7,12,6,-0.00026004869141615927
4,7,12,7,-0.00026004869141615927
4,7,12,8,-0.00026004869141615927
4,7,12,9,-0.00026004869141615927
4,7,12,10,-0.00026004869141615927
4,7,12,11,-0.00026004869141615927
4,7,12,12,-0.00026004869141615927
4,7,12,13,-0.00026004869141615927
4,7,12,14,-0.00026004869141615927
4,7,13,1,-0.00026004869141615927
4,7,13,2,-0.00026004869141615927
4,7,13,3,-0.00026004869141615927
4,7,13,4,-0.00026004869141615927
4,7,13,5,-0.00026004869141615927
4,7,13,6,-0.00026004869141615927
4,7,13,7,-0.00026004869141615927
4,7,13,8,-0.00026004869141615927
4,7,13,9,-0.00026004869141615927
4,7,13,10,-0.00026004869141615927
4,7,13,11,-0.00026004869141615927
4,7,13,12,-0.00026004869141615927
4,7,13,13,-0.00026004869141615927
4,7,13,14,-0.00026004869141615927
4,7,14,1,-0.00026004869141615927
4,7,14,2,-0.00026004869141615927
4,7,14,3,-0.00026004869141615927
4,7,14,4,-0.00026004869141615927
4,7,14,5,-0.00026004869141615927
4,7,14,6,-0.00026004869141615927
4,7,14,7,-0.00026004869141615927
4,7,14,8,-0.00026004869141615927
4,7,14,9,-0.00026004869141615927
4,7,14,10,-0.00026004869141615927
4,7,14,11,-0.00026004869141615927
4,7,14,12,-0.00026004869141615927
4,7,14,13,-0.00026004869141615927
4,7,14,14,-0.00026004869141615927
5,6,1,1,2.5907912254333496
5,6,1,2,3.392310380935669
5,6,1,3,3.420088291168213
5,6,1,4,3.2682507038116455
5,6,1,5,4.5050835609436035
5,6,1,6,4.363214015960693
5,6,1,7,1.2488418817520142
5,6,1,8,4.988307476043701
5,6,1,9,4.1635613441467285
5,6,1,10,4.165006160736084
5,6,1,11,5.111283779144287
5,6,1,12,4.161087989807129
5,6,1,13,5.250632286071777
5,6,1,14,5.043625831604004
5,6,2,1,2.570796489715576
5,6,2,2,3.36802339553833
5,6,2,3,3.375035285949707
5,6,2,4,3.2231976985931396
5,6,2,5,4.459071636199951
5,6,2,6,4.317471504211426
5,6,2,7,1.195497989654541
5,6,2,8,4.948078632354736
5,6,2,9,4.118704319000244
5,6,2,10,4.1201491355896
5,6,2,11,5.064894199371338
5,6,2,12,4.1162309646606445
5,6,2,13,5.204242706298828
5,6,2,14,4.997236251831055
5,6,3,1,2.5435774326324463
5,6,3,2,3.3408045768737793
5,6,3,3,3.3478164672851562
5,6,3,4,3.195978879928589
5,6,3,5,4.431853294372559
5,6,3,6,4.290252685546875
5,6,3,7,1.1682792901992798
5,6,3,8,4.9208598136901855
5,6,3,9,4.091485500335693
5,6,3,10,4.092930316925049
5,6,3,11,5.037675380706787
5,6,3,12,4.0890116691589355
5,6,3,13,5.177023887634277
5,6,3,14,4.970017433166504
5,6,4,1,2.5466880798339844
5,6,4,2,3.3439152240753174
5,6,4,3,3.3509271144866943
5,6,4,4,3.199089527130127
5,6,4,5,4.434963703155518
5,6,4,6,4.293363094329834
5,6,4,7,1.1713898181915283
5,6,4,8,4.9239702224731445
5,6,4,9,4.094595909118652
5,6,4,10,4.096040725708008
5,6,4,11,5.040785789489746
5,6,4,12,4.092122554779053
5,6,4,13,5.180134296417236
5,6,4,14,4.973127841949463
5,6,5,1,1.9434106349945068
5,6,5,2,2.8135459423065186
5,6,5,3,2.8118674755096436
5,6,5,4,2.660029888153076
5,6,5,5,3.870534896850586
5,6,5,6,3.728839159011841
5,6,5,7,0.6117222309112549
5,6,5,8,4.3599371910095215
5,6,5,9,3.53059983253479
5,6,5,10,3.5320448875427246
5,6,5,11,4.477194309234619
5,6,5,12,3.5281267166137695
5,6,5,13,4.616543292999268
5,6,5,14,4.409536361694336
5,6,6,1,2.065654754638672
5,6,6,2,2.891608476638794
5,6,6,3,2.9027936458587646
5,6,6,4,2.7509560585021973
5,6,6,5,3.9885611534118652
5,6,6,6,3.8468940258026123
5,6,6,7,0.7290579080581665
5,6,6,8,4.477989196777344
5,6,6,9,3.651643991470337
5,6,6,10,3.6530890464782715
5,6,6,11,4.598073482513428
5,6,6,12,3.6491706371307373
5,6,6,13,4.737422466278076
5,6,6,14,4.530416011810303
5,6,7,1,1.9476494789123535
5,6,7,2,2.7739295959472656
5,6,7,3,2.7851147651672363
5,6,7,4,2.633277177810669
5,6,7,5,3.870797634124756
5,6,7,6,3.729130506515503
5,6,7,7,0.611288845539093
5,6,7,8,4.360225677490234
5,6,7,9,3.5338690280914307
5,6,7,10,3.5353140830993652
5,6,7,11,4.480296611785889
5,6,7,12,3.531395673751831
5,6,7,13,4.619645595550537
5,6,7,14,4.412639141082764
5,6,8,1,2.342424154281616
5,6,8,2,3.117567539215088
5,6,8,3,3.143289089202881
5,6,8,4,2.9914515018463135
5,6,8,5,4.227646350860596
5,6,8,6,4.0860185623168945
5,6,8,7,0.9662516117095947
5,6,8,8,4.716536998748779
5,6,8,9,3.8892881870269775
5,6,8,10,3.890732526779175
5,6,8,11,4.835659027099609
5,6,8,12,3.886814832687378
5,6,8,13,4.975008010864258
5,6,8,14,4.768001556396484
5,6,9,1,2.300123929977417
5,6,9,2,3.0752711296081543
5,6,9,3,3.1009888648986816
5,6,9,4,2.9491512775421143
5,6,9,5,4.1853461265563965
5,6,9,6,4.043717861175537
5,6,9,7,0.9239513874053955
5,6,9,8,4.674237251281738
5,6,9,9,3.8469882011413574
5,6,9,10,3.8484323024749756
5,6,9,11,4.79335880279541
5,6,9,12,3.844514846801758
5,6,9,13,4.932708263397217
5,6,9,14,4.725701332092285
5,6,10,1,2.360304117202759
5,6,10,2,3.135441303253174
5,6,10,3,3.1611690521240234
5,6,10,4,3.009331464767456
5,6,10,5,4.2455267906188965
5,6,10,6,4.103898525238037
5,6,10,7,0.9841318130493164
5,6,10,8,4.73441743850708
5,6,10,9,3.9071686267852783
5,6,10,10,3.9086124897003174
5,6,10,11,4.85353946685791
5,6,10,12,3.9046952724456787
5,6,10,13,4.992888450622559
5,6,10,14,4.785881519317627
5,6,11,1,1.9716699123382568
5,6,11,2,2.764110565185547
5,6,11,3,2.7968556880950928
5,6,11,4,2.6450181007385254
5,6,11,5,3.8863179683685303
5,6,11,6,3.745001792907715
5,6,11,7,0.6227946877479553
5,6,11,8,4.375533103942871
5,6,11,9,3.5392649173736572
5,6,11,10,3.5407092571258545
5,6,11,11,4.486149787902832
5,6,11,12,3.5367918014526367
5,6,11,13,4.6254987716674805
5,6,11,14,4.418491840362549
5,6,12,1,2.332596778869629
5,6,12,2,3.107738971710205
5,6,12,3,3.1334617137908936
5,6,12,4,2.981624126434326
5,6,12,5,4.2178192138671875
5,6,12,6,4.076191425323486
5,6,12,7,0.956424355506897
5,6,12,8,4.706709861755371
5,6,12,9,3.8794610500335693
5,6,12,10,3.880905866622925
5,6,12,11,4.825831890106201
5,6,12,12,3.876988172531128
5,6,12,13,4.96518087387085
5,6,12,14,4.758174419403076
5,6,13,1,2.500715494155884
5,6,13,2,3.28133487701416
5,6,13,3,3.300550699234009
5,6,13,4,3.1487131118774414
5,6,13,5,4.385498523712158
5,6,13,6,4.243865489959717
5,6,13,7,1.1242427825927734
5,6,13,8,4.874623775482178
5,6,13,9,4.049369812011719
5,6,13,10,4.050814628601074
5,6,13,11,4.9956536293029785
5,6,13,12,4.046896457672119
5,6,13,13,5.135003089904785
5,6,13,14,4.9279961585998535
5,6,14,1,2.4964635372161865
5,6,14,2,3.277082920074463
5,6,14,3,3.2962987422943115
5,6,14,4,3.144461154937744
5,6,14,5,4.381247043609619
5,6,14,6,4.239614009857178
5,6,14,7,1.1199910640716553
5,6,14,8,4.870372295379639
5,6,14,9,4.0451178550720215
5,6,14,10,4.046562671661377
5,6,14,11,4.9914021492004395
5,6,14,12,4.042644500732422
5,6,14,13,5.130751609802246
5,6,14,14,4.9237446784973145
5,7,1,1,0.11970888823270798
5,7,1,2,0.1391226053237915
5,7,1,3,0.1391226053237915
5,7,1,4,0.1391226053237915
5,7,1,5,0.179997056722641
5,7,1,6,-0.05733566731214523
5,7,1,7,0.20549383759498596
5,7,1,8,0.14905598759651184
5,7,1,9,0.14905598759651184
5,7,1,10,0.14905598759651184
5,7,1,11,0.14905598759651184
5,7,1,12,0.14905598759651184
5,7,1,13,0.14905598759651184
5,7,1,14,0.17899362742900848
5,7,2,1,0.26800310611724854
5,7,2,2,0.28741446137428284
5,7,2,3,0.28741446137428284
5,7,2,4,0.28741446137428284
5,7,2,5,0.3267279267311096
5,7,2,6,0.09521456062793732
5,7,2,7,0.35079634189605713
5,7,2,8,0.2973595857620239
5,7,2,9,0.2973595857620239
5,7,2,10,0.2973595857620239
5,7,2,11,0.2973595857620239
5,7,2,12,0.2973595857620239
5,7,2,13,0.2973595857620239
5,7,2,14,0.32728585600852966
5,7,3,1,0.26800453662872314
5,7,3,2,0.28741592168807983
5,7,3,3,0.28741592168807983
5,7,3,4,0.28741592168807983
5,7,3,5,0.32672935724258423
5,7,3,6,0.09521600604057312
5,7,3,7,0.35079777240753174
5,7,3,8,0.2973610460758209
5,7,3,9,0.2973610460758209
5,7,3,10,0.2973610460758209
5,7,3,11,0.2973610460758209
5,7,3,12,0.2973610460758209
5,7,3,13,0.2973610460758209
5,7,3,14,0.32728731632232666
5,7,4,1,0.2699812054634094
5,7,4,2,0.2893925607204437
5,7,4,3,0.2893925607204437
5,7,4,4,0.2893925607204437
5,7,4,5,0.3287060260772705
5,7,4,6,0.0971926674246788
5,7,4,7,0.352774441242218
5,7,4,8,0.2993376851081848
5,7,4,9,0.2993376851081848
5,7,4,10,0.2993376851081848
5,7,4,11,0.2993376851081848
5,7,4,12,0.2993376851081848
5,7,4,13,0.2993376851081848
5,7,4,14,0.32926398515701294
5,7,5,1,-0.21172422170639038
5,7,5,2,-0.13796505331993103
5,7,5,3,-0.13796523213386536
5,7,5,4,-0.13796505331993103
5,7,5,5,-0.2089710831642151
5,7,5,6,-0.4249626696109772
5,7,5,7,-0.220508873462677
5,7,5,8,-0.15732145309448242
5,7,5,9,-0.15731704235076904
5,7,5,10,-0.1573253870010376
5,7,5,11,-0.15732020139694214
5,7,5,12,-0.15731704235076904
5,7,5,13,-0.15731704235076904
5,7,5,14,-0.12800854444503784
5,7,6,1,-0.1886804699897766
5,7,6,2,-0.1493898332118988
5,7,6,3,-0.1493898332118988
5,7,6,4,-0.1493898332118988
5,7,6,5,-0.17828288674354553
5,7,6,6,-0.436458021402359
5,7,6,7,-0.14387598633766174
5,7,6,8,-0.1385478675365448
5,7,6,9,-0.1385478675365448
5,7,6,10,-0.1385478675365448
5,7,6,11,-0.1385478675365448
5,7,6,12,-0.1385478675365448
5,7,6,13,-0.1385478675365448
5,7,6,14,-0.10889080166816711
5,7,7,1,-0.40324777364730835
5,7,7,2,-0.36395958065986633
5,7,7,3,-0.36395958065986633
5,7,7,4,-0.36395958065986633
5,7,7,5,-0.38803356885910034
5,7,7,6,-0.6493759155273438
5,7,7,7,-0.35858917236328125
5,7,7,8,-0.3531166911125183
5,7,7,9,-0.3531166911125183
5,7,7,10,-0.3531166911125183
5,7,7,11,-0.3531166911125183
5,7,7,12,-0.3531166911125183
5,7,7,13,-0.3531166911125183
5,7,7,14,-0.32345929741859436
5,7,8,1,0.2492944896221161
5,7,8,2,0.2687080502510071
5,7,8,3,0.2687080502510071
5,7,8,4,0.2687080502510071
5,7,8,5,0.3083168864250183
5,7,8,6,0.07362212985754013
5,7,8,7,0.33192092180252075
5,7,8,8,0.2786475718021393
5,7,8,9,0.2786475718021393
5,7,8,10,0.2786475718021393
5,7,8,11,0.2786475718021393
5,7,8,12,0.2786475718021393
5,7,8,13,0.2786475718021393
5,7,8,14,0.30857670307159424
5,7,9,1,0.2493700385093689
5,7,9,2,0.2687835991382599
5,7,9,3,0.2687835991382599
5,7,9,4,0.2687835991382599
5,7,9,5,0.3083924353122711
5,7,9,6,0.07369767129421234
5,7,9,7,0.33199650049209595
5,7,9,8,0.2787231206893921
5,7,9,9,0.2787231206893921
5,7,9,10,0.2787231206893921
5,7,9,11,0.2787231206893921
5,7,9,12,0.2787231206893921
5,7,9,13,0.2787231206893921
5,7,9,14,0.30865225195884705
5,7,10,1,0.2493697702884674
5,7,10,2,0.2687833309173584
5,7,10,3,0.2687833309173584
5,7,10,4,0.2687833309173584
5,7,10,5,0.30839216709136963
5,7,10,6,0.07369740307331085
5,7,10,7,0.33199620246887207
5,7,10,8,0.2787228524684906
5,7,10,9,0.2787228524684906
5,7,10,10,0.2787228524684906
5,7,10,11,0.2787228524684906
5,7,10,12,0.2787228524684906
5,7,10,13,0.2787228524684906
5,7,10,14,0.30865198373794556
5,7,11,1,2.3567616939544678
5,7,11,2,2.3854081630706787
5,7,11,3,2.3854081630706787
5,7,11,4,2.3854081630706787
5,7,11,5,2.3474655151367188
5,7,11,6,2.162851333618164
5,7,11,7,2.4670233726501465
5,7,11,8,2.39401912689209
5,7,11,9,2.39401912689209
5,7,11,10,2.39401912689209
5,7,11,11,2.39401912689209
5,7,11,12,2.39401912689209
5,7,11,13,2.39401912689209
5,7,11,14,2.4295129776000977
5,7,12,1,0.24937361478805542
5,7,12,2,0.2687871754169464
5,7,12,3,0.2687871754169464
5,7,12,4,0.2687871754169464
5,7,12,5,0.30839601159095764
5,7,12,6,0.07370124757289886
5,7,12,7,0.33200007677078247
5,7,12,8,0.2787266969680786
5,7,12,9,0.2787266969680786
5,7,12,10,0.2787266969680786
5,7,12,11,0.2787266969680786
5,7,12,12,0.2787266969680786
5,7,12,13,0.2787266969680786
5,7,12,14,0.30865582823753357
5,7,13,1,0.16612212359905243
5,7,13,2,0.18553349375724792
5,7,13,3,0.18553349375724792
5,7,13,4,0.18553349375724792
5,7,13,5,0.22457462549209595
5,7,13,6,-0.02168310433626175
5,7,13,7,0.2498592883348465
5,7,13,8,0.19547460973262787
5,7,13,9,0.19547460973262787
5,7,13,10,0.19547460973262787
5,7,13,11,0.19547460973262787
5,7,13,12,0.19547460973262787
5,7,13,13,0.19547460973262787
5,7,13,14,0.22540459036827087
5,7,14,1,0.16055640578269958
5,7,14,2,0.1799677461385727
5,7,14,3,0.1799677461385727
5,7,14,4,0.1799677461385727
5,7,14,5,0.21900887787342072
5,7,14,6,-0.027248848229646683
5,7,14,7,0.24429354071617126
5,7,14,8,0.18990889191627502
5,7,14,9,0.18990889191627502
5,7,14,10,0.18990889191627502
5,7,14,11,0.18990889191627502
5,7,14,12,0.18990889191627502
5,7,14,13,0.18990889191627502
5,7,14,14,0.21983885765075684
6,7,1,1,2.609008550643921
6,7,1,2,2.6502599716186523
6,7,1,3,2.760334014892578
6,7,1,4,2.696714401245117
6,7,1,5,1.878337025642395
6,7,1,6,1.9127051830291748
6,7,1,7,1.8051650524139404
6,7,1,8,3.4767444133758545
6,7,1,9,3.4667506217956543
6,7,1,10,3.5182180404663086
6,7,1,11,3.5845463275909424
6,7,1,12,3.641580581665039
6,7,1,13,3.543936014175415
6,7,1,14,3.4170925617218018
6,7,2,1,5.608321189880371
6,7,2,2,5.58379602432251
6,7,2,3,5.6938700675964355
6,7,2,4,5.630249977111816
6,7,2,5,4.8994460105896
6,7,2,6,5.006763458251953
6,7,2,7,4.829595565795898
6,7,2,8,6.390007019042969
6,7,2,9,6.3800129890441895
6,7,2,10,6.431425094604492
6,7,2,11,6.49772310256958
6,7,2,12,6.5548095703125
6,7,2,13,6.457198619842529
6,7,2,14,6.3153910636901855
6,7,3,1,5.592219829559326
6,7,3,2,5.567694664001465
6,7,3,3,5.677768707275391
6,7,3,4,5.61414909362793
6,7,3,5,4.883344650268555
6,7,3,6,4.987325668334961
6,7,3,7,4.8134942054748535
6,7,3,8,6.373905658721924
6,7,3,9,6.3639116287231445
6,7,3,10,6.415323257446289
6,7,3,11,6.481621742248535
6,7,3,12,6.538708686828613
6,7,3,13,6.441097259521484
6,7,3,14,6.299289703369141
6,7,4,1,5.602349281311035
6,7,4,2,5.577824115753174
6,7,4,3,5.6878981590271
6,7,4,4,5.6242780685424805
6,7,4,5,4.893474102020264
6,7,4,6,5.001219749450684
6,7,4,7,4.8236236572265625
6,7,4,8,6.384033679962158
6,7,4,9,6.374039649963379
6,7,4,10,6.425451755523682
6,7,4,11,6.4917497634887695
6,7,4,12,6.548836708068848
6,7,4,13,6.451225280761719
6,7,4,14,6.30941915512085
6,7,5,1,2.3191475868225098
6,7,5,2,2.2730062007904053
6,7,5,3,2.383080244064331
6,7,5,4,2.319460391998291
6,7,5,5,1.6268861293792725
6,7,5,6,1.7042003870010376
6,7,5,7,1.5573859214782715
6,7,5,8,3.093029737472534
6,7,5,9,3.083035707473755
6,7,5,10,3.1344399452209473
6,7,5,11,3.200737237930298
6,7,5,12,3.2578282356262207
6,7,5,13,3.160221576690674
6,7,5,14,3.030158758163452
6,7,6,1,2.3249521255493164
6,7,6,2,2.278810501098633
6,7,6,3,2.3888845443725586
6,7,6,4,2.3252644538879395
6,7,6,5,1.6326904296875
6,7,6,6,1.7163481712341309
6,7,6,7,1.563190221786499
6,7,6,8,3.0988340377807617
6,7,6,9,3.0888400077819824
6,7,6,10,3.140244245529175
6,7,6,11,3.2065415382385254
6,7,6,12,3.2636325359344482
6,7,6,13,3.1660256385803223
6,7,6,14,3.0359630584716797
6,7,7,1,2.6210989952087402
6,7,7,2,2.664742946624756
6,7,7,3,2.7748169898986816
6,7,7,4,2.711195945739746
6,7,7,5,1.997119426727295
6,7,7,6,1.9851186275482178
6,7,7,7,1.9080023765563965
6,7,7,8,3.4602437019348145
6,7,7,9,3.4502499103546143
6,7,7,10,3.5017199516296387
6,7,7,11,3.568068504333496
6,7,7,12,3.625080108642578
6,7,7,13,3.527435541152954
6,7,7,14,3.507476329803467
6,7,8,1,2.2829933166503906
6,7,8,2,2.236851692199707
6,7,8,3,2.346925735473633
6,7,8,4,2.2833058834075928
6,7,8,5,1.5907318592071533
6,7,8,6,1.666385293006897
6,7,8,7,1.5212314128875732
6,7,8,8,3.056875228881836
6,7,8,9,3.0468811988830566
6,7,8,10,3.098285436630249
6,7,8,11,3.1645827293395996
6,7,8,12,3.2216737270355225
6,7,8,13,3.1240668296813965
6,7,8,14,2.994004249572754
6,7,9,1,3.333815336227417
6,7,9,2,3.2759573459625244
6,7,9,3,3.38603138923645
6,7,9,4,3.3224117755889893
6,7,9,5,2.6590890884399414
6,7,9,6,2.638364553451538
6,7,9,7,2.5803723335266113
6,7,9,8,4.103702068328857
6,7,9,9,4.093708038330078
6,7,9,10,4.145142555236816
6,7,9,11,4.211448669433594
6,7,9,12,4.268520355224609
6,7,9,13,4.170893669128418
6,7,9,14,4.049849987030029
6,7,10,1,3.287666082382202
6,7,10,2,3.229801893234253
6,7,10,3,3.3398759365081787
6,7,10,4,3.2762563228607178
6,7,10,5,2.612907886505127
6,7,10,6,2.5921835899353027
6,7,10,7,2.534191370010376
6,7,10,8,4.057612895965576
6,7,10,9,4.047618865966797
6,7,10,10,4.099053382873535
6,7,10,11,4.165359973907471
6,7,10,12,4.222431182861328
6,7,10,13,4.124804496765137
6,7,10,14,4.003711700439453
6,7,11,1,3.2637336254119873
6,7,11,2,3.2057719230651855
6,7,11,3,3.3158459663391113
6,7,11,4,3.2522263526916504
6,7,11,5,2.5891683101654053
6,7,11,6,2.514728546142578
6,7,11,7,2.5105504989624023
6,7,11,8,4.033337593078613
6,7,11,9,4.023344039916992
6,7,11,10,4.074764251708984
6,7,11,11,4.141066074371338
6,7,11,12,4.198147296905518
6,7,11,13,4.100529670715332
6,7,11,14,3.979498863220215
6,7,12,1,3.432168483734131
6,7,12,2,3.3743135929107666
6,7,12,3,3.4843873977661133
6,7,12,4,3.4207680225372314
6,7,12,5,2.757444143295288
6,7,12,6,2.7367196083068848
6,7,12,7,2.678727626800537
6,7,12,8,4.202060222625732
6,7,12,9,4.192066192626953
6,7,12,10,4.243500709533691
6,7,12,11,4.309806823730469
6,7,12,12,4.366878509521484
6,7,12,13,4.269251823425293
6,7,12,14,4.148205757141113
6,7,13,1,3.2622690200805664
6,7,13,2,3.2043650150299072
6,7,13,3,3.314438819885254
6,7,13,4,3.250819206237793
6,7,13,5,2.587709665298462
6,7,13,6,2.5124025344848633
6,7,13,7,2.50909161567688
6,7,13,8,4.032050132751465
6,7,13,9,4.0220561027526855
6,7,13,10,4.073476314544678
6,7,13,11,4.139778137207031
6,7,13,12,4.196859359741211
6,7,13,13,4.099241733551025
6,7,13,14,3.978093147277832
6,7,14,1,3.2611141204833984
6,7,14,2,3.2031660079956055
6,7,14,3,3.3132400512695312
6,7,14,4,3.2496204376220703
6,7,14,5,2.5865535736083984
6,7,14,6,2.5418875217437744
6,7,14,7,2.5079355239868164
6,7,14,8,4.030752658843994
6,7,14,9,4.020758628845215
6,7,14,10,4.072178840637207
6,7,14,11,4.1384806632995605
6,7,14,12,4.19556188583374
6,7,14,13,4.097944259643555
6,7,14,14,3.976889133453369
