res i,res j,rot A_i,rot B_j,E_ij
1,2,1,1,-0.9130054116249084
1,2,1,2,-0.745276927947998
1,2,1,3,-1.4321331977844238
1,2,1,4,-1.2903165817260742
1,2,1,5,-1.166056752204895
1,2,1,6,-0.8729093074798584
1,2,1,7,-1.21164870262146
1,2,1,8,-0.902613639831543
1,2,1,9,-0.8628926277160645
1,2,1,10,-0.862987220287323
1,2,1,11,-0.6281675100326538
1,2,1,12,-0.6746581196784973
1,2,1,13,-0.5942949056625366
1,2,1,14,-1.5467088222503662
1,2,1,15,-0.5608491897583008
1,2,1,16,-0.03230033814907074
1,2,1,17,-1.302135705947876
1,2,1,18,-0.6474683284759521
1,2,1,19,-0.51304030418396
1,2,1,20,-1.3050388097763062
1,2,2,1,-0.8699990510940552
1,2,2,2,-0.6974849700927734
1,2,2,3,-1.3905211687088013
1,2,2,4,-1.2487046718597412
1,2,2,5,-1.1244733333587646
1,2,2,6,-0.8313214778900146
1,2,2,7,-1.17006516456604
1,2,2,8,-0.8610357046127319
1,2,2,9,-0.8213147521018982
1,2,2,10,-0.8214093446731567
1,2,2,11,-0.586530327796936
1,2,2,12,-0.6330599784851074
1,2,2,13,-0.552696704864502
1,2,2,14,-1.504246711730957
1,2,2,15,-0.5192509293556213
1,2,2,16,0.009331881999969482
1,2,2,17,-1.2567713260650635
1,2,2,18,-0.6058701276779175
1,2,2,19,-0.4714420437812805
1,2,2,20,-1.263431429862976
1,2,3,1,-0.8481472730636597
1,2,3,2,-0.6756331920623779
1,2,3,3,-1.3686692714691162
1,2,3,4,-1.2268528938293457
1,2,3,5,-1.1026214361190796
1,2,3,6,-0.8094696998596191
1,2,3,7,-1.148213267326355
1,2,3,8,-0.8391839265823364
1,2,3,9,-0.7994629144668579
1,2,3,10,-0.7995575070381165
1,2,3,11,-0.5646785497665405
1,2,3,12,-0.6112081408500671
1,2,3,13,-0.5308448672294617
1,2,3,14,-1.482394814491272
1,2,3,15,-0.49739909172058105
1,2,3,16,0.031183704733848572
1,2,3,17,-1.234919548034668
1,2,3,18,-0.584018349647522
1,2,3,19,-0.44959020614624023
1,2,3,20,-1.241579532623291
1,2,4,1,-0.8727227449417114
1,2,4,2,-0.7002086639404297
1,2,4,3,-1.3932448625564575
1,2,4,4,-1.2514283657073975
1,2,4,5,-1.1271969079971313
1,2,4,6,-0.8340451717376709
1,2,4,7,-1.1727887392044067
1,2,4,8,-0.8637593984603882
1,2,4,9,-0.8240383863449097
1,2,4,10,-0.8241329789161682
1,2,4,11,-0.5892540216445923
1,2,4,12,-0.6357836127281189
1,2,4,13,-0.5554203391075134
1,2,4,14,-1.5069702863693237
1,2,4,15,-0.5219746232032776
1,2,4,16,0.006608247756958008
1,2,4,17,-1.2594950199127197
1,2,4,18,-0.6085938215255737
1,2,4,19,-0.474165678024292
1,2,4,20,-1.2661550045013428
1,2,5,1,-1.2042670249938965
1,2,5,2,-1.0302342176437378
1,2,5,3,-1.7230045795440674
1,2,5,4,-1.5811882019042969
1,2,5,5,-1.4569332599639893
1,2,5,6,-1.161286473274231
1,2,5,7,-1.5025250911712646
1,2,5,8,-1.193485140800476
1,2,5,9,-1.1537641286849976
1,2,5,10,-1.1538586616516113
1,2,5,11,-0.9189712405204773
1,2,5,12,-0.9654465913772583
1,2,5,13,-0.8850832581520081
1,2,5,14,-1.8374806642532349
1,2,5,15,-0.8516375422477722
1,2,5,16,-0.3231153190135956
1,2,5,17,-1.5891995429992676
1,2,5,18,-0.9382567405700684
1,2,5,19,-0.8038286566734314
1,2,5,20,-1.5958514213562012
1,2,6,1,-1.4379940032958984
1,2,6,2,-1.2492311000823975
1,2,6,3,-1.9460800886154175
1,2,6,4,-1.8042635917663574
1,2,6,5,-1.6794697046279907
1,2,6,6,-1.3838574886322021
1,2,6,7,-1.7250616550445557
1,2,6,8,-1.414942741394043
1,2,6,9,-1.3752217292785645
1,2,6,10,-1.3753162622451782
1,2,6,11,-1.153516173362732
1,2,6,12,-1.1982762813568115
1,2,6,13,-1.1179118156433105
1,2,6,14,-2.071669816970825
1,2,6,15,-1.0844578742980957
1,2,6,16,-0.5577082633972168
1,2,6,17,-1.8237688541412354
1,2,6,18,-1.1710772514343262
1,2,6,19,-1.0366489887237549
1,2,6,20,-1.8298968076705933
1,2,7,1,-1.1045318841934204
1,2,7,2,-0.9304996132850647
1,2,7,3,-1.623270034790039
1,2,7,4,-1.4814536571502686
1,2,7,5,-1.3572007417678833
1,2,7,6,-1.064223289489746
1,2,7,7,-1.4027925729751587
1,2,7,8,-1.0937507152557373
1,2,7,9,-1.0540297031402588
1,2,7,10,-1.054124355316162
1,2,7,11,-0.8192365169525146
1,2,7,12,-0.865714430809021
1,2,7,13,-0.7853512763977051
1,2,7,14,-1.7367113828659058
1,2,7,15,-0.7519054412841797
1,2,7,16,-0.22338061034679413
1,2,7,17,-1.4894649982452393
1,2,7,18,-0.8385246396064758
1,2,7,19,-0.7040965557098389
1,2,7,20,-1.496119499206543
1,2,8,1,-0.887139081954956
1,2,8,2,-0.720666229724884
1,2,8,3,-1.4078283309936523
1,2,8,4,-1.2660119533538818
1,2,8,5,-1.1417722702026367
1,2,8,6,-0.8486169576644897
1,2,8,7,-1.1873642206192017
1,2,8,8,-0.8783349990844727
1,2,8,9,-0.8386139869689941
1,2,8,10,-0.8387085199356079
1,2,8,11,-0.6038386821746826
1,2,8,12,-0.6503550410270691
1,2,8,13,-0.5699918270111084
1,2,8,14,-1.5215588808059692
1,2,8,15,-0.5365460515022278
1,2,8,16,-0.007969170808792114
1,2,8,17,-1.2742228507995605
1,2,8,18,-0.6231652498245239
1,2,8,19,-0.48873716592788696
1,2,8,20,-1.280730128288269
1,2,9,1,-0.899681568145752
1,2,9,2,-0.7332087755203247
1,2,9,3,-1.4203709363937378
1,2,9,4,-1.2785544395446777
1,2,9,5,-1.1543147563934326
1,2,9,6,-0.8611595034599304
1,2,9,7,-1.1999067068099976
1,2,9,8,-0.8908774852752686
1,2,9,9,-0.85115647315979
1,2,9,10,-0.8512510657310486
1,2,9,11,-0.6163812279701233
1,2,9,12,-0.6628975868225098
1,2,9,13,-0.5825343132019043
1,2,9,14,-1.5341013669967651
1,2,9,15,-0.5490885972976685
1,2,9,16,-0.020511716604232788
1,2,9,17,-1.286765456199646
1,2,9,18,-0.6357077360153198
1,2,9,19,-0.5012797117233276
1,2,9,20,-1.293272614479065
1,2,10,1,1.589990496635437
1,2,10,2,1.711850881576538
1,2,10,3,1.0401930809020996
1,2,10,4,1.1820096969604492
1,2,10,5,1.324378490447998
1,2,10,6,1.5318706035614014
1,2,10,7,1.28435480594635
1,2,10,8,1.5683703422546387
1,2,10,9,1.6080913543701172
1,2,10,10,1.6079968214035034
1,2,10,11,1.8796976804733276
1,2,10,12,1.8343714475631714
1,2,10,13,1.9147347211837769
1,2,10,14,1.3100014925003052
1,2,10,15,1.9481804370880127
1,2,10,16,2.4755375385284424
1,2,10,17,1.2122243642807007
1,2,10,18,1.8615612983703613
1,2,10,19,1.9959893226623535
1,2,10,20,1.2313346862792969
1,2,11,1,0.31617221236228943
1,2,11,2,0.4850926101207733
1,2,11,3,-0.20196658372879028
1,2,11,4,-0.06015002727508545
1,2,11,5,0.06412026286125183
1,2,11,6,0.3571220934391022
1,2,11,7,0.018528491258621216
1,2,11,8,0.32757166028022766
1,2,11,9,0.3672926723957062
1,2,11,10,0.3671981394290924
1,2,11,11,0.6020046472549438
1,2,11,12,0.5555480122566223
1,2,11,13,0.6359113454818726
1,2,11,14,-0.3146197199821472
1,2,11,15,0.6693570613861084
1,2,11,16,1.1978445053100586
1,2,11,17,-0.06840217113494873
1,2,11,18,0.5827378630638123
1,2,11,19,0.717166006565094
1,2,11,20,-0.07485973834991455
1,2,12,1,1.7303107976913452
1,2,12,2,1.843804121017456
1,2,12,3,1.171194314956665
1,2,12,4,1.3130123615264893
1,2,12,5,1.4466158151626587
1,2,12,6,1.6853876113891602
1,2,12,7,1.4018828868865967
1,2,12,8,1.6973347663879395
1,2,12,9,1.737055778503418
1,2,12,10,1.7369612455368042
1,2,12,11,2.0237412452697754
1,2,12,12,1.9719871282577515
1,2,12,13,2.0523505210876465
1,2,12,14,1.2839044332504272
1,2,12,15,2.0857961177825928
1,2,12,16,2.6207103729248047
1,2,12,17,1.3564953804016113
1,2,12,18,1.9991769790649414
1,2,12,19,2.1336050033569336
1,2,12,20,1.3674638271331787
1,2,13,1,0.9728211760520935
1,2,13,2,1.1413514614105225
1,2,13,3,0.4543437957763672
1,2,13,4,0.5961604118347168
1,2,13,5,0.7206029295921326
1,2,13,6,1.0118200778961182
1,2,13,7,0.6750158667564392
1,2,13,8,0.9834202527999878
1,2,13,9,1.0231412649154663
1,2,13,10,1.0230467319488525
1,2,13,11,1.2698874473571777
1,2,13,12,1.2228198051452637
1,2,13,13,1.3031830787658691
1,2,13,14,0.3616076111793518
1,2,13,15,1.3366286754608154
1,2,13,16,1.8658461570739746
1,2,13,17,0.5994853377342224
1,2,13,18,1.250009536743164
1,2,13,19,1.3844376802444458
1,2,13,20,0.5941278338432312
1,2,14,1,0.23383575677871704
1,2,14,2,0.4009964168071747
1,2,14,3,-0.28606218099594116
1,2,14,4,-0.14424562454223633
1,2,14,5,-0.019956529140472412
1,2,14,6,0.26646387577056885
1,2,14,7,-0.0655483603477478
1,2,14,8,0.2434794306755066
1,2,14,9,0.2832004427909851
1,2,14,10,0.28310585021972656
1,2,14,11,0.517910361289978
1,2,14,12,0.4714851677417755
1,2,14,13,0.5518485307693481
1,2,14,14,-0.3888193368911743
1,2,14,15,0.5852943062782288
1,2,14,16,1.1137501001358032
1,2,14,17,-0.15249651670455933
1,2,14,18,0.49867504835128784
1,2,14,19,0.6331031322479248
1,2,14,20,-0.1589224934577942
1,2,15,1,-0.9116377830505371
1,2,15,2,-0.7451651096343994
1,2,15,3,-1.432327151298523
1,2,15,4,-1.290510654449463
1,2,15,5,-1.1662709712982178
1,2,15,6,-0.8731157779693604
1,2,15,7,-1.2118629217147827
1,2,15,8,-0.9028337001800537
1,2,15,9,-0.8631126880645752
1,2,15,10,-0.8632072806358337
1,2,15,11,-0.6283374428749084
1,2,15,12,-0.6748539209365845
1,2,15,13,-0.5944905877113342
1,2,15,14,-1.5460575819015503
1,2,15,15,-0.5610448718070984
1,2,15,16,-0.03246799111366272
1,2,15,17,-1.2987216711044312
1,2,15,18,-0.6476640701293945
1,2,15,19,-0.5132359862327576
1,2,15,20,-1.3052289485931396
1,2,16,1,0.7667908668518066
1,2,16,2,0.9405313730239868
1,2,16,3,0.2541249096393585
1,2,16,4,0.39594146609306335
1,2,16,5,0.5232386589050293
1,2,16,6,0.7461869716644287
1,2,16,7,0.47769251465797424
1,2,16,8,0.7836459875106812
1,2,16,9,0.8233669996261597
1,2,16,10,0.8232724666595459
1,2,16,11,1.060156226158142
1,2,16,12,1.0164258480072021
1,2,16,13,1.0967892408370972
1,2,16,14,0.3750532865524292
1,2,16,15,1.130234956741333
1,2,16,16,1.6559960842132568
1,2,16,17,0.38976991176605225
1,2,16,18,1.043615698814392
1,2,16,19,1.1780438423156738
1,2,16,20,0.39867648482322693
1,2,17,1,-0.7986636161804199
1,2,17,2,-0.6258440017700195
1,2,17,3,-1.3171287775039673
1,2,17,4,-1.1753106117248535
1,2,17,5,-1.051059603691101
1,2,17,6,-0.7574310302734375
1,2,17,7,-1.0966488122940063
1,2,17,8,-0.7878121137619019
1,2,17,9,-0.7480911016464233
1,2,17,10,-0.7481856942176819
1,2,17,11,-0.514445424079895
1,2,17,12,-0.5607361793518066
1,2,17,13,-0.48037293553352356
1,2,17,14,-1.4330017566680908
1,2,17,15,-0.44692716002464294
1,2,17,16,0.08127578347921371
1,2,17,17,-1.1849666833877563
1,2,17,18,-0.5335463285446167
1,2,17,19,-0.39911824464797974
1,2,17,20,-1.1913790702819824
1,2,18,1,-0.7835878133773804
1,2,18,2,-0.6107682585716248
1,2,18,3,-1.3020529747009277
1,2,18,4,-1.1602346897125244
1,2,18,5,-1.0359838008880615
1,2,18,6,-0.742355227470398
1,2,18,7,-1.0815730094909668
1,2,18,8,-0.7727363109588623
1,2,18,9,-0.7330152988433838
1,2,18,10,-0.7331098914146423
1,2,18,11,-0.49936965107917786
1,2,18,12,-0.5456604361534119
1,2,18,13,-0.4652971625328064
1,2,18,14,-1.4179259538650513
1,2,18,15,-0.4318513870239258
1,2,18,16,0.09635159373283386
1,2,18,17,-1.1698908805847168
1,2,18,18,-0.5184705853462219
1,2,18,19,-0.3840424716472626
1,2,18,20,-1.1763033866882324
1,2,19,1,-0.8054722547531128
1,2,19,2,-0.6326526403427124
1,2,19,3,-1.3239374160766602
1,2,19,4,-1.1821191310882568
1,2,19,5,-1.057868242263794
1,2,19,6,-0.7642396092414856
1,2,19,7,-1.1034574508666992
1,2,19,8,-0.79462069272995
1,2,19,9,-0.7548997402191162
1,2,19,10,-0.7549943327903748
1,2,19,11,-0.5212540626525879
1,2,19,12,-0.5675448179244995
1,2,19,13,-0.48718154430389404
1,2,19,14,-1.4398102760314941
1,2,19,15,-0.4537357687950134
1,2,19,16,0.07446717470884323
1,2,19,17,-1.1917752027511597
1,2,19,18,-0.5403549671173096
1,2,19,19,-0.4059268832206726
1,2,19,20,-1.1981878280639648
1,2,20,1,-0.7385011911392212
1,2,20,2,-0.5681239366531372
1,2,20,3,-1.2592644691467285
1,2,20,4,-1.117448091506958
1,2,20,5,-0.9931938648223877
1,2,20,6,-0.700037956237793
1,2,20,7,-1.0387858152389526
1,2,20,8,-0.7297526001930237
1,2,20,9,-0.6900315880775452
1,2,20,10,-0.6901261806488037
1,2,20,11,-0.4552730917930603
1,2,20,12,-0.5017695426940918
1,2,20,13,-0.42140626907348633
1,2,20,14,-1.3730002641677856
1,2,20,15,-0.3879605531692505
1,2,20,16,0.14059512317180634
1,2,20,17,-1.1256831884384155
1,2,20,18,-0.47457972168922424
1,2,20,19,-0.3401516079902649
1,2,20,20,-1.1321499347686768
1,3,1,1,-0.08809419721364975
1,3,1,2,-0.0898917093873024
1,3,1,3,-0.08809419721364975
1,3,1,4,-0.08809419721364975
1,3,1,5,-0.08809419721364975
1,3,1,6,-0.08809419721364975
1,3,1,7,-0.08809419721364975
1,3,1,8,-0.08813381940126419
1,3,1,9,-0.08809419721364975
1,3,1,10,-0.08809419721364975
1,3,1,11,-0.08809419721364975
1,3,1,12,-0.08809419721364975
1,3,1,13,-0.08809419721364975
1,3,1,14,-0.08885544538497925
1,3,1,15,-0.07682877779006958
1,3,1,16,-0.08885544538497925
1,3,1,17,-0.08885544538497925
1,3,1,18,-0.08948597311973572
1,3,1,19,-0.08910304307937622
1,3,1,20,-0.08885544538497925
1,3,2,1,-0.0883072018623352
1,3,2,2,-0.09010565280914307
1,3,2,3,-0.0883072018623352
1,3,2,4,-0.0883072018623352
1,3,2,5,-0.0883072018623352
1,3,2,6,-0.0883072018623352
1,3,2,7,-0.0883072018623352
1,3,2,8,-0.08839432895183563
1,3,2,9,-0.0883072018623352
1,3,2,10,-0.0883072018623352
1,3,2,11,-0.0883072018623352
1,3,2,12,-0.0883072018623352
1,3,2,13,-0.0883072018623352
1,3,2,14,-0.0890684500336647
1,3,2,15,-0.07704177498817444
1,3,2,16,-0.0890684500336647
1,3,2,17,-0.0890684500336647
1,3,2,18,-0.08981507271528244
1,3,2,19,-0.08931852877140045
1,3,2,20,-0.0890684500336647
1,3,3,1,-0.0883072018623352
1,3,3,2,-0.09010565280914307
1,3,3,3,-0.0883072018623352
1,3,3,4,-0.0883072018623352
1,3,3,5,-0.0883072018623352
1,3,3,6,-0.0883072018623352
1,3,3,7,-0.0883072018623352
1,3,3,8,-0.08839432895183563
1,3,3,9,-0.0883072018623352
1,3,3,10,-0.0883072018623352
1,3,3,11,-0.0883072018623352
1,3,3,12,-0.0883072018623352
1,3,3,13,-0.0883072018623352
1,3,3,14,-0.0890684500336647
1,3,3,15,-0.07704177498817444
1,3,3,16,-0.0890684500336647
1,3,3,17,-0.0890684500336647
1,3,3,18,-0.08981507271528244
1,3,3,19,-0.08931852877140045
1,3,3,20,-0.0890684500336647
1,3,4,1,-0.0883072018623352
1,3,4,2,-0.09010565280914307
1,3,4,3,-0.0883072018623352
1,3,4,4,-0.0883072018623352
1,3,4,5,-0.0883072018623352
1,3,4,6,-0.0883072018623352
1,3,4,7,-0.0883072018623352
1,3,4,8,-0.08839432895183563
1,3,4,9,-0.0883072018623352
1,3,4,10,-0.0883072018623352
1,3,4,11,-0.0883072018623352
1,3,4,12,-0.0883072018623352
1,3,4,13,-0.0883072018623352
1,3,4,14,-0.0890684500336647
1,3,4,15,-0.07704177498817444
1,3,4,16,-0.0890684500336647
1,3,4,17,-0.0890684500336647
1,3,4,18,-0.08981507271528244
1,3,4,19,-0.08931852877140045
1,3,4,20,-0.0890684500336647
1,3,5,1,-0.0918746143579483
1,3,5,2,-0.0940142273902893
1,3,5,3,-0.0918746143579483
1,3,5,4,-0.0918746143579483
1,3,5,5,-0.0918746143579483
1,3,5,6,-0.0918746143579483
1,3,5,7,-0.0918746143579483
1,3,5,8,-0.08861736208200455
1,3,5,9,-0.09191173315048218
1,3,5,10,-0.0918746143579483
1,3,5,11,-0.0918746143579483
1,3,5,12,-0.0918746143579483
1,3,5,13,-0.0918746143579483
1,3,5,14,-0.09381629526615143
1,3,5,15,-0.08060918748378754
1,3,5,16,-0.09381629526615143
1,3,5,17,-0.09381629526615143
1,3,5,18,-0.059482842683792114
1,3,5,19,-0.09399987757205963
1,3,5,20,-0.09381629526615143
1,3,6,1,-0.1561797857284546
1,3,6,2,-0.1294407695531845
1,3,6,3,-0.1548372507095337
1,3,6,4,-0.1604415476322174
1,3,6,5,-0.15638887882232666
1,3,6,6,-0.15638887882232666
1,3,6,7,-0.15638887882232666
1,3,6,8,-0.31021377444267273
1,3,6,9,-0.23677612841129303
1,3,6,10,-0.15629985928535461
1,3,6,11,-0.15629985928535461
1,3,6,12,-0.15629985928535461
1,3,6,13,-0.16618378460407257
1,3,6,14,-0.15323413908481598
1,3,6,15,-0.1453188806772232
1,3,6,16,-0.15323413908481598
1,3,6,17,-0.15323413908481598
1,3,6,18,-0.24534368515014648
1,3,6,19,-0.2210775911808014
1,3,6,20,-0.15323413908481598
1,3,7,1,-0.09176528453826904
1,3,7,2,-0.09390489757061005
1,3,7,3,-0.09176528453826904
1,3,7,4,-0.09176528453826904
1,3,7,5,-0.09176528453826904
1,3,7,6,-0.09176528453826904
1,3,7,7,-0.09176528453826904
1,3,7,8,-0.08851172775030136
1,3,7,9,-0.09180240333080292
1,3,7,10,-0.09176528453826904
1,3,7,11,-0.09176528453826904
1,3,7,12,-0.09176528453826904
1,3,7,13,-0.09176528453826904
1,3,7,14,-0.09370696544647217
1,3,7,15,-0.08049985766410828
1,3,7,16,-0.09370696544647217
1,3,7,17,-0.09370696544647217
1,3,7,18,-0.06564494967460632
1,3,7,19,-0.09392409026622772
1,3,7,20,-0.09370696544647217
1,3,8,1,-0.08844298124313354
1,3,8,2,-0.09024277329444885
1,3,8,3,-0.08844298124313354
1,3,8,4,-0.08844298124313354
1,3,8,5,-0.08844298124313354
1,3,8,6,-0.08844298124313354
1,3,8,7,-0.08844298124313354
1,3,8,8,-0.08856844902038574
1,3,8,9,-0.08844298124313354
1,3,8,10,-0.08844298124313354
1,3,8,11,-0.08844298124313354
1,3,8,12,-0.08844298124313354
1,3,8,13,-0.08844298124313354
1,3,8,14,-0.08920438587665558
1,3,8,15,-0.07717755436897278
1,3,8,16,-0.08920438587665558
1,3,8,17,-0.08920438587665558
1,3,8,18,-0.0900278314948082
1,3,8,19,-0.08946409076452255
1,3,8,20,-0.08920438587665558
1,3,9,1,-0.08844298124313354
1,3,9,2,-0.09024277329444885
1,3,9,3,-0.08844298124313354
1,3,9,4,-0.08844298124313354
1,3,9,5,-0.08844298124313354
1,3,9,6,-0.08844298124313354
1,3,9,7,-0.08844298124313354
1,3,9,8,-0.08856844902038574
1,3,9,9,-0.08844298124313354
1,3,9,10,-0.08844298124313354
1,3,9,11,-0.08844298124313354
1,3,9,12,-0.08844298124313354
1,3,9,13,-0.08844298124313354
1,3,9,14,-0.08920438587665558
1,3,9,15,-0.07717755436897278
1,3,9,16,-0.08920438587665558
1,3,9,17,-0.08920438587665558
1,3,9,18,-0.0900278314948082
1,3,9,19,-0.08946409076452255
1,3,9,20,-0.08920438587665558
1,3,10,1,0.30401456356048584
1,3,10,2,0.29467958211898804
1,3,10,3,0.30398958921432495
1,3,10,4,0.3040156960487366
1,3,10,5,0.3040156960487366
1,3,10,6,0.3040156960487366
1,3,10,7,0.3040156960487366
1,3,10,8,0.5276889801025391
1,3,10,9,0.33715471625328064
1,3,10,10,0.3040156960487366
1,3,10,11,0.3040156960487366
1,3,10,12,0.3040156960487366
1,3,10,13,0.3048666715621948
1,3,10,14,0.3013073801994324
1,3,10,15,0.31528112292289734
1,3,10,16,0.3013073801994324
1,3,10,17,0.3013073801994324
1,3,10,18,0.6183043718338013
1,3,10,19,0.34471529722213745
1,3,10,20,0.3013073801994324
1,3,11,1,0.12179535627365112
1,3,11,2,0.04377325624227524
1,3,11,3,0.11182184517383575
1,3,11,4,0.12186869978904724
1,3,11,5,0.121866375207901
1,3,11,6,0.121866375207901
1,3,11,7,0.121866375207901
1,3,11,8,0.7375472784042358
1,3,11,9,0.40953052043914795
1,3,11,10,0.12184298038482666
1,3,11,11,0.12184298038482666
1,3,11,12,0.12184298038482666
1,3,11,13,0.14533790946006775
1,3,11,14,0.10637418925762177
1,3,11,15,0.13310493528842926
1,3,11,16,0.10637418925762177
1,3,11,17,0.10637418925762177
1,3,11,18,0.8409467935562134
1,3,11,19,0.5392270088195801
1,3,11,20,0.10637418925762177
1,3,12,1,0.3476335406303406
1,3,12,2,0.28077173233032227
1,3,12,3,0.3418881297111511
1,3,12,4,0.34794798493385315
1,3,12,5,0.3477185368537903
1,3,12,6,0.3477185368537903
1,3,12,7,0.3477185368537903
1,3,12,8,0.9045500755310059
1,3,12,9,0.5816237330436707
1,3,12,10,0.3476945757865906
1,3,12,11,0.3476945757865906
1,3,12,12,0.3476945757865906
1,3,12,13,0.3623235523700714
1,3,12,14,0.3352782428264618
1,3,12,15,0.35894784331321716
1,3,12,16,0.3352782428264618
1,3,12,17,0.3352782428264618
1,3,12,18,0.866365909576416
1,3,12,19,0.5514318943023682
1,3,12,20,0.3352782428264618
1,3,13,1,0.2880042791366577
1,3,13,2,0.18247775733470917
1,3,13,3,0.2678676247596741
1,3,13,4,0.28852808475494385
1,3,13,5,0.28811779618263245
1,3,13,6,0.28811779618263245
1,3,13,7,0.28811779618263245
1,3,13,8,1.02339506149292
1,3,13,9,0.6716325283050537
1,3,13,10,0.2880844175815582
1,3,13,11,0.2880844175815582
1,3,13,12,0.2880844175815582
1,3,13,13,0.3392944037914276
1,3,13,14,0.26764166355133057
1,3,13,15,0.29954108595848083
1,3,13,16,0.26764166355133057
1,3,13,17,0.26764166355133057
1,3,13,18,0.9790419340133667
1,3,13,19,0.6548203229904175
1,3,13,20,0.26764166355133057
1,3,14,1,-0.04961920529603958
1,3,14,2,-0.07288885861635208
1,3,14,3,-0.04966064542531967
1,3,14,4,-0.04961361736059189
1,3,14,5,-0.04961920529603958
1,3,14,6,-0.04961920529603958
1,3,14,7,-0.04961920529603958
1,3,14,8,0.2850084900856018
1,3,14,9,0.044151850044727325
1,3,14,10,-0.04961920529603958
1,3,14,11,-0.04961920529603958
1,3,14,12,-0.04961920529603958
1,3,14,13,-0.04559142142534256
1,3,14,14,-0.05503562092781067
1,3,14,15,-0.038353778421878815
1,3,14,16,-0.05503562092781067
1,3,14,17,-0.05503562092781067
1,3,14,18,0.534225583076477
1,3,14,19,0.2751200795173645
1,3,14,20,-0.05503562092781067
1,3,15,1,-0.08844298124313354
1,3,15,2,-0.09024277329444885
1,3,15,3,-0.08844298124313354
1,3,15,4,-0.08844298124313354
1,3,15,5,-0.08844298124313354
1,3,15,6,-0.08844298124313354
1,3,15,7,-0.08844298124313354
1,3,15,8,-0.08856844902038574
1,3,15,9,-0.08844298124313354
1,3,15,10,-0.08844298124313354
1,3,15,11,-0.08844298124313354
1,3,15,12,-0.08844298124313354
1,3,15,13,-0.08844298124313354
1,3,15,14,-0.08920438587665558
1,3,15,15,-0.07717755436897278
1,3,15,16,-0.08920438587665558
1,3,15,17,-0.08920438587665558
1,3,15,18,-0.0900278314948082
1,3,15,19,-0.08946409076452255
1,3,15,20,-0.08920438587665558
1,3,16,1,0.08057934045791626
1,3,16,2,0.07874704897403717
1,3,16,3,0.08057932555675507
1,3,16,4,0.08057934045791626
1,3,16,5,0.08057934045791626
1,3,16,6,0.08057934045791626
1,3,16,7,0.08057934045791626
1,3,16,8,0.12006516009569168
1,3,16,9,0.0869111716747284
1,3,16,10,0.08057934045791626
1,3,16,11,0.08057934045791626
1,3,16,12,0.08057934045791626
1,3,16,13,0.08057934045791626
1,3,16,14,0.07968825101852417
1,3,16,15,0.09184476733207703
1,3,16,16,0.07968825101852417
1,3,16,17,0.07968825101852417
1,3,16,18,0.4024944305419922
1,3,16,19,0.1637449860572815
1,3,16,20,0.07968825101852417
1,3,17,1,-0.10747022926807404
1,3,17,2,-0.10783466696739197
1,3,17,3,-0.1097816675901413
1,3,17,4,-0.1099059134721756
1,3,17,5,-0.1074407771229744
1,3,17,6,-0.1074407771229744
1,3,17,7,-0.1074407771229744
1,3,17,8,-0.1061006486415863
1,3,17,9,-0.11267361789941788
1,3,17,10,-0.10744759440422058
1,3,17,11,-0.10744759440422058
1,3,17,12,-0.10744759440422058
1,3,17,13,-0.10926394164562225
1,3,17,14,-0.11006996035575867
1,3,17,15,-0.09619638323783875
1,3,17,16,-0.11006996035575867
1,3,17,17,-0.11006996035575867
1,3,17,18,0.23234623670578003
1,3,17,19,0.07651077955961227
1,3,17,20,-0.11006996035575867
1,3,18,1,-0.10747022926807404
1,3,18,2,-0.10784941911697388
1,3,18,3,-0.10980984568595886
1,3,18,4,-0.1099059134721756
1,3,18,5,-0.1074407771229744
1,3,18,6,-0.1074407771229744
1,3,18,7,-0.1074407771229744
1,3,18,8,-0.006122708320617676
1,3,18,9,-0.08578389883041382
1,3,18,10,-0.10744759440422058
1,3,18,11,-0.10744759440422058
1,3,18,12,-0.10744759440422058
1,3,18,13,-0.106395423412323
1,3,18,14,-0.11047850549221039
1,3,18,15,-0.09619638323783875
1,3,18,16,-0.11047850549221039
1,3,18,17,-0.11047850549221039
1,3,18,18,0.4283316731452942
1,3,18,19,0.25361329317092896
1,3,18,20,-0.11047850549221039
1,3,19,1,-0.10747022926807404
1,3,19,2,-0.10783466696739197
1,3,19,3,-0.10977353155612946
1,3,19,4,-0.1099059134721756
1,3,19,5,-0.1074407771229744
1,3,19,6,-0.1074407771229744
1,3,19,7,-0.1074407771229744
1,3,19,8,-0.13067075610160828
1,3,19,9,-0.12004382908344269
1,3,19,10,-0.10744759440422058
1,3,19,11,-0.10744759440422058
1,3,19,12,-0.10744759440422058
1,3,19,13,-0.10930287837982178
1,3,19,14,-0.11005933582782745
1,3,19,15,-0.09619638323783875
1,3,19,16,-0.11005933582782745
1,3,19,17,-0.11005933582782745
1,3,19,18,-0.004362538456916809
1,3,19,19,-0.09573977440595627
1,3,19,20,-0.11005933582782745
1,3,20,1,-0.08826792240142822
1,3,20,2,-0.09006626904010773
1,3,20,3,-0.08826792240142822
1,3,20,4,-0.08826792240142822
1,3,20,5,-0.08826792240142822
1,3,20,6,-0.08826792240142822
1,3,20,7,-0.08826792240142822
1,3,20,8,-0.08834938704967499
1,3,20,9,-0.08826792240142822
1,3,20,10,-0.08826792240142822
1,3,20,11,-0.08826792240142822
1,3,20,12,-0.08826792240142822
1,3,20,13,-0.08826792240142822
1,3,20,14,-0.08902916312217712
1,3,20,15,-0.07700249552726746
1,3,20,16,-0.08902916312217712
1,3,20,17,-0.08902916312217712
1,3,20,18,-0.08976491540670395
1,3,20,19,-0.08927859365940094
1,3,20,20,-0.08902916312217712
1,4,1,1,0.0
1,4,1,2,0.0
1,4,1,3,0.0
1,4,1,4,0.0
1,4,1,5,0.0
1,4,1,6,0.0
1,4,1,7,0.0
1,4,1,8,0.0
1,4,1,9,0.0
1,4,1,10,0.0
1,4,1,11,0.0
1,4,1,12,0.0
1,4,1,13,0.0
1,4,1,14,0.0
1,4,1,15,0.0
1,4,1,16,0.0
1,4,1,17,0.0
1,4,1,18,0.0
1,4,1,19,0.0
1,4,1,20,0.0
1,4,2,1,0.0
1,4,2,2,0.0
1,4,2,3,0.0
1,4,2,4,0.0
1,4,2,5,0.0
1,4,2,6,0.0
1,4,2,7,0.0
1,4,2,8,0.0
1,4,2,9,0.0
1,4,2,10,0.0
1,4,2,11,0.0
1,4,2,12,0.0
1,4,2,13,0.0
1,4,2,14,0.0
1,4,2,15,0.0
1,4,2,16,0.0
1,4,2,17,0.0
1,4,2,18,0.0
1,4,2,19,0.0
1,4,2,20,0.0
1,4,3,1,0.0
1,4,3,2,0.0
1,4,3,3,0.0
1,4,3,4,0.0
1,4,3,5,0.0
1,4,3,6,0.0
1,4,3,7,0.0
1,4,3,8,0.0
1,4,3,9,0.0
1,4,3,10,0.0
1,4,3,11,0.0
1,4,3,12,0.0
1,4,3,13,0.0
1,4,3,14,0.0
1,4,3,15,0.0
1,4,3,16,0.0
1,4,3,17,0.0
1,4,3,18,0.0
1,4,3,19,0.0
1,4,3,20,0.0
1,4,4,1,0.0
1,4,4,2,0.0
1,4,4,3,0.0
1,4,4,4,0.0
1,4,4,5,0.0
1,4,4,6,0.0
1,4,4,7,0.0
1,4,4,8,0.0
1,4,4,9,0.0
1,4,4,10,0.0
1,4,4,11,0.0
1,4,4,12,0.0
1,4,4,13,0.0
1,4,4,14,0.0
1,4,4,15,0.0
1,4,4,16,0.0
1,4,4,17,0.0
1,4,4,18,0.0
1,4,4,19,0.0
1,4,4,20,0.0
1,4,5,1,0.0
1,4,5,2,0.0
1,4,5,3,0.0
1,4,5,4,0.0
1,4,5,5,0.0
1,4,5,6,0.0
1,4,5,7,0.0
1,4,5,8,0.0
1,4,5,9,0.0
1,4,5,10,0.0
1,4,5,11,0.0
1,4,5,12,0.0
1,4,5,13,0.0
1,4,5,14,0.0
1,4,5,15,0.0
1,4,5,16,0.0
1,4,5,17,0.0
1,4,5,18,0.0
1,4,5,19,0.0
1,4,5,20,0.0
1,4,6,1,0.0
1,4,6,2,0.0
1,4,6,3,0.0
1,4,6,4,0.0
1,4,6,5,0.0
1,4,6,6,0.0
1,4,6,7,0.0
1,4,6,8,0.0
1,4,6,9,0.0
1,4,6,10,0.0
1,4,6,11,0.0
1,4,6,12,0.0
1,4,6,13,0.0
1,4,6,14,0.0
1,4,6,15,0.0
1,4,6,16,0.0
1,4,6,17,0.0
1,4,6,18,0.0
1,4,6,19,0.0
1,4,6,20,0.0
1,4,7,1,0.0
1,4,7,2,0.0
1,4,7,3,0.0
1,4,7,4,0.0
1,4,7,5,0.0
1,4,7,6,0.0
1,4,7,7,0.0
1,4,7,8,0.0
1,4,7,9,0.0
1,4,7,10,0.0
1,4,7,11,0.0
1,4,7,12,0.0
1,4,7,13,0.0
1,4,7,14,0.0
1,4,7,15,0.0
1,4,7,16,0.0
1,4,7,17,0.0
1,4,7,18,0.0
1,4,7,19,0.0
1,4,7,20,0.0
1,4,8,1,0.0
1,4,8,2,0.0
1,4,8,3,0.0
1,4,8,4,0.0
1,4,8,5,0.0
1,4,8,6,0.0
1,4,8,7,0.0
1,4,8,8,0.0
1,4,8,9,0.0
1,4,8,10,0.0
1,4,8,11,0.0
1,4,8,12,0.0
1,4,8,13,0.0
1,4,8,14,0.0
1,4,8,15,0.0
1,4,8,16,0.0
1,4,8,17,0.0
1,4,8,18,0.0
1,4,8,19,0.0
1,4,8,20,0.0
1,4,9,1,0.0
1,4,9,2,0.0
1,4,9,3,0.0
1,4,9,4,0.0
1,4,9,5,0.0
1,4,9,6,0.0
1,4,9,7,0.0
1,4,9,8,0.0
1,4,9,9,0.0
1,4,9,10,0.0
1,4,9,11,0.0
1,4,9,12,0.0
1,4,9,13,0.0
1,4,9,14,0.0
1,4,9,15,0.0
1,4,9,16,0.0
1,4,9,17,0.0
1,4,9,18,0.0
1,4,9,19,0.0
1,4,9,20,0.0
1,4,10,1,0.0
1,4,10,2,0.0
1,4,10,3,0.0
1,4,10,4,0.0
1,4,10,5,0.0
1,4,10,6,0.0
1,4,10,7,0.0
1,4,10,8,0.0
1,4,10,9,0.0
1,4,10,10,0.0
1,4,10,11,0.0
1,4,10,12,0.0
1,4,10,13,0.0
1,4,10,14,0.0
1,4,10,15,0.0
1,4,10,16,0.0
1,4,10,17,0.0
1,4,10,18,0.0
1,4,10,19,0.0
1,4,10,20,0.0
1,4,11,1,0.0
1,4,11,2,0.0
1,4,11,3,0.0
1,4,11,4,0.0
1,4,11,5,0.0
1,4,11,6,0.0
1,4,11,7,0.0
1,4,11,8,0.0
1,4,11,9,0.0
1,4,11,10,0.0
1,4,11,11,0.0
1,4,11,12,0.0
1,4,11,13,0.0
1,4,11,14,0.0
1,4,11,15,0.0
1,4,11,16,0.0
1,4,11,17,0.0
1,4,11,18,0.0
1,4,11,19,0.0
1,4,11,20,0.0
1,4,12,1,0.0
1,4,12,2,0.0
1,4,12,3,0.0
1,4,12,4,0.0
1,4,12,5,0.0
1,4,12,6,0.0
1,4,12,7,0.0
1,4,12,8,0.0
1,4,12,9,0.0
1,4,12,10,0.0
1,4,12,11,0.0
1,4,12,12,0.0
1,4,12,13,0.0
1,4,12,14,0.0
1,4,12,15,0.0
1,4,12,16,0.0
1,4,12,17,0.0
1,4,12,18,0.0
1,4,12,19,0.0
1,4,12,20,0.0
1,4,13,1,0.0
1,4,13,2,0.0
1,4,13,3,0.0
1,4,13,4,0.0
1,4,13,5,0.0
1,4,13,6,0.0
1,4,13,7,0.0
1,4,13,8,0.0
1,4,13,9,0.0
1,4,13,10,0.0
1,4,13,11,0.0
1,4,13,12,0.0
1,4,13,13,0.0
1,4,13,14,0.0
1,4,13,15,0.0
1,4,13,16,0.0
1,4,13,17,0.0
1,4,13,18,0.0
1,4,13,19,0.0
1,4,13,20,0.0
1,4,14,1,0.0
1,4,14,2,0.0
1,4,14,3,0.0
1,4,14,4,0.0
1,4,14,5,0.0
1,4,14,6,0.0
1,4,14,7,0.0
1,4,14,8,0.0
1,4,14,9,0.0
1,4,14,10,0.0
1,4,14,11,0.0
1,4,14,12,0.0
1,4,14,13,0.0
1,4,14,14,0.0
1,4,14,15,0.0
1,4,14,16,0.0
1,4,14,17,0.0
1,4,14,18,0.0
1,4,14,19,0.0
1,4,14,20,0.0
1,4,15,1,0.0
1,4,15,2,0.0
1,4,15,3,0.0
1,4,15,4,0.0
1,4,15,5,0.0
1,4,15,6,0.0
1,4,15,7,0.0
1,4,15,8,0.0
1,4,15,9,0.0
1,4,15,10,0.0
1,4,15,11,0.0
1,4,15,12,0.0
1,4,15,13,0.0
1,4,15,14,0.0
1,4,15,15,0.0
1,4,15,16,0.0
1,4,15,17,0.0
1,4,15,18,0.0
1,4,15,19,0.0
1,4,15,20,0.0
1,4,16,1,0.0
1,4,16,2,0.0
1,4,16,3,0.0
1,4,16,4,0.0
1,4,16,5,0.0
1,4,16,6,0.0
1,4,16,7,0.0
1,4,16,8,0.0
1,4,16,9,0.0
1,4,16,10,0.0
1,4,16,11,0.0
1,4,16,12,0.0
1,4,16,13,0.0
1,4,16,14,0.0
1,4,16,15,0.0
1,4,16,16,0.0
1,4,16,17,0.0
1,4,16,18,0.0
1,4,16,19,0.0
1,4,16,20,0.0
1,4,17,1,0.0
1,4,17,2,0.0
1,4,17,3,0.0
1,4,17,4,0.0
1,4,17,5,0.0
1,4,17,6,0.0
1,4,17,7,0.0
1,4,17,8,0.0
1,4,17,9,0.0
1,4,17,10,0.0
1,4,17,11,0.0
1,4,17,12,0.0
1,4,17,13,0.0
1,4,17,14,0.0
1,4,17,15,0.0
1,4,17,16,0.0
1,4,17,17,0.0
1,4,17,18,0.0
1,4,17,19,0.0
1,4,17,20,0.0
1,4,18,1,0.0
1,4,18,2,0.0
1,4,18,3,0.0
1,4,18,4,0.0
1,4,18,5,0.0
1,4,18,6,0.0
1,4,18,7,0.0
1,4,18,8,0.0
1,4,18,9,0.0
1,4,18,10,0.0
1,4,18,11,0.0
1,4,18,12,0.0
1,4,18,13,0.0
1,4,18,14,0.0
1,4,18,15,0.0
1,4,18,16,0.0
1,4,18,17,0.0
1,4,18,18,0.0
1,4,18,19,0.0
1,4,18,20,0.0
1,4,19,1,0.0
1,4,19,2,0.0
1,4,19,3,0.0
1,4,19,4,0.0
1,4,19,5,0.0
1,4,19,6,0.0
1,4,19,7,0.0
1,4,19,8,0.0
1,4,19,9,0.0
1,4,19,10,0.0
1,4,19,11,0.0
1,4,19,12,0.0
1,4,19,13,0.0
1,4,19,14,0.0
1,4,19,15,0.0
1,4,19,16,0.0
1,4,19,17,0.0
1,4,19,18,0.0
1,4,19,19,0.0
1,4,19,20,0.0
1,4,20,1,0.0
1,4,20,2,0.0
1,4,20,3,0.0
1,4,20,4,0.0
1,4,20,5,0.0
1,4,20,6,0.0
1,4,20,7,0.0
1,4,20,8,0.0
1,4,20,9,0.0
1,4,20,10,0.0
1,4,20,11,0.0
1,4,20,12,0.0
1,4,20,13,0.0
1,4,20,14,0.0
1,4,20,15,0.0
1,4,20,16,0.0
1,4,20,17,0.0
1,4,20,18,0.0
1,4,20,19,0.0
1,4,20,20,0.0
1,5,1,1,0.0
1,5,1,2,0.0
1,5,1,3,0.0
1,5,1,4,0.0
1,5,1,5,0.0
1,5,1,6,0.0
1,5,1,7,0.0
1,5,1,8,0.0
1,5,1,9,0.0
1,5,1,10,0.0
1,5,1,11,0.0
1,5,1,12,0.0
1,5,1,13,0.0
1,5,1,14,0.0
1,5,1,15,0.0
1,5,1,16,0.0
1,5,1,17,0.0
1,5,1,18,0.0
1,5,1,19,0.0
1,5,1,20,0.0
1,5,2,1,0.0
1,5,2,2,0.0
1,5,2,3,0.0
1,5,2,4,0.0
1,5,2,5,0.0
1,5,2,6,0.0
1,5,2,7,0.0
1,5,2,8,0.0
1,5,2,9,0.0
1,5,2,10,0.0
1,5,2,11,0.0
1,5,2,12,0.0
1,5,2,13,0.0
1,5,2,14,0.0
1,5,2,15,0.0
1,5,2,16,0.0
1,5,2,17,0.0
1,5,2,18,0.0
1,5,2,19,0.0
1,5,2,20,0.0
1,5,3,1,0.0
1,5,3,2,0.0
1,5,3,3,0.0
1,5,3,4,0.0
1,5,3,5,0.0
1,5,3,6,0.0
1,5,3,7,0.0
1,5,3,8,0.0
1,5,3,9,0.0
1,5,3,10,0.0
1,5,3,11,0.0
1,5,3,12,0.0
1,5,3,13,0.0
1,5,3,14,0.0
1,5,3,15,0.0
1,5,3,16,0.0
1,5,3,17,0.0
1,5,3,18,0.0
1,5,3,19,0.0
1,5,3,20,0.0
1,5,4,1,0.0
1,5,4,2,0.0
1,5,4,3,0.0
1,5,4,4,0.0
1,5,4,5,0.0
1,5,4,6,0.0
1,5,4,7,0.0
1,5,4,8,0.0
1,5,4,9,0.0
1,5,4,10,0.0
1,5,4,11,0.0
1,5,4,12,0.0
1,5,4,13,0.0
1,5,4,14,0.0
1,5,4,15,0.0
1,5,4,16,0.0
1,5,4,17,0.0
1,5,4,18,0.0
1,5,4,19,0.0
1,5,4,20,0.0
1,5,5,1,0.0
1,5,5,2,0.0
1,5,5,3,0.0
1,5,5,4,0.0
1,5,5,5,0.0
1,5,5,6,0.0
1,5,5,7,0.0
1,5,5,8,0.0
1,5,5,9,0.0
1,5,5,10,0.0
1,5,5,11,0.0
1,5,5,12,0.0
1,5,5,13,0.0
1,5,5,14,0.0
1,5,5,15,0.0
1,5,5,16,0.0
1,5,5,17,0.0
1,5,5,18,0.0
1,5,5,19,0.0
1,5,5,20,0.0
1,5,6,1,0.0
1,5,6,2,0.0
1,5,6,3,0.0
1,5,6,4,0.0
1,5,6,5,0.0
1,5,6,6,0.0
1,5,6,7,0.0
1,5,6,8,0.0
1,5,6,9,0.0
1,5,6,10,0.0
1,5,6,11,0.0
1,5,6,12,0.0
1,5,6,13,0.0
1,5,6,14,0.0
1,5,6,15,0.0
1,5,6,16,0.0
1,5,6,17,0.0
1,5,6,18,0.0
1,5,6,19,0.0
1,5,6,20,0.0
1,5,7,1,0.0
1,5,7,2,0.0
1,5,7,3,0.0
1,5,7,4,0.0
1,5,7,5,0.0
1,5,7,6,0.0
1,5,7,7,0.0
1,5,7,8,0.0
1,5,7,9,0.0
1,5,7,10,0.0
1,5,7,11,0.0
1,5,7,12,0.0
1,5,7,13,0.0
1,5,7,14,0.0
1,5,7,15,0.0
1,5,7,16,0.0
1,5,7,17,0.0
1,5,7,18,0.0
1,5,7,19,0.0
1,5,7,20,0.0
1,5,8,1,0.0
1,5,8,2,0.0
1,5,8,3,0.0
1,5,8,4,0.0
1,5,8,5,0.0
1,5,8,6,0.0
1,5,8,7,0.0
1,5,8,8,0.0
1,5,8,9,0.0
1,5,8,10,0.0
1,5,8,11,0.0
1,5,8,12,0.0
1,5,8,13,0.0
1,5,8,14,0.0
1,5,8,15,0.0
1,5,8,16,0.0
1,5,8,17,0.0
1,5,8,18,0.0
1,5,8,19,0.0
1,5,8,20,0.0
1,5,9,1,0.0
1,5,9,2,0.0
1,5,9,3,0.0
1,5,9,4,0.0
1,5,9,5,0.0
1,5,9,6,0.0
1,5,9,7,0.0
1,5,9,8,0.0
1,5,9,9,0.0
1,5,9,10,0.0
1,5,9,11,0.0
1,5,9,12,0.0
1,5,9,13,0.0
1,5,9,14,0.0
1,5,9,15,0.0
1,5,9,16,0.0
1,5,9,17,0.0
1,5,9,18,0.0
1,5,9,19,0.0
1,5,9,20,0.0
1,5,10,1,0.0
1,5,10,2,0.0
1,5,10,3,0.0
1,5,10,4,0.0
1,5,10,5,0.0
1,5,10,6,0.0
1,5,10,7,0.0
1,5,10,8,0.0
1,5,10,9,0.0
1,5,10,10,0.0
1,5,10,11,0.0
1,5,10,12,0.0
1,5,10,13,0.0
1,5,10,14,0.0
1,5,10,15,0.0
1,5,10,16,0.0
1,5,10,17,0.0
1,5,10,18,0.0
1,5,10,19,0.0
1,5,10,20,0.0
1,5,11,1,0.0
1,5,11,2,0.0
1,5,11,3,0.0
1,5,11,4,0.0
1,5,11,5,0.0
1,5,11,6,0.0
1,5,11,7,0.0
1,5,11,8,0.0
1,5,11,9,0.0
1,5,11,10,0.0
1,5,11,11,0.0
1,5,11,12,0.0
1,5,11,13,0.0
1,5,11,14,0.0
1,5,11,15,0.0
1,5,11,16,0.0
1,5,11,17,0.0
1,5,11,18,0.0
1,5,11,19,0.0
1,5,11,20,0.0
1,5,12,1,0.0
1,5,12,2,0.0
1,5,12,3,0.0
1,5,12,4,0.0
1,5,12,5,0.0
1,5,12,6,0.0
1,5,12,7,0.0
1,5,12,8,0.0
1,5,12,9,0.0
1,5,12,10,0.0
1,5,12,11,0.0
1,5,12,12,0.0
1,5,12,13,0.0
1,5,12,14,0.0
1,5,12,15,0.0
1,5,12,16,0.0
1,5,12,17,0.0
1,5,12,18,0.0
1,5,12,19,0.0
1,5,12,20,0.0
1,5,13,1,0.0
1,5,13,2,0.0
1,5,13,3,0.0
1,5,13,4,0.0
1,5,13,5,0.0
1,5,13,6,0.0
1,5,13,7,0.0
1,5,13,8,0.0
1,5,13,9,0.0
1,5,13,10,0.0
1,5,13,11,0.0
1,5,13,12,0.0
1,5,13,13,0.0
1,5,13,14,0.0
1,5,13,15,0.0
1,5,13,16,0.0
1,5,13,17,0.0
1,5,13,18,0.0
1,5,13,19,0.0
1,5,13,20,0.0
1,5,14,1,0.0
1,5,14,2,0.0
1,5,14,3,0.0
1,5,14,4,0.0
1,5,14,5,0.0
1,5,14,6,0.0
1,5,14,7,0.0
1,5,14,8,0.0
1,5,14,9,0.0
1,5,14,10,0.0
1,5,14,11,0.0
1,5,14,12,0.0
1,5,14,13,0.0
1,5,14,14,0.0
1,5,14,15,0.0
1,5,14,16,0.0
1,5,14,17,0.0
1,5,14,18,0.0
1,5,14,19,0.0
1,5,14,20,0.0
1,5,15,1,0.0
1,5,15,2,0.0
1,5,15,3,0.0
1,5,15,4,0.0
1,5,15,5,0.0
1,5,15,6,0.0
1,5,15,7,0.0
1,5,15,8,0.0
1,5,15,9,0.0
1,5,15,10,0.0
1,5,15,11,0.0
1,5,15,12,0.0
1,5,15,13,0.0
1,5,15,14,0.0
1,5,15,15,0.0
1,5,15,16,0.0
1,5,15,17,0.0
1,5,15,18,0.0
1,5,15,19,0.0
1,5,15,20,0.0
1,5,16,1,0.0
1,5,16,2,0.0
1,5,16,3,0.0
1,5,16,4,0.0
1,5,16,5,0.0
1,5,16,6,0.0
1,5,16,7,0.0
1,5,16,8,0.0
1,5,16,9,0.0
1,5,16,10,0.0
1,5,16,11,0.0
1,5,16,12,0.0
1,5,16,13,0.0
1,5,16,14,0.0
1,5,16,15,0.0
1,5,16,16,0.0
1,5,16,17,0.0
1,5,16,18,0.0
1,5,16,19,0.0
1,5,16,20,0.0
1,5,17,1,0.0
1,5,17,2,0.0
1,5,17,3,0.0
1,5,17,4,0.0
1,5,17,5,0.0
1,5,17,6,0.0
1,5,17,7,0.0
1,5,17,8,0.0
1,5,17,9,0.0
1,5,17,10,0.0
1,5,17,11,0.0
1,5,17,12,0.0
1,5,17,13,0.0
1,5,17,14,0.0
1,5,17,15,0.0
1,5,17,16,0.0
1,5,17,17,0.0
1,5,17,18,0.0
1,5,17,19,0.0
1,5,17,20,0.0
1,5,18,1,0.0
1,5,18,2,0.0
1,5,18,3,0.0
1,5,18,4,0.0
1,5,18,5,0.0
1,5,18,6,0.0
1,5,18,7,0.0
1,5,18,8,0.0
1,5,18,9,0.0
1,5,18,10,0.0
1,5,18,11,0.0
1,5,18,12,0.0
1,5,18,13,0.0
1,5,18,14,0.0
1,5,18,15,0.0
1,5,18,16,0.0
1,5,18,17,0.0
1,5,18,18,0.0
1,5,18,19,0.0
1,5,18,20,0.0
1,5,19,1,0.0
1,5,19,2,0.0
1,5,19,3,0.0
1,5,19,4,0.0
1,5,19,5,0.0
1,5,19,6,0.0
1,5,19,7,0.0
1,5,19,8,0.0
1,5,19,9,0.0
1,5,19,10,0.0
1,5,19,11,0.0
1,5,19,12,0.0
1,5,19,13,0.0
1,5,19,14,0.0
1,5,19,15,0.0
1,5,19,16,0.0
1,5,19,17,0.0
1,5,19,18,0.0
1,5,19,19,0.0
1,5,19,20,0.0
1,5,20,1,0.0
1,5,20,2,0.0
1,5,20,3,0.0
1,5,20,4,0.0
1,5,20,5,0.0
1,5,20,6,0.0
1,5,20,7,0.0
1,5,20,8,0.0
1,5,20,9,0.0
1,5,20,10,0.0
1,5,20,11,0.0
1,5,20,12,0.0
1,5,20,13,0.0
1,5,20,14,0.0
1,5,20,15,0.0
1,5,20,16,0.0
1,5,20,17,0.0
1,5,20,18,0.0
1,5,20,19,0.0
1,5,20,20,0.0
2,3,1,1,0.445881724357605
2,3,1,2,0.38884586095809937
2,3,1,3,0.18176646530628204
2,3,1,4,0.15433068573474884
2,3,1,5,0.2105862945318222
2,3,1,6,0.3963775038719177
2,3,1,7,0.14881335198879242
2,3,1,8,0.5550258159637451
2,3,1,9,0.41444987058639526
2,3,1,10,0.12908513844013214
2,3,1,11,0.05367960035800934
2,3,1,12,0.0428704172372818
2,3,1,13,0.13938792049884796
2,3,1,14,0.14669473469257355
2,3,1,15,-0.6633108258247375
2,3,1,16,0.14669473469257355
2,3,1,17,0.14669473469257355
2,3,1,18,0.1858825534582138
2,3,1,19,0.19577746093273163
2,3,1,20,0.14668788015842438
2,3,2,1,0.6952908635139465
2,3,2,2,0.6268972754478455
2,3,2,3,0.4173516631126404
2,3,2,4,0.3899158835411072
2,3,2,5,0.4594639539718628
2,3,2,6,0.6691752672195435
2,3,2,7,0.3975540101528168
2,3,2,8,0.7906023263931274
2,3,2,9,0.6500265598297119
2,3,2,10,0.30879461765289307
2,3,2,11,0.19221767783164978
2,3,2,12,0.20810022950172424
2,3,2,13,0.37496402859687805
2,3,2,14,0.3820030391216278
2,3,2,15,-0.41322845220565796
2,3,2,16,0.3820030391216278
2,3,2,17,0.3820030391216278
2,3,2,18,0.4212612509727478
2,3,2,19,0.4311561584472656
2,3,2,20,0.38199615478515625
2,3,3,1,0.7231770753860474
2,3,3,2,0.6547834873199463
2,3,3,3,0.4452378749847412
2,3,3,4,0.417802095413208
2,3,3,5,0.4873501658439636
2,3,3,6,0.7003852128982544
2,3,3,7,0.4254402220249176
2,3,3,8,0.8184884786605835
2,3,3,9,0.6779128313064575
2,3,3,10,0.3366614580154419
2,3,3,11,0.21686610579490662
2,3,3,12,0.22998660802841187
2,3,3,13,0.40285027027130127
2,3,3,14,0.40988925099372864
2,3,3,15,-0.4762383699417114
2,3,3,16,0.40988925099372864
2,3,3,17,0.40988925099372864
2,3,3,18,0.44914746284484863
2,3,3,19,0.45904237031936646
2,3,3,20,0.4098823666572571
2,3,4,1,0.7022624611854553
2,3,4,2,0.6338688731193542
2,3,4,3,0.42432326078414917
2,3,4,4,0.39688748121261597
2,3,4,5,0.4664355516433716
2,3,4,6,0.6761468648910522
2,3,4,7,0.40452560782432556
2,3,4,8,0.7975739240646362
2,3,4,9,0.6569981575012207
2,3,4,10,0.31576621532440186
2,3,4,11,0.19918927550315857
2,3,4,12,0.21507184207439423
2,3,4,13,0.38193565607070923
2,3,4,14,0.3889746367931366
2,3,4,15,-0.40625810623168945
2,3,4,16,0.3889746367931366
2,3,4,17,0.3889746367931366
2,3,4,18,0.428232878446579
2,3,4,19,0.4381277561187744
2,3,4,20,0.38896775245666504
2,3,5,1,0.5865710377693176
2,3,5,2,0.5184361338615417
2,3,5,3,0.3088499903678894
2,3,5,4,0.2814142107963562
2,3,5,5,0.3514130115509033
2,3,5,6,0.565627932548523
2,3,5,7,0.2902633547782898
2,3,5,8,0.6821274757385254
2,3,5,9,0.5415439009666443
2,3,5,10,0.14741718769073486
2,3,5,11,0.042595505714416504
2,3,5,12,0.08878496289253235
2,3,5,13,0.2664770781993866
2,3,5,14,0.2736787796020508
2,3,5,15,-0.5571643114089966
2,3,5,16,0.2736787796020508
2,3,5,17,0.2736787796020508
2,3,5,18,0.31293290853500366
2,3,5,19,0.3228278160095215
2,3,5,20,0.2736719250679016
2,3,6,1,0.534511387348175
2,3,6,2,0.4656308889389038
2,3,6,3,0.25604474544525146
2,3,6,4,0.22860896587371826
2,3,6,5,0.2987765669822693
2,3,6,6,0.5091469883918762
2,3,6,7,0.23762667179107666
2,3,6,8,0.6299333572387695
2,3,6,9,0.4893498420715332
2,3,6,10,0.159203439950943
2,3,6,11,0.04328501224517822
2,3,6,12,0.04671362042427063
2,3,6,13,0.21428295969963074
2,3,6,14,0.22106021642684937
2,3,6,15,-0.6023712754249573
2,3,6,16,0.22106021642684937
2,3,6,17,0.22106021642684937
2,3,6,18,0.2603168487548828
2,3,6,19,0.2702118158340454
2,3,6,20,0.2210533618927002
2,3,7,1,0.571336030960083
2,3,7,2,0.502455472946167
2,3,7,3,0.29286932945251465
2,3,7,4,0.26543354988098145
2,3,7,5,0.33560115098953247
2,3,7,6,0.5459715723991394
2,3,7,7,0.27445125579833984
2,3,7,8,0.6667579412460327
2,3,7,9,0.5261744260787964
2,3,7,10,0.19602763652801514
2,3,7,11,0.08010932803153992
2,3,7,12,0.08353826403617859
2,3,7,13,0.2511075735092163
2,3,7,14,0.25788480043411255
2,3,7,15,-0.5655466318130493
2,3,7,16,0.25788480043411255
2,3,7,17,0.25788480043411255
2,3,7,18,0.29714149236679077
2,3,7,19,0.3070363998413086
2,3,7,20,0.2578779458999634
2,3,8,1,-0.01015239953994751
2,3,8,2,0.023735225200653076
2,3,8,3,-0.1952723264694214
2,3,8,4,-0.22270816564559937
2,3,8,5,-0.5228522419929504
2,3,8,6,-0.34495431184768677
2,3,8,7,-0.5558642148971558
2,3,8,8,0.18358540534973145
2,3,8,9,0.04296588897705078
2,3,8,10,0.07023921608924866
2,3,8,11,-0.02726912498474121
2,3,8,12,-0.2665666341781616
2,3,8,13,-0.24406158924102783
2,3,8,14,-0.22917938232421875
2,3,8,15,-1.5117592811584473
2,3,8,16,-0.22917938232421875
2,3,8,17,-0.22917938232421875
2,3,8,18,-0.19218295812606812
2,3,8,19,-0.18228811025619507
2,3,8,20,-0.22918617725372314
2,3,9,1,-0.13210570812225342
2,3,9,2,-0.06899577379226685
2,3,9,3,-0.28820788860321045
2,3,9,4,-0.31564366817474365
2,3,9,5,-0.6258467435836792
2,3,9,6,-0.49427855014801025
2,3,9,7,-0.7175772190093994
2,3,9,8,0.08467936515808105
2,3,9,9,-0.052035510540008545
2,3,9,10,-0.5114816427230835
2,3,9,11,-0.45730531215667725
2,3,9,12,-0.4729863405227661
2,3,9,13,-0.3380424976348877
2,3,9,14,-0.3628128170967102
2,3,9,15,-1.3814587593078613
2,3,9,16,-0.3628128170967102
2,3,9,17,-0.3628128170967102
2,3,9,18,-0.3272250294685364
2,3,9,19,-0.31733018159866333
2,3,9,20,-0.3628196120262146
2,3,10,1,-0.18565034866333008
2,3,10,2,-0.18489187955856323
2,3,10,3,-0.3802100419998169
2,3,10,4,-0.40764594078063965
2,3,10,5,-0.6513078212738037
2,3,10,6,-0.5728483200073242
2,3,10,7,-0.669410228729248
2,3,10,8,0.00540614128112793
2,3,10,9,-0.1351851224899292
2,3,10,10,0.11624646186828613
2,3,10,11,0.14261877536773682
2,3,10,12,-0.05752217769622803
2,3,10,13,-0.410106360912323
2,3,10,14,-0.4024994373321533
2,3,10,15,-1.0505969524383545
2,3,10,16,-0.4024994373321533
2,3,10,17,-0.4024994373321533
2,3,10,18,-0.36574918031692505
2,3,10,19,-0.355854332447052
2,3,10,20,-0.40250635147094727
2,3,11,1,0.9552613496780396
2,3,11,2,0.885601282119751
2,3,11,3,0.6778446435928345
2,3,11,4,0.6504088640213013
2,3,11,5,0.7187572717666626
2,3,11,6,0.8893689513206482
2,3,11,7,0.6554571986198425
2,3,11,8,1.0498658418655396
2,3,11,9,0.909294843673706
2,3,11,10,0.6441460251808167
2,3,11,11,0.6038581132888794
2,3,11,12,0.6044702529907227
2,3,11,13,0.6342511177062988
2,3,11,14,0.6417597532272339
2,3,11,15,0.33427485823631287
2,3,11,16,0.6417597532272339
2,3,11,17,0.6417597532272339
2,3,11,18,0.6809782981872559
2,3,11,19,0.6908731460571289
2,3,11,20,0.6417529582977295
2,3,12,1,-0.6985422968864441
2,3,12,2,-0.9506437182426453
2,3,12,3,-0.9437777400016785
2,3,12,4,-0.9712390303611755
2,3,12,5,-0.7766641974449158
2,3,12,6,-1.51466965675354
2,3,12,7,-0.7153822779655457
2,3,12,8,-0.6303735375404358
2,3,12,9,-0.6636385321617126
2,3,12,10,3.5393881797790527
2,3,12,11,4.878366470336914
2,3,12,12,4.2368669509887695
2,3,12,13,-0.6271761059761047
2,3,12,14,-0.7679370045661926
2,3,12,15,4.7043137550354
2,3,12,16,-0.7690045237541199
2,3,12,17,-0.7614313960075378
2,3,12,18,-0.7175461649894714
2,3,12,19,-0.7076513171195984
2,3,12,20,-0.7684740424156189
2,3,13,1,0.1466587781906128
2,3,13,2,-0.07485902309417725
2,3,13,3,-0.10331141948699951
2,3,13,4,-0.13075506687164307
2,3,13,5,0.0476301908493042
2,3,13,6,-0.5252651572227478
2,3,13,7,0.08543461561203003
2,3,13,8,0.26510655879974365
2,3,13,9,0.20197433233261108
2,3,13,10,3.259194850921631
2,3,13,11,4.234375
2,3,13,12,3.9296412467956543
2,3,13,13,0.20772773027420044
2,3,13,14,-0.018107116222381592
2,3,13,15,4.664737701416016
2,3,13,16,-0.018107116222381592
2,3,13,17,-0.015255272388458252
2,3,13,18,0.030197203159332275
2,3,13,19,0.04009217023849487
2,3,13,20,-0.018111765384674072
2,3,14,1,1.225932002067566
2,3,14,2,1.155173897743225
2,3,14,3,0.9471560120582581
2,3,14,4,0.9197202324867249
2,3,14,5,0.9890683889389038
2,3,14,6,1.1795916557312012
2,3,14,7,0.927667498588562
2,3,14,8,1.3207621574401855
2,3,14,9,1.1801750659942627
2,3,14,10,1.0519880056381226
2,3,14,11,0.927270770072937
2,3,14,12,0.824984073638916
2,3,14,13,0.9051117897033691
2,3,14,14,0.9119511842727661
2,3,14,15,0.199529230594635
2,3,14,16,0.9119511842727661
2,3,14,17,0.9119511842727661
2,3,14,18,0.9511722326278687
2,3,14,19,0.9610671401023865
2,3,14,20,0.9119442701339722
2,3,15,1,0.7101011276245117
2,3,15,2,0.6358891725540161
2,3,15,3,0.43089139461517334
2,3,15,4,0.40345561504364014
2,3,15,5,0.5282418131828308
2,3,15,6,0.33174753189086914
2,3,15,7,0.6562103033065796
2,3,15,8,0.8662338256835938
2,3,15,9,0.7256425023078918
2,3,15,10,3.6144495010375977
2,3,15,11,3.7450194358825684
2,3,15,12,2.985293388366699
2,3,15,13,0.45338380336761475
2,3,15,14,0.47045525908470154
2,3,15,15,2.3720242977142334
2,3,15,16,0.47045525908470154
2,3,15,17,0.47045525908470154
2,3,15,18,0.5102275609970093
2,3,15,19,0.5201224684715271
2,3,15,20,0.47044840455055237
2,3,16,1,0.9799665212631226
2,3,16,2,0.9103037118911743
2,3,16,3,0.7025498151779175
2,3,16,4,0.6751140356063843
2,3,16,5,0.7434624433517456
2,3,16,6,0.9250421524047852
2,3,16,7,0.6801624298095703
2,3,16,8,1.0745710134506226
2,3,16,9,0.9340000152587891
2,3,16,10,0.6651141047477722
2,3,16,11,0.5969359278678894
2,3,16,12,0.5939885973930359
2,3,16,13,0.6589562892913818
2,3,16,14,0.6664650440216064
2,3,16,15,0.3080318868160248
2,3,16,16,0.6664650440216064
2,3,16,17,0.6664650440216064
2,3,16,18,0.7056834697723389
2,3,16,19,0.7155783176422119
2,3,16,20,0.6664581298828125
2,3,17,1,0.9303463697433472
2,3,17,2,0.860686182975769
2,3,17,3,0.6529296040534973
2,3,17,4,0.6254937648773193
2,3,17,5,0.6938422918319702
2,3,17,6,0.8688549995422363
2,3,17,7,0.6305421590805054
2,3,17,8,1.0249508619308472
2,3,17,9,0.8843798637390137
2,3,17,10,0.6201639175415039
2,3,17,11,0.5791821479797363
2,3,17,12,0.5658709406852722
2,3,17,13,0.6093360781669617
2,3,17,14,0.6168447732925415
2,3,17,15,0.1734696328639984
2,3,17,16,0.6168447732925415
2,3,17,17,0.6168447732925415
2,3,17,18,0.6560632586479187
2,3,17,19,0.6659581661224365
2,3,17,20,0.6168379187583923
2,3,18,1,1.1887295246124268
2,3,18,2,0.9995555877685547
2,3,18,3,0.8626951575279236
2,3,18,4,0.8352593779563904
2,3,18,5,0.9907456636428833
2,3,18,6,0.6984568238258362
2,3,18,7,1.1815317869186401
2,3,18,8,1.3540523052215576
2,3,18,9,1.2135577201843262
2,3,18,10,5.565406799316406
2,3,18,11,5.7163615226745605
2,3,18,12,4.405767917633057
2,3,18,13,0.9728647470474243
2,3,18,14,0.9899189472198486
2,3,18,15,3.1582796573638916
2,3,18,16,0.9899189472198486
2,3,18,17,0.9899189472198486
2,3,18,18,1.0345960855484009
2,3,18,19,1.044490933418274
2,3,18,20,0.9899120330810547
2,3,19,1,0.468543142080307
2,3,19,2,0.3817690312862396
2,3,19,3,0.23779648542404175
2,3,19,4,0.21036070585250854
2,3,19,5,0.36900413036346436
2,3,19,6,0.10070019960403442
2,3,19,7,0.4369586408138275
2,3,19,8,0.6181944012641907
2,3,19,9,0.47960561513900757
2,3,19,10,2.793623208999634
2,3,19,11,3.1673712730407715
2,3,19,12,2.6613283157348633
2,3,19,13,0.22554370760917664
2,3,19,14,0.24804618954658508
2,3,19,15,2.6972787380218506
2,3,19,16,0.24804618954658508
2,3,19,17,0.24804618954658508
2,3,19,18,0.2869732975959778
2,3,19,19,0.2968681752681732
2,3,19,20,0.24803930521011353
2,3,20,1,1.3634113073349
2,3,20,2,1.2949941158294678
2,3,20,3,1.0869762897491455
2,3,20,4,1.0595405101776123
2,3,20,5,1.1292479038238525
2,3,20,6,1.3158085346221924
2,3,20,7,1.0678632259368896
2,3,20,8,1.4602820873260498
2,3,20,9,1.319694995880127
2,3,20,10,1.2809884548187256
2,3,20,11,1.1407732963562012
2,3,20,12,0.9736226797103882
2,3,20,13,1.0446317195892334
2,3,20,14,1.0515016317367554
2,3,20,15,0.34918493032455444
2,3,20,16,1.0515016317367554
2,3,20,17,1.0515016317367554
2,3,20,18,1.090728521347046
2,3,20,19,1.100623369216919
2,3,20,20,1.0514947175979614
2,4,1,1,0.36564648151397705
2,4,1,2,0.10837137699127197
2,4,1,3,0.28070399165153503
2,4,1,4,0.2962941825389862
2,4,1,5,0.6377964019775391
2,4,1,6,0.8577592968940735
2,4,1,7,0.4174886643886566
2,4,1,8,0.4174886643886566
2,4,1,9,0.4174886643886566
2,4,1,10,0.4174886643886566
2,4,1,11,0.9280916452407837
2,4,1,12,0.3855280876159668
2,4,1,13,0.3807850182056427
2,4,1,14,0.40033289790153503
2,4,1,15,0.38429734110832214
2,4,1,16,0.4262552857398987
2,4,1,17,0.40083175897598267
2,4,1,18,0.43156197667121887
2,4,1,19,0.4118315875530243
2,4,1,20,0.510024905204773
2,4,2,1,0.5551180839538574
2,4,2,2,0.32021239399909973
2,4,2,3,0.48252546787261963
2,4,2,4,0.4939495325088501
2,4,2,5,0.7480259537696838
2,4,2,6,1.0268845558166504
2,4,2,7,0.6073651313781738
2,4,2,8,0.6073423624038696
2,4,2,9,0.6073651313781738
2,4,2,10,0.6073605418205261
2,4,2,11,1.1242151260375977
2,4,2,12,0.582609236240387
2,4,2,13,0.5778661966323853
2,4,2,14,0.5974140167236328
2,4,2,15,0.5813784599304199
2,4,2,16,0.6233363747596741
2,4,2,17,0.5979128479957581
2,4,2,18,0.6206458806991577
2,4,2,19,0.596524715423584
2,4,2,20,0.6721845269203186
2,4,3,1,0.5655922889709473
2,4,3,2,0.3306865990161896
2,4,3,3,0.4929996728897095
2,4,3,4,0.5044237375259399
2,4,3,5,0.7585001587867737
2,4,3,6,1.0373587608337402
2,4,3,7,0.6178393363952637
2,4,3,8,0.6178165674209595
2,4,3,9,0.6178393363952637
2,4,3,10,0.617834746837616
2,4,3,11,1.1346893310546875
2,4,3,12,0.593083381652832
2,4,3,13,0.5883403420448303
2,4,3,14,0.6078881621360779
2,4,3,15,0.5918526649475098
2,4,3,16,0.6338105797767639
2,4,3,17,0.6083870530128479
2,4,3,18,0.6311200857162476
2,4,3,19,0.6069989204406738
2,4,3,20,0.6826646327972412
2,4,4,1,0.5780982971191406
2,4,4,2,0.34319257736206055
2,4,4,3,0.5055056810379028
2,4,4,4,0.5169297456741333
2,4,4,5,0.7709950804710388
2,4,4,6,1.049864649772644
2,4,4,7,0.6303452849388123
2,4,4,8,0.6303225755691528
2,4,4,9,0.6303452849388123
2,4,4,10,0.6303407549858093
2,4,4,11,1.1471952199935913
2,4,4,12,0.6055893898010254
2,4,4,13,0.6008463501930237
2,4,4,14,0.6203941702842712
2,4,4,15,0.6043586730957031
2,4,4,16,0.6463165283203125
2,4,4,17,0.6208930015563965
2,4,4,18,0.6436260342597961
2,4,4,19,0.6195049285888672
2,4,4,20,0.6928048729896545
2,4,5,1,0.11598461866378784
2,4,5,2,-0.4809253215789795
2,4,5,3,-0.3906148076057434
2,4,5,4,-0.3732870817184448
2,4,5,5,0.05332016944885254
2,4,5,6,0.1969507336616516
2,4,5,7,0.23565849661827087
2,4,5,8,0.2138688862323761
2,4,5,9,0.2851211130619049
2,4,5,10,0.20762664079666138
2,4,5,11,0.36011213064193726
2,4,5,12,-0.08774024248123169
2,4,5,13,-0.07658243179321289
2,4,5,14,-0.07655757665634155
2,4,5,15,-0.056235432624816895
2,4,5,16,-0.03804469108581543
2,4,5,17,-0.043445706367492676
2,4,5,18,0.25061872601509094
2,4,5,19,0.22804230451583862
2,4,5,20,0.632818877696991
2,4,6,1,-0.07914161682128906
2,4,6,2,-0.6652565002441406
2,4,6,3,-0.5181286334991455
2,4,6,4,-0.39322715997695923
2,4,6,5,1.02201247215271
2,4,6,6,0.7764220237731934
2,4,6,7,0.058309584856033325
2,4,6,8,0.07358947396278381
2,4,6,9,0.05843991041183472
2,4,6,10,0.0675840973854065
2,4,6,11,0.7479919195175171
2,4,6,12,-0.1537877917289734
2,4,6,13,-0.15850037336349487
2,4,6,14,-0.138962984085083
2,4,6,15,-0.1549893021583557
2,4,6,16,-0.11302906274795532
2,4,6,17,-0.13845491409301758
2,4,6,18,0.08090293407440186
2,4,6,19,0.2562093436717987
2,4,6,20,1.1429187059402466
2,4,7,1,-0.024841666221618652
2,4,7,2,-0.6363760232925415
2,4,7,3,-0.4503185749053955
2,4,7,4,-0.35642582178115845
2,4,7,5,0.9949445724487305
2,4,7,6,0.7293266654014587
2,4,7,7,0.10834911465644836
2,4,7,8,0.11199551820755005
2,4,7,9,0.11160573363304138
2,4,7,10,0.11439871788024902
2,4,7,11,0.7366114854812622
2,4,7,12,-0.11463344097137451
2,4,7,13,-0.119346022605896
2,4,7,14,-0.09980857372283936
2,4,7,15,-0.11583495140075684
2,4,7,16,-0.07387465238571167
2,4,7,17,-0.09930050373077393
2,4,7,18,0.13164135813713074
2,4,7,19,0.1631964147090912
2,4,7,20,1.0299757719039917
2,4,8,1,-0.4032568335533142
2,4,8,2,-0.64561527967453
2,4,8,3,-0.47324585914611816
2,4,8,4,-0.45347869396209717
2,4,8,5,0.09094837307929993
2,4,8,6,0.18890637159347534
2,4,8,7,-0.3151512145996094
2,4,8,8,-0.31518393754959106
2,4,8,9,-0.3151512145996094
2,4,8,10,-0.3151605725288391
2,4,8,11,0.19351822137832642
2,4,8,12,-0.37052321434020996
2,4,8,13,-0.37526625394821167
2,4,8,14,-0.3557184338569641
2,4,8,15,-0.3717539310455322
2,4,8,16,-0.3297960162162781
2,4,8,17,-0.3552195429801941
2,4,8,18,-0.30192428827285767
2,4,8,19,-0.32676994800567627
2,4,8,20,-0.21889865398406982
2,4,9,1,0.005821585655212402
2,4,9,2,-0.20464134216308594
2,4,9,3,-0.055453360080718994
2,4,9,4,-0.06674349308013916
2,4,9,5,0.2974049150943756
2,4,9,6,0.4899132251739502
2,4,9,7,0.08762872219085693
2,4,9,8,0.09193849563598633
2,4,9,9,0.09377181529998779
2,4,9,10,0.09501409530639648
2,4,9,11,0.545753538608551
2,4,9,12,0.015373826026916504
2,4,9,13,0.010630786418914795
2,4,9,14,0.03017866611480713
2,4,9,15,0.014143109321594238
2,4,9,16,0.05610102415084839
2,4,9,17,0.030677497386932373
2,4,9,18,0.1135263442993164
2,4,9,19,0.043810248374938965
2,4,9,20,0.10087627172470093
2,4,10,1,-0.3671058118343353
2,4,10,2,-0.6095492839813232
2,4,10,3,-0.4303395748138428
2,4,10,4,-0.4174124598503113
2,4,10,5,0.036150723695755005
2,4,10,6,0.170060932636261
2,4,10,7,-0.27899447083473206
2,4,10,8,-0.279021292924881
2,4,10,9,-0.27898064255714417
2,4,10,10,-0.2789892256259918
2,4,10,11,0.22472363710403442
2,4,10,12,-0.3337048292160034
2,4,10,13,-0.3384478688240051
2,4,10,14,-0.3188999891281128
2,4,10,15,-0.3349355459213257
2,4,10,16,-0.29297763109207153
2,4,10,17,-0.31840115785598755
2,4,10,18,-0.26576006412506104
2,4,10,19,-0.30976855754852295
2,4,10,20,-0.24300256371498108
2,4,11,1,0.6338333487510681
2,4,11,2,0.39368000626564026
2,4,11,3,0.5647369623184204
2,4,11,4,0.5757402181625366
2,4,11,5,0.9107810258865356
2,4,11,6,1.1316392421722412
2,4,11,7,0.6858298778533936
2,4,11,8,0.6858298778533936
2,4,11,9,0.6858298778533936
2,4,11,10,0.6858298778533936
2,4,11,11,1.202219843864441
2,4,11,12,0.661855161190033
2,4,11,13,0.6571121215820312
2,4,11,14,0.6766600012779236
2,4,11,15,0.6606244444847107
2,4,11,16,0.7025823593139648
2,4,11,17,0.6771588325500488
2,4,11,18,0.6992189884185791
2,4,11,19,0.6781245470046997
2,4,11,20,0.8259019255638123
2,4,12,1,-0.26374000310897827
2,4,12,2,-0.5092967748641968
2,4,12,3,-0.3399049639701843
2,4,12,4,-0.32877352833747864
2,4,12,5,0.09365463256835938
2,4,12,6,0.2879165709018707
2,4,12,7,-0.20777860283851624
2,4,12,8,-0.20791485905647278
2,4,12,9,-0.20775887370109558
2,4,12,10,-0.2078479826450348
2,4,12,11,0.2952382564544678
2,4,12,12,-0.24534359574317932
2,4,12,13,-0.2500866651535034
2,4,12,14,-0.2305387258529663
2,4,12,15,-0.24657434225082397
2,4,12,16,-0.20461630821228027
2,4,12,17,-0.2300398349761963
2,4,12,18,-0.19519901275634766
2,4,12,19,-0.22382983565330505
2,4,12,20,-0.01946491003036499
2,4,13,1,-0.08673334121704102
2,4,13,2,-0.3268797695636749
2,4,13,3,-0.18464237451553345
2,4,13,4,-0.1450648307800293
2,4,13,5,0.611880362033844
2,4,13,6,0.7095268368721008
2,4,13,7,-0.021111398935317993
2,4,13,8,-0.02292761206626892
2,4,13,9,-0.0239446759223938
2,4,13,10,-0.02461373805999756
2,4,13,11,0.5115436315536499
2,4,13,12,-0.06286785006523132
2,4,13,13,-0.06761088967323303
2,4,13,14,-0.04806298017501831
2,4,13,15,-0.06409856677055359
2,4,13,16,-0.022140532732009888
2,4,13,17,-0.04756411910057068
2,4,13,18,-0.012107521295547485
2,4,13,19,0.03720062971115112
2,4,13,20,0.337226927280426
2,4,14,1,-0.14765113592147827
2,4,14,2,-0.3015441298484802
2,4,14,3,-0.39532166719436646
2,4,14,4,0.2853930592536926
2,4,14,5,6.104320526123047
2,4,14,6,4.9216485023498535
2,4,14,7,0.4648280143737793
2,4,14,8,0.6654728651046753
2,4,14,9,0.13092577457427979
2,4,14,10,0.5737221837043762
2,4,14,11,3.5309181213378906
2,4,14,12,0.3247886300086975
2,4,14,13,0.3153996467590332
2,4,14,14,0.32430070638656616
2,4,14,15,0.30271291732788086
2,4,14,16,0.34095388650894165
2,4,14,17,0.314487099647522
2,4,14,18,0.08476966619491577
2,4,14,19,1.5666998624801636
2,4,14,20,7.084741592407227
2,4,15,1,-1.9069455862045288
2,4,15,2,-2.2148005962371826
2,4,15,3,-2.032835006713867
2,4,15,4,-1.9261460304260254
2,4,15,5,-0.7278366088867188
2,4,15,6,-0.7604214549064636
2,4,15,7,-1.8116118907928467
2,4,15,8,-1.8314056396484375
2,4,15,9,-1.8330373764038086
2,4,15,10,-1.8394267559051514
2,4,15,11,-1.143455982208252
2,4,15,12,-1.8209525346755981
2,4,15,13,-1.825695514678955
2,4,15,14,-1.806147575378418
2,4,15,15,-1.8221832513809204
2,4,15,16,-1.7802252769470215
2,4,15,17,-1.8056488037109375
2,4,15,18,-1.8639707565307617
2,4,15,19,-1.6876909732818604
2,4,15,20,-1.2904906272888184
2,4,16,1,0.6668124198913574
2,4,16,2,0.42665910720825195
2,4,16,3,0.5977160334587097
2,4,16,4,0.6087193489074707
2,4,16,5,0.9437601566314697
2,4,16,6,1.1646182537078857
2,4,16,7,0.7188089489936829
2,4,16,8,0.7188089489936829
2,4,16,9,0.7188089489936829
2,4,16,10,0.7188089489936829
2,4,16,11,1.235198974609375
2,4,16,12,0.694834291934967
2,4,16,13,0.6900911927223206
2,4,16,14,0.7096390724182129
2,4,16,15,0.693603515625
2,4,16,16,0.7355614900588989
2,4,16,17,0.7101379632949829
2,4,16,18,0.7321980595588684
2,4,16,19,0.711103618144989
2,4,16,20,0.862237274646759
2,4,17,1,0.6006398797035217
2,4,17,2,0.36048653721809387
2,4,17,3,0.531543493270874
2,4,17,4,0.5425467491149902
2,4,17,5,0.8775875568389893
2,4,17,6,1.0984456539154053
2,4,17,7,0.6526364088058472
2,4,17,8,0.6526364088058472
2,4,17,9,0.6526364088058472
2,4,17,10,0.6526364088058472
2,4,17,11,1.1690263748168945
2,4,17,12,0.6286616921424866
2,4,17,13,0.6239186525344849
2,4,17,14,0.6434665322303772
2,4,17,15,0.6274309754371643
2,4,17,16,0.6693888902664185
2,4,17,17,0.6439653635025024
2,4,17,18,0.6660255193710327
2,4,17,19,0.6449310779571533
2,4,17,20,0.7888761162757874
2,4,18,1,-3.083482027053833
2,4,18,2,-3.428504705429077
2,4,18,3,-3.2029900550842285
2,4,18,4,-3.143012285232544
2,4,18,5,-2.1320459842681885
2,4,18,6,-2.1578426361083984
2,4,18,7,-3.0139107704162598
2,4,18,8,-3.0163917541503906
2,4,18,9,-3.0161960124969482
2,4,18,10,-3.0186219215393066
2,4,18,11,-2.461568593978882
2,4,18,12,-3.0314247608184814
2,4,18,13,-3.036167860031128
2,4,18,14,-3.01662015914917
2,4,18,15,-3.0326554775238037
2,4,18,16,-2.9906973838806152
2,4,18,17,-3.0161211490631104
2,4,18,18,-3.0298056602478027
2,4,18,19,-3.0226478576660156
2,4,18,20,-2.685969829559326
2,4,19,1,-0.5176386833190918
2,4,19,2,-0.8021668195724487
2,4,19,3,-0.6610878705978394
2,4,19,4,-0.5547492504119873
2,4,19,5,0.6379984021186829
2,4,19,6,0.6539046168327332
2,4,19,7,-0.3954169750213623
2,4,19,8,-0.42002975940704346
2,4,19,9,-0.42628014087677
2,4,19,10,-0.4323708713054657
2,4,19,11,0.27872371673583984
2,4,19,12,-0.45232635736465454
2,4,19,13,-0.457069456577301
2,4,19,14,-0.43752145767211914
2,4,19,15,-0.4535571336746216
2,4,19,16,-0.4115990996360779
2,4,19,17,-0.4370225667953491
2,4,19,18,-0.44737303256988525
2,4,19,19,-0.19808197021484375
2,4,19,20,0.13146543502807617
2,4,20,1,-0.009588807821273804
2,4,20,2,-0.13312780857086182
2,4,20,3,0.06921744346618652
2,4,20,4,0.7303730249404907
2,4,20,5,8.92087459564209
2,4,20,6,6.112928867340088
2,4,20,7,0.353847861289978
2,4,20,8,0.572207510471344
2,4,20,9,0.08614176511764526
2,4,20,10,0.5674336552619934
2,4,20,11,4.4417948722839355
2,4,20,12,0.8111919164657593
2,4,20,13,0.7415141463279724
2,4,20,14,0.8258554339408875
2,4,20,15,0.6481883525848389
2,4,20,16,0.7754562497138977
2,4,20,17,0.655093252658844
2,4,20,18,0.2673698663711548
2,4,20,19,1.5761948823928833
2,4,20,20,8.085430145263672
2,5,1,1,-0.00010185560677200556
2,5,1,2,-0.00010185560677200556
2,5,1,3,-0.00010185560677200556
2,5,1,4,-0.00010185560677200556
2,5,1,5,-0.00010185560677200556
2,5,1,6,-0.00010185560677200556
2,5,1,7,-0.00010185560677200556
2,5,1,8,-0.00010185560677200556
2,5,1,9,-0.00010185560677200556
2,5,1,10,-0.00010185560677200556
2,5,1,11,-0.00010185560677200556
2,5,1,12,-0.00010185560677200556
2,5,1,13,-0.00010185560677200556
2,5,1,14,-0.00010185560677200556
2,5,1,15,-0.00010185560677200556
2,5,1,16,-0.00010185560677200556
2,5,1,17,-0.00010185560677200556
2,5,1,18,-0.00010185560677200556
2,5,1,19,-0.00010185560677200556
2,5,1,20,-0.00010185560677200556
2,5,2,1,-0.00010185560677200556
2,5,2,2,-0.00010185560677200556
2,5,2,3,-0.00010185560677200556
2,5,2,4,-0.00010185560677200556
2,5,2,5,-0.00010185560677200556
2,5,2,6,-0.00010185560677200556
2,5,2,7,-0.00010185560677200556
2,5,2,8,-0.00010185560677200556
2,5,2,9,-0.00010185560677200556
2,5,2,10,-0.00010185560677200556
2,5,2,11,-0.00010185560677200556
2,5,2,12,-0.00010185560677200556
2,5,2,13,-0.00010185560677200556
2,5,2,14,-0.00010185560677200556
2,5,2,15,-0.00010185560677200556
2,5,2,16,-0.00010185560677200556
2,5,2,17,-0.00010185560677200556
2,5,2,18,-0.00010185560677200556
2,5,2,19,-0.00010185560677200556
2,5,2,20,-0.00010185560677200556
2,5,3,1,-0.00010185560677200556
2,5,3,2,-0.00010185560677200556
2,5,3,3,-0.00010185560677200556
2,5,3,4,-0.00010185560677200556
2,5,3,5,-0.00010185560677200556
2,5,3,6,-0.00010185560677200556
2,5,3,7,-0.00010185560677200556
2,5,3,8,-0.00010185560677200556
2,5,3,9,-0.00010185560677200556
2,5,3,10,-0.00010185560677200556
2,5,3,11,-0.00010185560677200556
2,5,3,12,-0.00010185560677200556
2,5,3,13,-0.00010185560677200556
2,5,3,14,-0.00010185560677200556
2,5,3,15,-0.00010185560677200556
2,5,3,16,-0.00010185560677200556
2,5,3,17,-0.00010185560677200556
2,5,3,18,-0.00010185560677200556
2,5,3,19,-0.00010185560677200556
2,5,3,20,-0.00010185560677200556
2,5,4,1,-0.00010185560677200556
2,5,4,2,-0.00010185560677200556
2,5,4,3,-0.00010185560677200556
2,5,4,4,-0.00010185560677200556
2,5,4,5,-0.00010185560677200556
2,5,4,6,-0.00010185560677200556
2,5,4,7,-0.00010185560677200556
2,5,4,8,-0.00010185560677200556
2,5,4,9,-0.00010185560677200556
2,5,4,10,-0.00010185560677200556
2,5,4,11,-0.00010185560677200556
2,5,4,12,-0.00010185560677200556
2,5,4,13,-0.00010185560677200556
2,5,4,14,-0.00010185560677200556
2,5,4,15,-0.00010185560677200556
2,5,4,16,-0.00010185560677200556
2,5,4,17,-0.00010185560677200556
2,5,4,18,-0.00010185560677200556
2,5,4,19,-0.00010185560677200556
2,5,4,20,-0.00010185560677200556
2,5,5,1,-0.00017537704843562096
2,5,5,2,-0.00017537704843562096
2,5,5,3,-0.00017537704843562096
2,5,5,4,-0.00017537704843562096
2,5,5,5,-0.00017537704843562096
2,5,5,6,-0.00017537704843562096
2,5,5,7,-0.00017537704843562096
2,5,5,8,-0.00017537704843562096
2,5,5,9,-0.00017537704843562096
2,5,5,10,-0.00017537704843562096
2,5,5,11,-0.00017537704843562096
2,5,5,12,-0.00017537704843562096
2,5,5,13,-0.00017537704843562096
2,5,5,14,-0.00017537704843562096
2,5,5,15,-0.00017537704843562096
2,5,5,16,-0.00017537704843562096
2,5,5,17,-0.00017537704843562096
2,5,5,18,-0.00017537704843562096
2,5,5,19,-0.00017537704843562096
2,5,5,20,-0.00017537704843562096
2,5,6,1,-0.00010185560677200556
2,5,6,2,-0.00010185560677200556
2,5,6,3,-0.00010185560677200556
2,5,6,4,-0.00010185560677200556
2,5,6,5,-0.00010185560677200556
2,5,6,6,-0.00010185560677200556
2,5,6,7,-0.00010185560677200556
2,5,6,8,-0.00010185560677200556
2,5,6,9,-0.00010185560677200556
2,5,6,10,-0.00010185560677200556
2,5,6,11,-0.00010185560677200556
2,5,6,12,-0.00010185560677200556
2,5,6,13,-0.00010185560677200556
2,5,6,14,-0.00010185560677200556
2,5,6,15,-0.00010185560677200556
2,5,6,16,-0.00010185560677200556
2,5,6,17,-0.00010185560677200556
2,5,6,18,-0.00010185560677200556
2,5,6,19,-0.00010185560677200556
2,5,6,20,-0.00010185560677200556
2,5,7,1,-0.00010185560677200556
2,5,7,2,-0.00010185560677200556
2,5,7,3,-0.00010185560677200556
2,5,7,4,-0.00010185560677200556
2,5,7,5,-0.00010185560677200556
2,5,7,6,-0.00010185560677200556
2,5,7,7,-0.00010185560677200556
2,5,7,8,-0.00010185560677200556
2,5,7,9,-0.00010185560677200556
2,5,7,10,-0.00010185560677200556
2,5,7,11,-0.00010185560677200556
2,5,7,12,-0.00010185560677200556
2,5,7,13,-0.00010185560677200556
2,5,7,14,-0.00010185560677200556
2,5,7,15,-0.00010185560677200556
2,5,7,16,-0.00010185560677200556
2,5,7,17,-0.00010185560677200556
2,5,7,18,-0.00010185560677200556
2,5,7,19,-0.00010185560677200556
2,5,7,20,-0.00010185560677200556
2,5,8,1,-0.0006984760402701795
2,5,8,2,-0.0006984760402701795
2,5,8,3,-0.0006984760402701795
2,5,8,4,-0.0006984760402701795
2,5,8,5,-0.0006984760402701795
2,5,8,6,-0.0006984760402701795
2,5,8,7,-0.0006984760402701795
2,5,8,8,-0.0006984760402701795
2,5,8,9,-0.0006984760402701795
2,5,8,10,-0.0006984760402701795
2,5,8,11,-0.0006984760402701795
2,5,8,12,-0.0006984760402701795
2,5,8,13,-0.0006984760402701795
2,5,8,14,-0.0006984760402701795
2,5,8,15,-0.0006984760402701795
2,5,8,16,-0.0006984760402701795
2,5,8,17,-0.0006984760402701795
2,5,8,18,-0.0006984760402701795
2,5,8,19,-0.0006984760402701795
2,5,8,20,-0.0006984760402701795
2,5,9,1,-0.03321825712919235
2,5,9,2,-0.03321825712919235
2,5,9,3,-0.03321825712919235
2,5,9,4,-0.03321825712919235
2,5,9,5,-0.03321825712919235
2,5,9,6,-0.03321825712919235
2,5,9,7,-0.03321825712919235
2,5,9,8,-0.03321825712919235
2,5,9,9,-0.03321825712919235
2,5,9,10,-0.03321825712919235
2,5,9,11,-0.03321825712919235
2,5,9,12,-0.03321825712919235
2,5,9,13,-0.03321825712919235
2,5,9,14,-0.03321825712919235
2,5,9,15,-0.03321825712919235
2,5,9,16,-0.03321825712919235
2,5,9,17,-0.03321825712919235
2,5,9,18,-0.03321825712919235
2,5,9,19,-0.03321825712919235
2,5,9,20,-0.03321825712919235
2,5,10,1,-0.0006984760402701795
2,5,10,2,-0.0006984760402701795
2,5,10,3,-0.0006984760402701795
2,5,10,4,-0.0006984760402701795
2,5,10,5,-0.0006984760402701795
2,5,10,6,-0.0006984760402701795
2,5,10,7,-0.0006984760402701795
2,5,10,8,-0.0006984760402701795
2,5,10,9,-0.0006984760402701795
2,5,10,10,-0.0006984760402701795
2,5,10,11,-0.0006984760402701795
2,5,10,12,-0.0006984760402701795
2,5,10,13,-0.0006984760402701795
2,5,10,14,-0.0006984760402701795
2,5,10,15,-0.0006984760402701795
2,5,10,16,-0.0006984760402701795
2,5,10,17,-0.0006984760402701795
2,5,10,18,-0.0006984760402701795
2,5,10,19,-0.0006984760402701795
2,5,10,20,-0.0006984760402701795
2,5,11,1,-0.00010185560677200556
2,5,11,2,-0.00010185560677200556
2,5,11,3,-0.00010185560677200556
2,5,11,4,-0.00010185560677200556
2,5,11,5,-0.00010185560677200556
2,5,11,6,-0.00010185560677200556
2,5,11,7,-0.00010185560677200556
2,5,11,8,-0.00010185560677200556
2,5,11,9,-0.00010185560677200556
2,5,11,10,-0.00010185560677200556
2,5,11,11,-0.00010185560677200556
2,5,11,12,-0.00010185560677200556
2,5,11,13,-0.00010185560677200556
2,5,11,14,-0.00010185560677200556
2,5,11,15,-0.00010185560677200556
2,5,11,16,-0.00010185560677200556
2,5,11,17,-0.00010185560677200556
2,5,11,18,-0.00010185560677200556
2,5,11,19,-0.00010185560677200556
2,5,11,20,-0.00010185560677200556
2,5,12,1,0.008851282298564911
2,5,12,2,0.008851282298564911
2,5,12,3,0.008851282298564911
2,5,12,4,0.008851282298564911
2,5,12,5,0.008851282298564911
2,5,12,6,0.008851282298564911
2,5,12,7,0.008851282298564911
2,5,12,8,0.008851282298564911
2,5,12,9,0.008851282298564911
2,5,12,10,0.008851282298564911
2,5,12,11,0.008851282298564911
2,5,12,12,0.008851282298564911
2,5,12,13,0.008851282298564911
2,5,12,14,0.008851282298564911
2,5,12,15,0.008851282298564911
2,5,12,16,0.008851282298564911
2,5,12,17,0.008851282298564911
2,5,12,18,0.008851282298564911
2,5,12,19,0.008851282298564911
2,5,12,20,0.008851282298564911
2,5,13,1,0.0009167055250145495
2,5,13,2,0.0009167055250145495
2,5,13,3,0.0009167055250145495
2,5,13,4,0.0009167055250145495
2,5,13,5,0.0009167055250145495
2,5,13,6,0.0009167055250145495
2,5,13,7,0.0009167055250145495
2,5,13,8,0.0009167055250145495
2,5,13,9,0.0009167055250145495
2,5,13,10,0.0009167055250145495
2,5,13,11,0.0009167055250145495
2,5,13,12,0.0009167055250145495
2,5,13,13,0.0009167055250145495
2,5,13,14,0.0009167055250145495
2,5,13,15,0.0009167055250145495
2,5,13,16,0.0009167055250145495
2,5,13,17,0.0009167055250145495
2,5,13,18,0.0009167055250145495
2,5,13,19,0.0009167055250145495
2,5,13,20,0.0009167055250145495
2,5,14,1,0.0005605760961771011
2,5,14,2,0.0005605760961771011
2,5,14,3,0.0005605760961771011
2,5,14,4,0.0005605760961771011
2,5,14,5,0.0005605760961771011
2,5,14,6,0.0005605760961771011
2,5,14,7,0.0005605760961771011
2,5,14,8,0.0005605760961771011
2,5,14,9,0.0005605760961771011
2,5,14,10,0.0005605760961771011
2,5,14,11,0.0005605760961771011
2,5,14,12,0.0005605760961771011
2,5,14,13,0.0005605760961771011
2,5,14,14,0.0005605760961771011
2,5,14,15,0.0005605760961771011
2,5,14,16,0.0005605760961771011
2,5,14,17,0.0005605760961771011
2,5,14,18,0.0005605760961771011
2,5,14,19,0.0005605760961771011
2,5,14,20,0.0005605760961771011
2,5,15,1,0.15734806656837463
2,5,15,2,0.15734806656837463
2,5,15,3,0.15734806656837463
2,5,15,4,0.15734806656837463
2,5,15,5,0.15734806656837463
2,5,15,6,0.15734806656837463
2,5,15,7,0.15734806656837463
2,5,15,8,0.15734806656837463
2,5,15,9,0.15734806656837463
2,5,15,10,0.15734806656837463
2,5,15,11,0.15734806656837463
2,5,15,12,0.15734806656837463
2,5,15,13,0.15734806656837463
2,5,15,14,0.15734806656837463
2,5,15,15,0.15734806656837463
2,5,15,16,0.15734806656837463
2,5,15,17,0.15734806656837463
2,5,15,18,0.15734806656837463
2,5,15,19,0.15734806656837463
2,5,15,20,0.15734806656837463
2,5,16,1,-0.00010185560677200556
2,5,16,2,-0.00010185560677200556
2,5,16,3,-0.00010185560677200556
2,5,16,4,-0.00010185560677200556
2,5,16,5,-0.00010185560677200556
2,5,16,6,-0.00010185560677200556
2,5,16,7,-0.00010185560677200556
2,5,16,8,-0.00010185560677200556
2,5,16,9,-0.00010185560677200556
2,5,16,10,-0.00010185560677200556
2,5,16,11,-0.00010185560677200556
2,5,16,12,-0.00010185560677200556
2,5,16,13,-0.00010185560677200556
2,5,16,14,-0.00010185560677200556
2,5,16,15,-0.00010185560677200556
2,5,16,16,-0.00010185560677200556
2,5,16,17,-0.00010185560677200556
2,5,16,18,-0.00010185560677200556
2,5,16,19,-0.00010185560677200556
2,5,16,20,-0.00010185560677200556
2,5,17,1,-0.00010185560677200556
2,5,17,2,-0.00010185560677200556
2,5,17,3,-0.00010185560677200556
2,5,17,4,-0.00010185560677200556
2,5,17,5,-0.00010185560677200556
2,5,17,6,-0.00010185560677200556
2,5,17,7,-0.00010185560677200556
2,5,17,8,-0.00010185560677200556
2,5,17,9,-0.00010185560677200556
2,5,17,10,-0.00010185560677200556
2,5,17,11,-0.00010185560677200556
2,5,17,12,-0.00010185560677200556
2,5,17,13,-0.00010185560677200556
2,5,17,14,-0.00010185560677200556
2,5,17,15,-0.00010185560677200556
2,5,17,16,-0.00010185560677200556
2,5,17,17,-0.00010185560677200556
2,5,17,18,-0.00010185560677200556
2,5,17,19,-0.00010185560677200556
2,5,17,20,-0.00010185560677200556
2,5,18,1,0.18694055080413818
2,5,18,2,0.18694055080413818
2,5,18,3,0.18694055080413818
2,5,18,4,0.18694055080413818
2,5,18,5,0.18694055080413818
2,5,18,6,0.18694055080413818
2,5,18,7,0.18694055080413818
2,5,18,8,0.18694055080413818
2,5,18,9,0.18694055080413818
2,5,18,10,0.18694055080413818
2,5,18,11,0.18694055080413818
2,5,18,12,0.18694055080413818
2,5,18,13,0.18694055080413818
2,5,18,14,0.18694055080413818
2,5,18,15,0.18694055080413818
2,5,18,16,0.18694055080413818
2,5,18,17,0.18694055080413818
2,5,18,18,0.18694055080413818
2,5,18,19,0.18694055080413818
2,5,18,20,0.18694055080413818
2,5,19,1,0.06714612990617752
2,5,19,2,0.06714612990617752
2,5,19,3,0.06714612990617752
2,5,19,4,0.06714612990617752
2,5,19,5,0.06714612990617752
2,5,19,6,0.06714612990617752
2,5,19,7,0.06714612990617752
2,5,19,8,0.06714612990617752
2,5,19,9,0.06714612990617752
2,5,19,10,0.06714612990617752
2,5,19,11,0.06714612990617752
2,5,19,12,0.06714612990617752
2,5,19,13,0.06714612990617752
2,5,19,14,0.06714612990617752
2,5,19,15,0.06714612990617752
2,5,19,16,0.06714612990617752
2,5,19,17,0.06714612990617752
2,5,19,18,0.06714612990617752
2,5,19,19,0.06714612990617752
2,5,19,20,0.06714612990617752
2,5,20,1,0.0014974528457969427
2,5,20,2,0.0014974528457969427
2,5,20,3,0.0014974528457969427
2,5,20,4,0.0014974528457969427
2,5,20,5,0.0014974528457969427
2,5,20,6,0.0014974528457969427
2,5,20,7,0.0014974528457969427
2,5,20,8,0.0014974528457969427
2,5,20,9,0.0014974528457969427
2,5,20,10,0.0014974528457969427
2,5,20,11,0.0014974528457969427
2,5,20,12,0.0014974528457969427
2,5,20,13,0.0014974528457969427
2,5,20,14,0.0014974528457969427
2,5,20,15,0.0014974528457969427
2,5,20,16,0.0014974528457969427
2,5,20,17,0.0014974528457969427
2,5,20,18,0.0014974528457969427
2,5,20,19,0.0014974528457969427
2,5,20,20,0.0014974528457969427
3,4,1,1,-1.3573744297027588
3,4,1,2,-1.5471460819244385
3,4,1,3,-1.5989978313446045
3,4,1,4,-1.678537368774414
3,4,1,5,-1.2490463256835938
3,4,1,6,-1.4037599563598633
3,4,1,7,-1.2153096199035645
3,4,1,8,-1.1498653888702393
3,4,1,9,-1.245708703994751
3,4,1,10,-1.1158403158187866
3,4,1,11,-1.4399206638336182
3,4,1,12,-1.1786713600158691
3,4,1,13,-1.1248981952667236
3,4,1,14,-1.2764077186584473
3,4,1,15,-1.120757818222046
3,4,1,16,-1.3322865962982178
3,4,1,17,-1.2534940242767334
3,4,1,18,-0.9868454933166504
3,4,1,19,-1.1528183221817017
3,4,1,20,-1.3309295177459717
3,4,2,1,-1.1435024738311768
3,4,2,2,-1.340632677078247
3,4,2,3,-1.3954217433929443
3,4,2,4,-1.474961280822754
3,4,2,5,-1.0450472831726074
3,4,2,6,-1.1997606754302979
3,4,2,7,-1.0130839347839355
3,4,2,8,-0.9476397037506104
3,4,2,9,-1.0434828996658325
3,4,2,10,-0.9136145710945129
3,4,2,11,-1.2359213829040527
3,4,2,12,-0.9767434597015381
3,4,2,13,-0.9229702353477478
3,4,2,14,-1.0744798183441162
3,4,2,15,-0.9188300371170044
3,4,2,16,-1.1303589344024658
3,4,2,17,-1.051566243171692
3,4,2,18,-0.7852560877799988
3,4,2,19,-0.9511970281600952
3,4,2,20,-1.1290152072906494
3,4,3,1,-1.1736738681793213
3,4,3,2,-1.3708040714263916
3,4,3,3,-1.4255928993225098
3,4,3,4,-1.5051324367523193
3,4,3,5,-1.0752184391021729
3,4,3,6,-1.2299318313598633
3,4,3,7,-1.0432552099227905
3,4,3,8,-0.9778110384941101
3,4,3,9,-1.0736541748046875
3,4,3,10,-0.9437859058380127
3,4,3,11,-1.2660927772521973
3,4,3,12,-1.0069148540496826
3,4,3,13,-0.9531415700912476
3,4,3,14,-1.1046510934829712
3,4,3,15,-0.9490013718605042
3,4,3,16,-1.1605300903320312
3,4,3,17,-1.0817375183105469
3,4,3,18,-0.8154274225234985
3,4,3,19,-0.981368362903595
3,4,3,20,-1.1591864824295044
3,4,4,1,-1.1731481552124023
3,4,4,2,-1.3702783584594727
3,4,4,3,-1.42506742477417
3,4,4,4,-1.5046069622039795
3,4,4,5,-1.074692964553833
3,4,4,6,-1.2294063568115234
3,4,4,7,-1.0427296161651611
3,4,4,8,-0.9772854447364807
3,4,4,9,-1.0731287002563477
3,4,4,10,-0.9432603120803833
3,4,4,11,-1.2655670642852783
3,4,4,12,-1.0063891410827637
3,4,4,13,-0.9526159763336182
3,4,4,14,-1.1041254997253418
3,4,4,15,-0.9484757781028748
3,4,4,16,-1.1600046157836914
3,4,4,17,-1.081212043762207
3,4,4,18,-0.8149018287658691
3,4,4,19,-0.9808427691459656
3,4,4,20,-1.158660888671875
3,4,5,1,-1.7118232250213623
3,4,5,2,-1.8860156536102295
3,4,5,3,-1.9410312175750732
3,4,5,4,-2.020570755004883
3,4,5,5,-1.6069400310516357
3,4,5,6,-1.761653184890747
3,4,5,7,-1.5733642578125
3,4,5,8,-1.5079200267791748
3,4,5,9,-1.6037633419036865
3,4,5,10,-1.4738950729370117
3,4,5,11,-1.797813892364502
3,4,5,12,-1.5354573726654053
3,4,5,13,-1.4816842079162598
3,4,5,14,-1.6331937313079834
3,4,5,15,-1.477543830871582
3,4,5,16,-1.689072608947754
3,4,5,17,-1.6102800369262695
3,4,5,18,-1.3434412479400635
3,4,5,19,-1.5094363689422607
3,4,5,20,-1.6876959800720215
3,4,6,1,-1.593294382095337
3,4,6,2,-1.7864446640014648
3,4,6,3,-1.8411200046539307
3,4,6,4,-1.9206595420837402
3,4,6,5,-1.4908380508422852
3,4,6,6,-1.6455514430999756
3,4,6,7,-1.457836389541626
3,4,6,8,-1.3923921585083008
3,4,6,9,-1.4882354736328125
3,4,6,10,-1.3583670854568481
3,4,6,11,-1.6817123889923096
3,4,6,12,-1.4212381839752197
3,4,6,13,-1.3674650192260742
3,4,6,14,-1.5189745426177979
3,4,6,15,-1.363324761390686
3,4,6,16,-1.5748536586761475
3,4,6,17,-1.496061086654663
3,4,6,18,-1.2294163703918457
3,4,6,19,-1.3954014778137207
3,4,6,20,-1.573460578918457
3,4,7,1,-1.6822659969329834
3,4,7,2,-1.8754162788391113
3,4,7,3,-1.930091381072998
3,4,7,4,-2.0096309185028076
3,4,7,5,-1.5798096656799316
3,4,7,6,-1.734523057937622
3,4,7,7,-1.5468077659606934
3,4,7,8,-1.4813635349273682
3,4,7,9,-1.5772068500518799
3,4,7,10,-1.447338581085205
3,4,7,11,-1.770683765411377
3,4,7,12,-1.510209560394287
3,4,7,13,-1.4564363956451416
3,4,7,14,-1.6079459190368652
3,4,7,15,-1.452296257019043
3,4,7,16,-1.6638250350952148
3,4,7,17,-1.5850324630737305
3,4,7,18,-1.318387746810913
3,4,7,19,-1.4843730926513672
3,4,7,20,-1.6624321937561035
3,4,8,1,-1.2507941722869873
3,4,8,2,-1.4514987468719482
3,4,8,3,-1.5036243200302124
3,4,8,4,-1.5831637382507324
3,4,8,5,-1.1536389589309692
3,4,8,6,-1.3083524703979492
3,4,8,7,-1.1201910972595215
3,4,8,8,-1.0547468662261963
3,4,8,9,-1.1505900621414185
3,4,8,10,-1.020721673965454
3,4,8,11,-1.344513177871704
3,4,8,12,-1.0843396186828613
3,4,8,13,-1.0305664539337158
3,4,8,14,-1.1820759773254395
3,4,8,15,-1.0264263153076172
3,4,8,16,-1.237955093383789
3,4,8,17,-1.1591625213623047
3,4,8,18,-0.8925918936729431
3,4,8,19,-1.0585579872131348
3,4,8,20,-1.2365946769714355
3,4,9,1,-1.2335107326507568
3,4,9,2,-1.4342153072357178
3,4,9,3,-1.486340880393982
3,4,9,4,-1.565880298614502
3,4,9,5,-1.1363555192947388
3,4,9,6,-1.2910690307617188
3,4,9,7,-1.102907657623291
3,4,9,8,-1.0374634265899658
3,4,9,9,-1.1333067417144775
3,4,9,10,-1.0034383535385132
3,4,9,11,-1.3272297382354736
3,4,9,12,-1.0670562982559204
3,4,9,13,-1.0132830142974854
3,4,9,14,-1.164792537689209
3,4,9,15,-1.0091428756713867
3,4,9,16,-1.2206716537475586
3,4,9,17,-1.1418790817260742
3,4,9,18,-0.8753085136413574
3,4,9,19,-1.0412745475769043
3,4,9,20,-1.2193114757537842
3,4,10,1,-0.7035398483276367
3,4,10,2,-0.9066914319992065
3,4,10,3,-0.9581680297851562
3,4,10,4,-1.0377074480056763
3,4,10,5,-0.5908780694007874
3,4,10,6,-0.7466238737106323
3,4,10,7,-0.5534641146659851
3,4,10,8,-0.48801982402801514
3,4,10,9,-0.5838630795478821
3,4,10,10,-0.4539946913719177
3,4,10,11,-0.7827847003936768
3,4,10,12,-0.5277105569839478
3,4,10,13,-0.47393733263015747
3,4,10,14,-0.6254468560218811
3,4,10,15,-0.46979713439941406
3,4,10,16,-0.6813259720802307
3,4,10,17,-0.6025332808494568
3,4,10,18,-0.33474117517471313
3,4,10,19,-0.5008193850517273
3,4,10,20,-0.6798807978630066
3,4,11,1,-1.193068265914917
3,4,11,2,-1.3869205713272095
3,4,11,3,-1.4388887882232666
3,4,11,4,-1.5184283256530762
3,4,11,5,-1.0892794132232666
3,4,11,6,-1.243992805480957
3,4,11,7,-1.0550159215927124
3,4,11,8,-0.9895716905593872
3,4,11,9,-1.0854148864746094
3,4,11,10,-0.9555465579032898
3,4,11,11,-1.280153751373291
3,4,11,12,-1.0187675952911377
3,4,11,13,-0.9649943709373474
3,4,11,14,-1.1165039539337158
3,4,11,15,-0.960854172706604
3,4,11,16,-1.1723829507827759
3,4,11,17,-1.093590497970581
3,4,11,18,-0.8266372680664062
3,4,11,19,-0.9926373362541199
3,4,11,20,-1.1710052490234375
3,4,12,1,-1.366634726524353
3,4,12,2,-1.5651438236236572
3,4,12,3,-1.6171319484710693
3,4,12,4,-1.6966712474822998
3,4,12,5,-1.2674086093902588
3,4,12,6,-1.4221220016479492
3,4,12,7,-1.2332100868225098
3,4,12,8,-1.1677656173706055
3,4,12,9,-1.2636089324951172
3,4,12,10,-1.1337406635284424
3,4,12,11,-1.4582828283309937
3,4,12,12,-1.1968374252319336
3,4,12,13,-1.143064022064209
3,4,12,14,-1.2945736646652222
3,4,12,15,-1.1389238834381104
3,4,12,16,-1.3504527807235718
3,4,12,17,-1.2716600894927979
3,4,12,18,-1.0048542022705078
3,4,12,19,-1.170851707458496
3,4,12,20,-1.3490564823150635
3,4,13,1,-1.2635416984558105
3,4,13,2,-1.4642462730407715
3,4,13,3,-1.516371726989746
3,4,13,4,-1.5959112644195557
3,4,13,5,-1.166386365890503
3,4,13,6,-1.3210997581481934
3,4,13,7,-1.1329386234283447
3,4,13,8,-1.0674943923950195
3,4,13,9,-1.1633375883102417
3,4,13,10,-1.0334692001342773
3,4,13,11,-1.3572607040405273
3,4,13,12,-1.0970871448516846
3,4,13,13,-1.043313980102539
3,4,13,14,-1.1948235034942627
3,4,13,15,-1.0391738414764404
3,4,13,16,-1.2507026195526123
3,4,13,17,-1.171910047531128
3,4,13,18,-0.9053394198417664
3,4,13,19,-1.071305513381958
3,4,13,20,-1.2493422031402588
3,4,14,1,-1.128843903541565
3,4,14,2,-1.327751636505127
3,4,14,3,-1.3818228244781494
3,4,14,4,-1.461362361907959
3,4,14,5,-1.0319831371307373
3,4,14,6,-1.1866966485977173
3,4,14,7,-0.998637855052948
3,4,14,8,-0.9331936836242676
3,4,14,9,-1.0290369987487793
3,4,14,10,-0.8991686105728149
3,4,14,11,-1.2228574752807617
3,4,14,12,-0.9615565538406372
3,4,14,13,-0.9077833890914917
3,4,14,14,-1.0592927932739258
3,4,14,15,-0.9036431312561035
3,4,14,16,-1.1151719093322754
3,4,14,17,-1.036379337310791
3,4,14,18,-0.7698583602905273
3,4,14,19,-0.9358236789703369
3,4,14,20,-1.1138041019439697
3,4,15,1,-1.3636608123779297
3,4,15,2,-1.5525612831115723
3,4,15,3,-1.6068999767303467
3,4,15,4,-1.6864392757415771
3,4,15,5,-1.2607500553131104
3,4,15,6,-1.4153856039047241
3,4,15,7,-1.2265491485595703
3,4,15,8,-1.1611049175262451
3,4,15,9,-1.2569482326507568
3,4,15,10,-1.1270798444747925
3,4,15,11,-1.4515464305877686
3,4,15,12,-1.18937349319458
3,4,15,13,-1.1356003284454346
3,4,15,14,-1.2871098518371582
3,4,15,15,-1.131460189819336
3,4,15,16,-1.3429889678955078
3,4,15,17,-1.2641963958740234
3,4,15,18,-0.9970365762710571
3,4,15,19,-1.1630277633666992
3,4,15,20,-1.341632604598999
3,4,16,1,-1.1298749446868896
3,4,16,2,-1.328782558441162
3,4,16,3,-1.3828539848327637
3,4,16,4,-1.4623932838439941
3,4,16,5,-1.033014178276062
3,4,16,6,-1.187727689743042
3,4,16,7,-0.9996688961982727
3,4,16,8,-0.9342246651649475
3,4,16,9,-1.0300679206848145
3,4,16,10,-0.9001995325088501
3,4,16,11,-1.2238883972167969
3,4,16,12,-0.9625875949859619
3,4,16,13,-0.9088143110275269
3,4,16,14,-1.06032395362854
3,4,16,15,-0.9046741724014282
3,4,16,16,-1.1162029504776
3,4,16,17,-1.0374102592468262
3,4,16,18,-0.770889401435852
3,4,16,19,-0.9368546605110168
3,4,16,20,-1.114835262298584
3,4,17,1,-1.1295777559280396
3,4,17,2,-1.3284854888916016
3,4,17,3,-1.382556676864624
3,4,17,4,-1.4620962142944336
3,4,17,5,-1.032716989517212
3,4,17,6,-1.187430500984192
3,4,17,7,-0.9993717074394226
3,4,17,8,-0.9339275360107422
3,4,17,9,-1.029770851135254
3,4,17,10,-0.8999024629592896
3,4,17,11,-1.2235913276672363
3,4,17,12,-0.9622904062271118
3,4,17,13,-0.9085172414779663
3,4,17,14,-1.06002676486969
3,4,17,15,-0.9043769836425781
3,4,17,16,-1.11590576171875
3,4,17,17,-1.0371131896972656
3,4,17,18,-0.770592212677002
3,4,17,19,-0.9365575313568115
3,4,17,20,-1.1145379543304443
3,4,18,1,-1.112729787826538
3,4,18,2,-1.3116497993469238
3,4,18,3,-1.3657128810882568
3,4,18,4,-1.4452524185180664
3,4,18,5,-1.0158820152282715
3,4,18,6,-1.1705955266952515
3,4,18,7,-0.9825230240821838
3,4,18,8,-0.9170788526535034
3,4,18,9,-1.0129220485687256
3,4,18,10,-0.883053719997406
3,4,18,11,-1.206756353378296
3,4,18,12,-0.9453985691070557
3,4,18,13,-0.8916253447532654
3,4,18,14,-1.0431349277496338
3,4,18,15,-0.887485146522522
3,4,18,16,-1.0990140438079834
3,4,18,17,-1.020221471786499
3,4,18,18,-0.7536934614181519
3,4,18,19,-0.919659435749054
3,4,18,20,-1.097646713256836
3,4,19,1,-1.0847889184951782
3,4,19,2,-1.2837090492248535
3,4,19,3,-1.337772011756897
3,4,19,4,-1.417311429977417
3,4,19,5,-0.9879412055015564
3,4,19,6,-1.1426546573638916
3,4,19,7,-0.954582154750824
3,4,19,8,-0.8891379833221436
3,4,19,9,-0.9849811792373657
3,4,19,10,-0.8551128506660461
3,4,19,11,-1.178815484046936
3,4,19,12,-0.9174576997756958
3,4,19,13,-0.8636844754219055
3,4,19,14,-1.0151939392089844
3,4,19,15,-0.8595442771911621
3,4,19,16,-1.071073055267334
3,4,19,17,-0.9922805428504944
3,4,19,18,-0.725752592086792
3,4,19,19,-0.8917185664176941
3,4,19,20,-1.0697057247161865
3,4,20,1,-1.1298866271972656
3,4,20,2,-1.3287944793701172
3,4,20,3,-1.3828656673431396
3,4,20,4,-1.4624052047729492
3,4,20,5,-1.0330259799957275
3,4,20,6,-1.187739372253418
3,4,20,7,-0.9996806383132935
3,4,20,8,-0.9342364072799683
3,4,20,9,-1.0300796031951904
3,4,20,10,-0.9002113342285156
3,4,20,11,-1.2239001989364624
3,4,20,12,-0.9625993371009827
3,4,20,13,-0.9088261127471924
3,4,20,14,-1.060335636138916
3,4,20,15,-0.904685914516449
3,4,20,16,-1.1162147521972656
3,4,20,17,-1.0374221801757812
3,4,20,18,-0.7709012031555176
3,4,20,19,-0.9368664026260376
3,4,20,20,-1.11484694480896
3,5,1,1,-1.9025750160217285
3,5,1,2,-1.9477334022521973
3,5,1,3,-1.7330938577651978
3,5,1,4,-1.747671127319336
3,5,1,5,-1.9457709789276123
3,5,1,6,-1.945789098739624
3,5,1,7,-1.9457712173461914
3,5,1,8,-1.7079012393951416
3,5,1,9,-1.5526111125946045
3,5,1,10,-1.8033185005187988
3,5,1,11,-1.803480625152588
3,5,1,12,-1.803480625152588
3,5,1,13,-1.2798653841018677
3,5,1,14,-1.803457498550415
3,5,1,15,-1.8034183979034424
3,5,1,16,-1.749444842338562
3,5,1,17,-1.5478965044021606
3,5,1,18,-1.7526298761367798
3,5,1,19,-1.7488062381744385
3,5,1,20,-1.7524901628494263
3,5,2,1,-1.8849072456359863
3,5,2,2,-1.9281599521636963
3,5,2,3,-1.7135143280029297
3,5,2,4,-1.7280915975570679
3,5,2,5,-1.9262571334838867
3,5,2,6,-1.9262751340866089
3,5,2,7,-1.9262571334838867
3,5,2,8,-1.689579725265503
3,5,2,9,-1.5342895984649658
3,5,2,10,-1.7852895259857178
3,5,2,11,-1.7854517698287964
3,5,2,12,-1.7854517698287964
3,5,2,13,-1.261543869972229
3,5,2,14,-1.7854286432266235
3,5,2,15,-1.7853894233703613
3,5,2,16,-1.7318079471588135
3,5,2,17,-1.530196189880371
3,5,2,18,-1.7349929809570312
3,5,2,19,-1.7311692237854004
3,5,2,20,-1.7348532676696777
3,5,3,1,-1.8849072456359863
3,5,3,2,-1.9281599521636963
3,5,3,3,-1.7135143280029297
3,5,3,4,-1.7280915975570679
3,5,3,5,-1.9262571334838867
3,5,3,6,-1.9262751340866089
3,5,3,7,-1.9262571334838867
3,5,3,8,-1.689579725265503
3,5,3,9,-1.5342895984649658
3,5,3,10,-1.7852895259857178
3,5,3,11,-1.7854517698287964
3,5,3,12,-1.7854517698287964
3,5,3,13,-1.261543869972229
3,5,3,14,-1.7854286432266235
3,5,3,15,-1.7853894233703613
3,5,3,16,-1.7318079471588135
3,5,3,17,-1.530196189880371
3,5,3,18,-1.7349929809570312
3,5,3,19,-1.7311692237854004
3,5,3,20,-1.7348532676696777
3,5,4,1,-1.8857872486114502
3,5,4,2,-1.9290399551391602
3,5,4,3,-1.7143943309783936
3,5,4,4,-1.7289717197418213
3,5,4,5,-1.9271371364593506
3,5,4,6,-1.9271552562713623
3,5,4,7,-1.9271372556686401
3,5,4,8,-1.6904598474502563
3,5,4,9,-1.5351698398590088
3,5,4,10,-1.7861696481704712
3,5,4,11,-1.7863318920135498
3,5,4,12,-1.7863318920135498
3,5,4,13,-1.2624239921569824
3,5,4,14,-1.786308765411377
3,5,4,15,-1.7862695455551147
3,5,4,16,-1.7326879501342773
3,5,4,17,-1.531076192855835
3,5,4,18,-1.7358729839324951
3,5,4,19,-1.7320492267608643
3,5,4,20,-1.7357332706451416
3,5,5,1,-2.3952364921569824
3,5,5,2,-2.378551959991455
3,5,5,3,-2.169405937194824
3,5,5,4,-2.183983087539673
3,5,5,5,-2.382843494415283
3,5,5,6,-2.3753087520599365
3,5,5,7,-2.3828437328338623
3,5,5,8,-2.17423152923584
3,5,5,9,-2.018934488296509
3,5,5,10,-2.2713425159454346
3,5,5,11,-2.2723336219787598
3,5,5,12,-2.2715089321136475
3,5,5,13,-1.7461986541748047
3,5,5,14,-2.272308349609375
3,5,5,15,-2.2714149951934814
3,5,5,16,-2.213562488555908
3,5,5,17,-2.011650800704956
3,5,5,18,-2.216747522354126
3,5,5,19,-2.212923765182495
3,5,5,20,-2.2166078090667725
3,5,6,1,-1.043076753616333
3,5,6,2,-1.0662486553192139
3,5,6,3,-0.8516107201576233
3,5,6,4,-0.8661880493164062
3,5,6,5,-1.0644445419311523
3,5,6,6,-1.064462661743164
3,5,6,7,-1.064444661140442
3,5,6,8,-0.8249144554138184
3,5,6,9,-0.669624388217926
3,5,6,10,-0.9218253493309021
3,5,6,11,-0.9219875335693359
3,5,6,12,-0.9219875335693359
3,5,6,13,-0.39687854051589966
3,5,6,14,-0.9219644069671631
3,5,6,15,-0.9219251871109009
3,5,6,16,-0.8628556132316589
3,5,6,17,-0.6609797477722168
3,5,6,18,-0.8660406470298767
3,5,6,19,-0.8622168898582458
3,5,6,20,-0.8659009337425232
3,5,7,1,-1.224996566772461
3,5,7,2,-1.2481598854064941
3,5,7,3,-1.0335218906402588
3,5,7,4,-1.048099160194397
3,5,7,5,-1.2462962865829468
3,5,7,6,-1.246314287185669
3,5,7,7,-1.2462964057922363
3,5,7,8,-1.0071080923080444
3,5,7,9,-0.8518180251121521
3,5,7,10,-1.103487491607666
3,5,7,11,-1.103649616241455
3,5,7,12,-1.103649616241455
3,5,7,13,-0.5790721774101257
3,5,7,14,-1.1036264896392822
3,5,7,15,-1.10358726978302
3,5,7,16,-1.0451202392578125
3,5,7,17,-0.8433188796043396
3,5,7,18,-1.0483052730560303
3,5,7,19,-1.0444815158843994
3,5,7,20,-1.0481655597686768
3,5,8,1,-1.818284273147583
3,5,8,2,-1.8613015413284302
3,5,8,3,-1.6466549634933472
3,5,8,4,-1.661232352256775
3,5,8,5,-1.8593707084655762
3,5,8,6,-1.8593889474868774
3,5,8,7,-1.8593708276748657
3,5,8,8,-1.6232459545135498
3,5,8,9,-1.4679558277130127
3,5,8,10,-1.7186963558197021
3,5,8,11,-1.7188584804534912
3,5,8,12,-1.7188584804534912
3,5,8,13,-1.195210337638855
3,5,8,14,-1.7188353538513184
3,5,8,15,-1.7187962532043457
3,5,8,16,-1.6653233766555786
3,5,8,17,-1.4637559652328491
3,5,8,18,-1.6685084104537964
3,5,8,19,-1.6646846532821655
3,5,8,20,-1.6683686971664429
3,5,9,1,-1.8197338581085205
3,5,9,2,-1.8627510070800781
3,5,9,3,-1.6481045484542847
3,5,9,4,-1.6626819372177124
3,5,9,5,-1.8608202934265137
3,5,9,6,-1.8608384132385254
3,5,9,7,-1.8608202934265137
3,5,9,8,-1.6246954202651978
3,5,9,9,-1.4694054126739502
3,5,9,10,-1.7201459407806396
3,5,9,11,-1.7203080654144287
3,5,9,12,-1.7203080654144287
3,5,9,13,-1.196659803390503
3,5,9,14,-1.7202849388122559
3,5,9,15,-1.7202457189559937
3,5,9,16,-1.6667729616165161
3,5,9,17,-1.465205430984497
3,5,9,18,-1.6699578762054443
3,5,9,19,-1.666134238243103
3,5,9,20,-1.6698182821273804
3,5,10,1,2.3646302223205566
3,5,10,2,2.328587055206299
3,5,10,3,2.5432262420654297
3,5,10,4,2.528648853302002
3,5,10,5,2.330514669418335
3,5,10,6,2.3304967880249023
3,5,10,7,2.330514669418335
3,5,10,8,2.569125175476074
3,5,10,9,2.7244153022766113
3,5,10,10,2.4737157821655273
3,5,10,11,2.4735536575317383
3,5,10,12,2.4735536575317383
3,5,10,13,2.9971609115600586
3,5,10,14,2.4735770225524902
3,5,10,15,2.473615884780884
3,5,10,16,2.5239644050598145
3,5,10,17,2.725595474243164
3,5,10,18,2.520779609680176
3,5,10,19,2.5246033668518066
3,5,10,20,2.5209193229675293
3,5,11,1,3.000934600830078
3,5,11,2,2.9701485633850098
3,5,11,3,3.1847875118255615
3,5,11,4,3.170210123062134
3,5,11,5,2.9714598655700684
3,5,11,6,2.9713921546936035
3,5,11,7,2.9714598655700684
3,5,11,8,3.211029291152954
3,5,11,9,3.3663196563720703
3,5,11,10,3.1086902618408203
3,5,11,11,3.1085281372070312
3,5,11,12,3.1085281372070312
3,5,11,13,3.6390647888183594
3,5,11,14,3.1085898876190186
3,5,11,15,3.1085903644561768
3,5,11,16,3.181913375854492
3,5,11,17,3.384690761566162
3,5,11,18,3.1787285804748535
3,5,11,19,3.1825523376464844
3,5,11,20,3.178868055343628
3,5,12,1,5.39540958404541
3,5,12,2,5.329811096191406
3,5,12,3,5.544449806213379
3,5,12,4,5.529872417449951
3,5,12,5,5.332950115203857
3,5,12,6,5.309609889984131
3,5,12,7,5.332950115203857
3,5,12,8,5.612203598022461
3,5,12,9,5.767493724822998
3,5,12,10,5.516824722290039
3,5,12,11,5.518921375274658
3,5,12,12,5.514487266540527
3,5,12,13,6.040239334106445
3,5,12,14,5.521006107330322
3,5,12,15,5.514149188995361
3,5,12,16,5.58516788482666
3,5,12,17,5.787364959716797
3,5,12,18,5.581982612609863
3,5,12,19,5.585806846618652
3,5,12,20,5.582122802734375
3,5,13,1,-1.8217904567718506
3,5,13,2,-1.8648076057434082
3,5,13,3,-1.6501611471176147
3,5,13,4,-1.6647385358810425
3,5,13,5,-1.8628768920898438
3,5,13,6,-1.8628950119018555
3,5,13,7,-1.8628768920898438
3,5,13,8,-1.6267521381378174
3,5,13,9,-1.4714620113372803
3,5,13,10,-1.7222025394439697
3,5,13,11,-1.7223646640777588
3,5,13,12,-1.7223646640777588
3,5,13,13,-1.198716402053833
3,5,13,14,-1.722341537475586
3,5,13,15,-1.7223023176193237
3,5,13,16,-1.6688295602798462
3,5,13,17,-1.4672620296478271
3,5,13,18,-1.6720144748687744
3,5,13,19,-1.668190836906433
3,5,13,20,-1.6718748807907104
3,5,14,1,-1.3672844171524048
3,5,14,2,-1.4122376441955566
3,5,14,3,-1.1975929737091064
3,5,14,4,-1.2121703624725342
3,5,14,5,-1.4103045463562012
3,5,14,6,-1.4103225469589233
3,5,14,7,-1.4103046655654907
3,5,14,8,-1.17336106300354
3,5,14,9,-1.018070936203003
3,5,14,10,-1.268843650817871
3,5,14,11,-1.2690057754516602
3,5,14,12,-1.2690057754516602
3,5,14,13,-0.7453251481056213
3,5,14,14,-1.2689826488494873
3,5,14,15,-1.268943428993225
3,5,14,16,-1.2110979557037354
3,5,14,17,-1.0095266103744507
3,5,14,18,-1.2142828702926636
3,5,14,19,-1.2104592323303223
3,5,14,20,-1.2141432762145996
3,5,15,1,-0.41157540678977966
3,5,15,2,-0.4369635581970215
3,5,15,3,-0.2223048210144043
3,5,15,4,-0.23688209056854248
3,5,15,5,-0.434972882270813
3,5,15,6,-0.4350348711013794
3,5,15,7,-0.43497300148010254
3,5,15,8,-0.20127332210540771
3,5,15,9,-0.045983195304870605
3,5,15,10,-0.2969890832901001
3,5,15,11,-0.29717981815338135
3,5,15,12,-0.29715120792388916
3,5,15,13,0.22676265239715576
3,5,15,14,-0.29717957973480225
3,5,15,15,-0.2970889210700989
3,5,15,16,-0.2354341745376587
3,5,15,17,-0.033885061740875244
3,5,15,18,-0.23861920833587646
3,5,15,19,-0.2347954511642456
3,5,15,20,-0.2384793758392334
3,5,16,1,-1.498478651046753
3,5,16,2,-1.5434331893920898
3,5,16,3,-1.3287885189056396
3,5,16,4,-1.3433659076690674
3,5,16,5,-1.5415022373199463
3,5,16,6,-1.5415202379226685
3,5,16,7,-1.5415023565292358
3,5,16,8,-1.3045505285263062
3,5,16,9,-1.149260401725769
3,5,16,10,-1.4000446796417236
3,5,16,11,-1.4002068042755127
3,5,16,12,-1.4002068042755127
3,5,16,13,-0.8765145540237427
3,5,16,14,-1.4001836776733398
3,5,16,15,-1.4001444578170776
3,5,16,16,-1.342294454574585
3,5,16,17,-1.1407173871994019
3,5,16,18,-1.3454794883728027
3,5,16,19,-1.3416558504104614
3,5,16,20,-1.3453397750854492
3,5,17,1,-1.4730383157730103
3,5,17,2,-1.517991542816162
3,5,17,3,-1.303346872329712
3,5,17,4,-1.3179242610931396
3,5,17,5,-1.5160584449768066
3,5,17,6,-1.5160764455795288
3,5,17,7,-1.5160585641860962
3,5,17,8,-1.2791149616241455
3,5,17,9,-1.123824954032898
3,5,17,10,-1.3745975494384766
3,5,17,11,-1.3747596740722656
3,5,17,12,-1.3747596740722656
3,5,17,13,-0.8510790467262268
3,5,17,14,-1.3747365474700928
3,5,17,15,-1.3746973276138306
3,5,17,16,-1.3168518543243408
3,5,17,17,-1.1152805089950562
3,5,17,18,-1.320036768913269
3,5,17,19,-1.3162131309509277
3,5,17,20,-1.319897174835205
3,5,18,1,-1.7432740926742554
3,5,18,2,-1.7883566617965698
3,5,18,3,-1.5737133026123047
3,5,18,4,-1.5882905721664429
3,5,18,5,-1.7864190340042114
3,5,18,6,-1.7864370346069336
3,5,18,7,-1.786419153213501
3,5,18,8,-1.549353003501892
3,5,18,9,-1.3940629959106445
3,5,18,10,-1.6448311805725098
3,5,18,11,-1.6449933052062988
3,5,18,12,-1.6449933052062988
3,5,18,13,-1.1213171482086182
3,5,18,14,-1.644970178604126
3,5,18,15,-1.6449310779571533
3,5,18,16,-1.5871446132659912
3,5,18,17,-1.3855738639831543
3,5,18,18,-1.5903297662734985
3,5,18,19,-1.5865060091018677
3,5,18,20,-1.5901899337768555
3,5,19,1,-1.7432814836502075
3,5,19,2,-1.788364052772522
3,5,19,3,-1.5737206935882568
3,5,19,4,-1.588297963142395
3,5,19,5,-1.7864264249801636
3,5,19,6,-1.7864444255828857
3,5,19,7,-1.7864265441894531
3,5,19,8,-1.5493603944778442
3,5,19,9,-1.3940703868865967
3,5,19,10,-1.644838571548462
3,5,19,11,-1.645000696182251
3,5,19,12,-1.645000696182251
3,5,19,13,-1.1213245391845703
3,5,19,14,-1.6449775695800781
3,5,19,15,-1.6449384689331055
3,5,19,16,-1.5871520042419434
3,5,19,17,-1.3855812549591064
3,5,19,18,-1.5903371572494507
3,5,19,19,-1.5865134000778198
3,5,19,20,-1.5901973247528076
3,5,20,1,-1.6922060251235962
3,5,20,2,-1.737159252166748
3,5,20,3,-1.5225145816802979
3,5,20,4,-1.5370919704437256
3,5,20,5,-1.7352261543273926
3,5,20,6,-1.7352440357208252
3,5,20,7,-1.7352261543273926
3,5,20,8,-1.4982826709747314
3,5,20,9,-1.3429926633834839
3,5,20,10,-1.5937652587890625
3,5,20,11,-1.5939273834228516
3,5,20,12,-1.5939273834228516
3,5,20,13,-1.0702468156814575
3,5,20,14,-1.5939042568206787
3,5,20,15,-1.5938650369644165
3,5,20,16,-1.5360194444656372
3,5,20,17,-1.334448218345642
3,5,20,18,-1.5392045974731445
3,5,20,19,-1.5353808403015137
3,5,20,20,-1.5390647649765015
4,5,1,1,9.327410697937012
4,5,1,2,8.852293968200684
4,5,1,3,8.697921752929688
4,5,1,4,8.684416770935059
4,5,1,5,9.49292278289795
4,5,1,6,9.495889663696289
4,5,1,7,9.492575645446777
4,5,1,8,9.341118812561035
4,5,1,9,9.15376091003418
4,5,1,10,9.699243545532227
4,5,1,11,9.68000316619873
4,5,1,12,9.698967933654785
4,5,1,13,9.008152961730957
4,5,1,14,9.71408748626709
4,5,1,15,9.716663360595703
4,5,1,16,9.374927520751953
4,5,1,17,8.909154891967773
4,5,1,18,9.374970436096191
4,5,1,19,9.375080108642578
4,5,1,20,9.375082015991211
4,5,2,1,10.001505851745605
4,5,2,2,9.662053108215332
4,5,2,3,9.441620826721191
4,5,2,4,9.415424346923828
4,5,2,5,10.111518859863281
4,5,2,6,10.114486694335938
4,5,2,7,10.111172676086426
4,5,2,8,9.941603660583496
4,5,2,9,9.780261993408203
4,5,2,10,10.30367660522461
4,5,2,11,10.284436225891113
4,5,2,12,10.303400993347168
4,5,2,13,9.626901626586914
4,5,2,14,10.318520545959473
4,5,2,15,10.321096420288086
4,5,2,16,9.97193717956543
4,5,2,17,9.58726692199707
4,5,2,18,9.971983909606934
4,5,2,19,9.972090721130371
4,5,2,20,9.97209358215332
4,5,3,1,9.969736099243164
4,5,3,2,9.624052047729492
4,5,3,3,9.40985107421875
4,5,3,4,9.383654594421387
4,5,3,5,10.07974910736084
4,5,3,6,10.082716941833496
4,5,3,7,10.079402923583984
4,5,3,8,9.909833908081055
4,5,3,9,9.748492240905762
4,5,3,10,10.271906852722168
4,5,3,11,10.252666473388672
4,5,3,12,10.271631240844727
4,5,3,13,9.595131874084473
4,5,3,14,10.286750793457031
4,5,3,15,10.289326667785645
4,5,3,16,9.940167427062988
4,5,3,17,9.555440902709961
4,5,3,18,9.940214157104492
4,5,3,19,9.94032096862793
4,5,3,20,9.940323829650879
4,5,4,1,9.993744850158691
4,5,4,2,9.677889823913574
4,5,4,3,9.433733940124512
4,5,4,4,9.407537460327148
4,5,4,5,10.103758811950684
4,5,4,6,10.10672664642334
4,5,4,7,10.103412628173828
4,5,4,8,9.933815002441406
4,5,4,9,9.772478103637695
4,5,4,10,10.295914649963379
4,5,4,11,10.276674270629883
4,5,4,12,10.295639038085938
4,5,4,13,9.605191230773926
4,5,4,14,10.310758590698242
4,5,4,15,10.313334465026855
4,5,4,16,9.9641752243042
4,5,4,17,9.58321762084961
4,5,4,18,9.96422290802002
4,5,4,19,9.964329719543457
4,5,4,20,9.964332580566406
4,5,5,1,8.874900817871094
4,5,5,2,8.519091606140137
4,5,5,3,8.341487884521484
4,5,5,4,8.32386302947998
4,5,5,5,8.970786094665527
4,5,5,6,8.973753929138184
4,5,5,7,8.970439910888672
4,5,5,8,8.912843704223633
4,5,5,9,8.727425575256348
4,5,5,10,9.172332763671875
4,5,5,11,9.153092384338379
4,5,5,12,9.172057151794434
4,5,5,13,8.608455657958984
4,5,5,14,9.187176704406738
4,5,5,15,9.189753532409668
4,5,5,16,8.8467435836792
4,5,5,17,8.495132446289062
4,5,5,18,8.846781730651855
4,5,5,19,8.846837997436523
4,5,5,20,8.846837997436523
4,5,6,1,8.852683067321777
4,5,6,2,8.503914833068848
4,5,6,3,8.319270133972168
4,5,6,4,8.301645278930664
4,5,6,5,8.948568344116211
4,5,6,6,8.951536178588867
4,5,6,7,8.948222160339355
4,5,6,8,8.8903226852417
4,5,6,9,8.705090522766113
4,5,6,10,9.150115966796875
4,5,6,11,9.130874633789062
4,5,6,12,9.149840354919434
4,5,6,13,8.5849027633667
4,5,6,14,9.164959907531738
4,5,6,15,9.167535781860352
4,5,6,16,8.824525833129883
4,5,6,17,8.47457504272461
4,5,6,18,8.824563980102539
4,5,6,19,8.824620246887207
4,5,6,20,8.824620246887207
4,5,7,1,9.422849655151367
4,5,7,2,8.7659330368042
4,5,7,3,8.898959159851074
4,5,7,4,8.978337287902832
4,5,7,5,9.564055442810059
4,5,7,6,9.567023277282715
4,5,7,7,9.563709259033203
4,5,7,8,11.341981887817383
4,5,7,9,10.642770767211914
4,5,7,10,9.75589370727539
4,5,7,11,9.736662864685059
4,5,7,12,9.75562858581543
4,5,7,13,10.30032730102539
4,5,7,14,9.770732879638672
4,5,7,15,9.773324012756348
4,5,7,16,9.456413269042969
4,5,7,17,9.276596069335938
4,5,7,18,9.456456184387207
4,5,7,19,9.456716537475586
4,5,7,20,9.45677375793457
4,5,8,1,9.441482543945312
4,5,8,2,8.895286560058594
4,5,8,3,9.12680435180664
4,5,8,4,9.258333206176758
4,5,8,5,9.537026405334473
4,5,8,6,9.539994239807129
4,5,8,7,9.536680221557617
4,5,8,8,12.354351997375488
4,5,8,9,11.387775421142578
4,5,8,10,9.778107643127441
4,5,8,11,9.758875846862793
4,5,8,12,9.777840614318848
4,5,8,13,11.19037914276123
4,5,8,14,9.792945861816406
4,5,8,15,9.795536041259766
4,5,8,16,9.477705001831055
4,5,8,17,9.629687309265137
4,5,8,18,9.477747917175293
4,5,8,19,9.478008270263672
4,5,8,20,9.47806453704834
4,5,9,1,9.505147933959961
4,5,9,2,8.907712936401367
4,5,9,3,8.93817138671875
4,5,9,4,9.019004821777344
4,5,9,5,9.647366523742676
4,5,9,6,9.650334358215332
4,5,9,7,9.64702033996582
4,5,9,8,11.038535118103027
4,5,9,9,10.358078956604004
4,5,9,10,9.841225624084473
4,5,9,11,9.82199478149414
4,5,9,12,9.840959548950195
4,5,9,13,10.078420639038086
4,5,9,14,9.856064796447754
4,5,9,15,9.85865592956543
4,5,9,16,9.530906677246094
4,5,9,17,9.225973129272461
4,5,9,18,9.530949592590332
4,5,9,19,9.531209945678711
4,5,9,20,9.531267166137695
4,5,10,1,9.711886405944824
4,5,10,2,9.17016887664795
4,5,10,3,9.384010314941406
4,5,10,4,9.593196868896484
4,5,10,5,9.743217468261719
4,5,10,6,9.746199607849121
4,5,10,7,9.74288558959961
4,5,10,8,13.376005172729492
4,5,10,9,12.162553787231445
4,5,10,10,10.033137321472168
4,5,10,11,10.01036262512207
4,5,10,12,10.029327392578125
4,5,10,13,11.804849624633789
4,5,10,14,10.046250343322754
4,5,10,15,10.048940658569336
4,5,10,16,9.723625183105469
4,5,10,17,9.936273574829102
4,5,10,18,9.723668098449707
4,5,10,19,9.723928451538086
4,5,10,20,9.72398567199707
4,5,11,1,8.837312698364258
4,5,11,2,8.509632110595703
4,5,11,3,8.303899765014648
4,5,11,4,8.286274909973145
4,5,11,5,8.933197975158691
4,5,11,6,8.936165809631348
4,5,11,7,8.932851791381836
4,5,11,8,8.87495231628418
4,5,11,9,8.689701080322266
4,5,11,10,9.134745597839355
4,5,11,11,9.11550521850586
4,5,11,12,9.134469985961914
4,5,11,13,8.565021514892578
4,5,11,14,9.149589538574219
4,5,11,15,9.152165412902832
4,5,11,16,8.80915641784668
4,5,11,17,8.46330738067627
4,5,11,18,8.809194564819336
4,5,11,19,8.809249877929688
4,5,11,20,8.809249877929688
4,5,12,1,2.3104004859924316
4,5,12,2,1.7564574480056763
4,5,12,3,1.8643008470535278
4,5,12,4,1.8541309833526611
4,5,12,5,2.394035577774048
4,5,12,6,2.397003412246704
4,5,12,7,2.3936893939971924
4,5,12,8,2.6977696418762207
4,5,12,9,2.583353042602539
4,5,12,10,2.603363513946533
4,5,12,11,2.584122896194458
4,5,12,12,2.603087902069092
4,5,12,13,2.825878620147705
4,5,12,14,2.6182074546813965
4,5,12,15,2.620783567428589
4,5,12,16,2.2858035564422607
4,5,12,17,1.9479269981384277
4,5,12,18,2.285844087600708
4,5,12,19,2.2859129905700684
4,5,12,20,2.2859129905700684
4,5,13,1,2.2799651622772217
4,5,13,2,1.6966150999069214
4,5,13,3,1.7807672023773193
4,5,13,4,1.770591378211975
4,5,13,5,2.362718343734741
4,5,13,6,2.3656859397888184
4,5,13,7,2.3623719215393066
4,5,13,8,2.534651756286621
4,5,13,9,2.47835636138916
4,5,13,10,2.5734126567840576
4,5,13,11,2.5541720390319824
4,5,13,12,2.573136806488037
4,5,13,13,2.7062718868255615
4,5,13,14,2.588256359100342
4,5,13,15,2.5908327102661133
4,5,13,16,2.2542026042938232
4,5,13,17,1.882591724395752
4,5,13,18,2.2542428970336914
4,5,13,19,2.2543118000030518
4,5,13,20,2.2543118000030518
4,5,14,1,2.3361802101135254
4,5,14,2,1.7640140056610107
4,5,14,3,1.8331561088562012
4,5,14,4,1.8229944705963135
4,5,14,5,2.4185843467712402
4,5,14,6,2.4215519428253174
4,5,14,7,2.4182379245758057
4,5,14,8,2.6762075424194336
4,5,14,9,2.4614739418029785
4,5,14,10,2.630070686340332
4,5,14,11,2.610830068588257
4,5,14,12,2.6297948360443115
4,5,14,13,2.6511147022247314
4,5,14,14,2.644914388656616
4,5,14,15,2.6474905014038086
4,5,14,16,2.310208320617676
4,5,14,17,1.9345887899398804
4,5,14,18,2.310248851776123
4,5,14,19,2.3103177547454834
4,5,14,20,2.3103177547454834
4,5,15,1,2.287553310394287
4,5,15,2,1.757835865020752
4,5,15,3,1.7718921899795532
4,5,15,4,1.7617218494415283
4,5,15,5,2.369866132736206
4,5,15,6,2.372833728790283
4,5,15,7,2.3695197105407715
4,5,15,8,2.478835344314575
4,5,15,9,2.3040642738342285
4,5,15,10,2.5814428329467773
4,5,15,11,2.562202215194702
4,5,15,12,2.581167221069336
4,5,15,13,2.4190304279327393
4,5,15,14,2.5962867736816406
4,5,15,15,2.598862886428833
4,5,15,16,2.2615582942962646
4,5,15,17,1.8853950500488281
4,5,15,18,2.261598587036133
4,5,15,19,2.261667490005493
4,5,15,20,2.261667490005493
4,5,16,1,2.367811679840088
4,5,16,2,1.857612133026123
4,5,16,3,1.8520712852478027
4,5,16,4,1.8419009447097778
4,5,16,5,2.450083017349243
4,5,16,6,2.4530506134033203
4,5,16,7,2.4497365951538086
4,5,16,8,2.571826457977295
4,5,16,9,2.3573806285858154
4,5,16,10,2.661735773086548
4,5,16,11,2.6424951553344727
4,5,16,12,2.6614601612091064
4,5,16,13,2.3684916496276855
4,5,16,14,2.676579713821411
4,5,16,15,2.6791558265686035
4,5,16,16,2.34181809425354
4,5,16,17,1.968044400215149
4,5,16,18,2.3418586254119873
4,5,16,19,2.3419275283813477
4,5,16,20,2.3419275283813477
4,5,17,1,2.3497743606567383
4,5,17,2,1.8706896305084229
4,5,17,3,1.834076166152954
4,5,17,4,1.8239059448242188
4,5,17,5,2.4320285320281982
4,5,17,6,2.4349961280822754
4,5,17,7,2.4316821098327637
4,5,17,8,2.5363781452178955
4,5,17,9,2.3315677642822266
4,5,17,10,2.6437020301818848
4,5,17,11,2.6244614124298096
4,5,17,12,2.6434264183044434
4,5,17,13,2.2625207901000977
4,5,17,14,2.658545970916748
4,5,17,15,2.6611220836639404
4,5,17,16,2.3237757682800293
4,5,17,17,1.9607741832733154
4,5,17,18,2.3238162994384766
4,5,17,19,2.323885202407837
4,5,17,20,2.323885202407837
4,5,18,1,2.1666476726531982
4,5,18,2,1.2272474765777588
4,5,18,3,1.4433077573776245
4,5,18,4,1.4574284553527832
4,5,18,5,2.304365873336792
4,5,18,6,2.307326078414917
4,5,18,7,2.3040122985839844
4,5,18,8,3.223947525024414
4,5,18,9,2.85422682762146
4,5,18,10,2.512068510055542
4,5,18,11,2.493715286254883
4,5,18,12,2.512740135192871
4,5,18,13,3.011683940887451
4,5,18,14,2.5273566246032715
4,5,18,15,2.529637575149536
4,5,18,16,2.198509931564331
4,5,18,17,1.7869212627410889
4,5,18,18,2.198552131652832
4,5,18,19,2.19873309135437
4,5,18,20,2.1987531185150146
4,5,19,1,2.215477228164673
4,5,19,2,1.5864150524139404
4,5,19,3,1.5590081214904785
4,5,19,4,1.579118013381958
4,5,19,5,2.351351737976074
4,5,19,6,2.3543126583099365
4,5,19,7,2.350998640060425
4,5,19,8,2.723822593688965
4,5,19,9,2.4741694927215576
4,5,19,10,2.560262680053711
4,5,19,11,2.5418694019317627
4,5,19,12,2.560875415802002
4,5,19,13,2.3735029697418213
4,5,19,14,2.5755348205566406
4,5,19,15,2.5777804851531982
4,5,19,16,2.250941276550293
4,5,19,17,1.8353807926177979
4,5,19,18,2.2509894371032715
4,5,19,19,2.2511541843414307
4,5,19,20,2.2511708736419678
4,5,20,1,2.3485782146453857
4,5,20,2,1.8922040462493896
4,5,20,3,1.8321058750152588
4,5,20,4,1.8219772577285767
4,5,20,5,2.430830240249634
4,5,20,6,2.433797836303711
4,5,20,7,2.4304840564727783
4,5,20,8,2.533695697784424
4,5,20,9,2.3288588523864746
4,5,20,10,2.6424200534820557
4,5,20,11,2.6231794357299805
4,5,20,12,2.642144203186035
4,5,20,13,2.2385807037353516
4,5,20,14,2.65726375579834
4,5,20,15,2.6598398685455322
4,5,20,16,2.3224806785583496
4,5,20,17,1.9678038358688354
4,5,20,18,2.3225228786468506
4,5,20,19,2.3226029872894287
4,5,20,20,2.3226029872894287
